bc_id,short_name,ncit_code,ncit_dec_code
C127127,4-(Methylnitrosamino)-1-(3-Pyridyl)-1-Butanol,C127127,C70713
C127127,4-(Methylnitrosamino)-1-(3-Pyridyl)-1-Butanol,C127127,C70856
C127127,4-(Methylnitrosamino)-1-(3-Pyridyl)-1-Butanol,C127127,C48207
C115789,6 Minute Walk Functional Test 2008 Version,C115789,C82525
C115789,6 Minute Walk Functional Test 2008 Version,C115789,C82515
C115789,6 Minute Walk Functional Test 2008 Version,C115789,C93300
C115789,6 Minute Walk Functional Test 2008 Version,C115789,C25372
C115789,6 Minute Walk Functional Test 2008 Version,C115789,C82556
C115800,6MWT - Distance at 1 Minute,C115800,C82515
C115800,6MWT - Distance at 1 Minute,C115800,C42578
C115800,6MWT - Distance at 1 Minute,C115800,C25372
C115800,6MWT - Distance at 1 Minute,C115800,C91106
C115800,6MWT - Distance at 1 Minute,C115800,C93300
C115801,6MWT - Distance at 2 Minutes,C115801,C25372
C115801,6MWT - Distance at 2 Minutes,C115801,C93300
C115801,6MWT - Distance at 2 Minutes,C115801,C42578
C115801,6MWT - Distance at 2 Minutes,C115801,C91106
C115801,6MWT - Distance at 2 Minutes,C115801,C82515
C115802,6MWT - Distance at 3 Minutes,C115802,C91106
C115802,6MWT - Distance at 3 Minutes,C115802,C42578
C115802,6MWT - Distance at 3 Minutes,C115802,C93300
C115802,6MWT - Distance at 3 Minutes,C115802,C82515
C115802,6MWT - Distance at 3 Minutes,C115802,C25372
C115803,6MWT - Distance at 4 Minutes,C115803,C25372
C115803,6MWT - Distance at 4 Minutes,C115803,C82515
C115803,6MWT - Distance at 4 Minutes,C115803,C93300
C115803,6MWT - Distance at 4 Minutes,C115803,C42578
C115803,6MWT - Distance at 4 Minutes,C115803,C91106
C115804,6MWT - Distance at 5 Minutes,C115804,C91106
C115804,6MWT - Distance at 5 Minutes,C115804,C82515
C115804,6MWT - Distance at 5 Minutes,C115804,C25372
C115804,6MWT - Distance at 5 Minutes,C115804,C93300
C115804,6MWT - Distance at 5 Minutes,C115804,C42578
C115805,6MWT - Distance at 6 Minutes,C115805,C82515
C115805,6MWT - Distance at 6 Minutes,C115805,C25372
C115805,6MWT - Distance at 6 Minutes,C115805,C93300
C115805,6MWT - Distance at 6 Minutes,C115805,C42578
C115805,6MWT - Distance at 6 Minutes,C115805,C91106
C115409,6MWT Functional Test Question,C115409,
C100106,ADAS-Cog CDISC Version Functional Test Question,C100106,
C102044,AIMS - Current Teeth/Dentures Problems,C102044,C82515
C102044,AIMS - Current Teeth/Dentures Problems,C102044,C46126
C102044,AIMS - Current Teeth/Dentures Problems,C102044,C25692
C102044,AIMS - Current Teeth/Dentures Problems,C102044,C25372
C102044,AIMS - Current Teeth/Dentures Problems,C102044,C91106
C102042,AIMS - Incapacitation Due to Abnormal Movements,C102042,C91106
C102042,AIMS - Incapacitation Due to Abnormal Movements,C102042,C46126
C102042,AIMS - Incapacitation Due to Abnormal Movements,C102042,C82515
C102042,AIMS - Incapacitation Due to Abnormal Movements,C102042,C25692
C102042,AIMS - Incapacitation Due to Abnormal Movements,C102042,C25372
C102036,AIMS - Jaw,C102036,C82515
C102036,AIMS - Jaw,C102036,C25692
C102036,AIMS - Jaw,C102036,C25372
C102036,AIMS - Jaw,C102036,C46126
C102036,AIMS - Jaw,C102036,C91106
C102035,AIMS - Lips and Perioral Area,C102035,C46126
C102035,AIMS - Lips and Perioral Area,C102035,C82515
C102035,AIMS - Lips and Perioral Area,C102035,C25372
C102035,AIMS - Lips and Perioral Area,C102035,C25692
C102035,AIMS - Lips and Perioral Area,C102035,C91106
C102039,AIMS - Lower Extremities,C102039,C25372
C102039,AIMS - Lower Extremities,C102039,C25692
C102039,AIMS - Lower Extremities,C102039,C91106
C102039,AIMS - Lower Extremities,C102039,C82515
C102039,AIMS - Lower Extremities,C102039,C46126
C102034,AIMS - Muscles of Facial Expression,C102034,C25692
C102034,AIMS - Muscles of Facial Expression,C102034,C82515
C102034,AIMS - Muscles of Facial Expression,C102034,C91106
C102034,AIMS - Muscles of Facial Expression,C102034,C46126
C102034,AIMS - Muscles of Facial Expression,C102034,C25372
C102040,"AIMS - Neck, Shoulders, Hips",C102040,C82515
C102040,"AIMS - Neck, Shoulders, Hips",C102040,C25372
C102040,"AIMS - Neck, Shoulders, Hips",C102040,C25692
C102040,"AIMS - Neck, Shoulders, Hips",C102040,C91106
C102040,"AIMS - Neck, Shoulders, Hips",C102040,C46126
C102045,AIMS - Patient Usually Wears Dentures,C102045,C91106
C102045,AIMS - Patient Usually Wears Dentures,C102045,C46126
C102045,AIMS - Patient Usually Wears Dentures,C102045,C82515
C102045,AIMS - Patient Usually Wears Dentures,C102045,C25372
C102045,AIMS - Patient Usually Wears Dentures,C102045,C25692
C102043,AIMS - Patient's Awareness of Abnormal Movements,C102043,C46126
C102043,AIMS - Patient's Awareness of Abnormal Movements,C102043,C82515
C102043,AIMS - Patient's Awareness of Abnormal Movements,C102043,C25372
C102043,AIMS - Patient's Awareness of Abnormal Movements,C102043,C25692
C102043,AIMS - Patient's Awareness of Abnormal Movements,C102043,C91106
C102041,AIMS - Severity of Abnormal Movements,C102041,C91106
C102041,AIMS - Severity of Abnormal Movements,C102041,C46126
C102041,AIMS - Severity of Abnormal Movements,C102041,C82515
C102041,AIMS - Severity of Abnormal Movements,C102041,C25692
C102041,AIMS - Severity of Abnormal Movements,C102041,C25372
C102037,AIMS - Tongue,C102037,C46126
C102037,AIMS - Tongue,C102037,C91106
C102037,AIMS - Tongue,C102037,C25372
C102037,AIMS - Tongue,C102037,C25692
C102037,AIMS - Tongue,C102037,C82515
C102038,AIMS - Upper Extremities,C102038,C25372
C102038,AIMS - Upper Extremities,C102038,C46126
C102038,AIMS - Upper Extremities,C102038,C91106
C102038,AIMS - Upper Extremities,C102038,C25692
C102038,AIMS - Upper Extremities,C102038,C82515
C101869,AIMS Clinical Classification Question,C101869,
C177561,AJCC Cancer Staging Manual,C177561,
C125755,AJCC Cancer Staging Manual 7th Edition,C125755,
C141699,AJCC v7 - Anatomic Stage,C141699,C25372
C141699,AJCC v7 - Anatomic Stage,C141699,C25692
C141699,AJCC v7 - Anatomic Stage,C141699,C91106
C141699,AJCC v7 - Anatomic Stage,C141699,C46126
C141699,AJCC v7 - Anatomic Stage,C141699,C82515
C141698,AJCC v7 - Distant Metastasis (M),C141698,C25692
C141698,AJCC v7 - Distant Metastasis (M),C141698,C91106
C141698,AJCC v7 - Distant Metastasis (M),C141698,C46126
C141698,AJCC v7 - Distant Metastasis (M),C141698,C82515
C141698,AJCC v7 - Distant Metastasis (M),C141698,C25372
C141696,AJCC v7 - Primary Tumor (T),C141696,C25692
C141696,AJCC v7 - Primary Tumor (T),C141696,C91106
C141696,AJCC v7 - Primary Tumor (T),C141696,C46126
C141696,AJCC v7 - Primary Tumor (T),C141696,C82515
C141696,AJCC v7 - Primary Tumor (T),C141696,C25372
C141697,AJCC v7 - Regional Lymph Nodes (N),C141697,C82515
C141697,AJCC v7 - Regional Lymph Nodes (N),C141697,C46126
C141697,AJCC v7 - Regional Lymph Nodes (N),C141697,C91106
C141697,AJCC v7 - Regional Lymph Nodes (N),C141697,C25692
C141697,AJCC v7 - Regional Lymph Nodes (N),C141697,C25372
C176205,AJCC v7 - Residual Tumor (R),C176205,C46126
C176205,AJCC v7 - Residual Tumor (R),C176205,C91106
C176205,AJCC v7 - Residual Tumor (R),C176205,C25692
C176205,AJCC v7 - Residual Tumor (R),C176205,C25372
C176205,AJCC v7 - Residual Tumor (R),C176205,C82515
C141675,AJCC v7 Clinical Classification Question,C141675,
C121109,APACHE II - 15 Minus Glasgow Coma Score,C121109,C25372
C121109,APACHE II - 15 Minus Glasgow Coma Score,C121109,C91106
C121109,APACHE II - 15 Minus Glasgow Coma Score,C121109,C82515
C121109,APACHE II - 15 Minus Glasgow Coma Score,C121109,C46126
C121110,"APACHE II - A, Total Acute Physiology Score",C121110,C91106
C121110,"APACHE II - A, Total Acute Physiology Score",C121110,C46126
C121110,"APACHE II - A, Total Acute Physiology Score",C121110,C25372
C121110,"APACHE II - A, Total Acute Physiology Score",C121110,C82515
C121102,APACHE II - Arterial pH,C121102,C91106
C121102,APACHE II - Arterial pH,C121102,C46126
C121102,APACHE II - Arterial pH,C121102,C82515
C121102,APACHE II - Arterial pH,C121102,C25372
C121111,"APACHE II - B, Age Points",C121111,C46126
C121111,"APACHE II - B, Age Points",C121111,C82515
C121111,"APACHE II - B, Age Points",C121111,C44278
C121111,"APACHE II - B, Age Points",C121111,C91106
C121111,"APACHE II - B, Age Points",C121111,C25372
C121112,"APACHE II - C, Chronic Health Points",C121112,C46126
C121112,"APACHE II - C, Chronic Health Points",C121112,C91106
C121112,"APACHE II - C, Chronic Health Points",C121112,C25372
C121112,"APACHE II - C, Chronic Health Points",C121112,C82515
C121098,APACHE II - Heart Rate,C121098,C82515
C121098,APACHE II - Heart Rate,C121098,C44278
C121098,APACHE II - Heart Rate,C121098,C25372
C121098,APACHE II - Heart Rate,C121098,C91106
C121098,APACHE II - Heart Rate,C121098,C46126
C121107,APACHE II - Hematocrit,C121107,C44278
C121107,APACHE II - Hematocrit,C121107,C46126
C121107,APACHE II - Hematocrit,C121107,C82515
C121107,APACHE II - Hematocrit,C121107,C25372
C121107,APACHE II - Hematocrit,C121107,C91106
C121097,APACHE II - Mean Arterial Pressure,C121097,C82515
C121097,APACHE II - Mean Arterial Pressure,C121097,C44278
C121097,APACHE II - Mean Arterial Pressure,C121097,C25372
C121097,APACHE II - Mean Arterial Pressure,C121097,C91106
C121097,APACHE II - Mean Arterial Pressure,C121097,C46126
C121100,"APACHE II - Oxygenation, A-aDO2",C121100,C44278
C121100,"APACHE II - Oxygenation, A-aDO2",C121100,C82515
C121100,"APACHE II - Oxygenation, A-aDO2",C121100,C46126
C121100,"APACHE II - Oxygenation, A-aDO2",C121100,C25372
C121100,"APACHE II - Oxygenation, A-aDO2",C121100,C91106
C121101,"APACHE II - Oxygenation, PaO2",C121101,C46126
C121101,"APACHE II - Oxygenation, PaO2",C121101,C25372
C121101,"APACHE II - Oxygenation, PaO2",C121101,C44278
C121101,"APACHE II - Oxygenation, PaO2",C121101,C82515
C121101,"APACHE II - Oxygenation, PaO2",C121101,C91106
C121099,APACHE II - Respiratory Rate,C121099,C46126
C121099,APACHE II - Respiratory Rate,C121099,C91106
C121099,APACHE II - Respiratory Rate,C121099,C44278
C121099,APACHE II - Respiratory Rate,C121099,C82515
C121099,APACHE II - Respiratory Rate,C121099,C25372
C121106,APACHE II - Serum Creatinine,C121106,C91106
C121106,APACHE II - Serum Creatinine,C121106,C46126
C121106,APACHE II - Serum Creatinine,C121106,C44278
C121106,APACHE II - Serum Creatinine,C121106,C25372
C121106,APACHE II - Serum Creatinine,C121106,C82515
C121103,APACHE II - Serum HCO3,C121103,C46126
C121103,APACHE II - Serum HCO3,C121103,C44278
C121103,APACHE II - Serum HCO3,C121103,C82515
C121103,APACHE II - Serum HCO3,C121103,C25372
C121103,APACHE II - Serum HCO3,C121103,C91106
C121105,APACHE II - Serum Potassium,C121105,C46126
C121105,APACHE II - Serum Potassium,C121105,C25372
C121105,APACHE II - Serum Potassium,C121105,C44278
C121105,APACHE II - Serum Potassium,C121105,C82515
C121105,APACHE II - Serum Potassium,C121105,C91106
C121104,APACHE II - Serum Sodium,C121104,C44278
C121104,APACHE II - Serum Sodium,C121104,C25372
C121104,APACHE II - Serum Sodium,C121104,C82515
C121104,APACHE II - Serum Sodium,C121104,C46126
C121104,APACHE II - Serum Sodium,C121104,C91106
C121096,"APACHE II - Temperature, Rectal",C121096,C82515
C121096,"APACHE II - Temperature, Rectal",C121096,C46126
C121096,"APACHE II - Temperature, Rectal",C121096,C91106
C121096,"APACHE II - Temperature, Rectal",C121096,C25372
C121096,"APACHE II - Temperature, Rectal",C121096,C44278
C121096,"APACHE II - Temperature, Rectal",C121096,C13717
C121113,APACHE II - Total APACHE II Score,C121113,C82515
C121113,APACHE II - Total APACHE II Score,C121113,C91106
C121113,APACHE II - Total APACHE II Score,C121113,C46126
C121113,APACHE II - Total APACHE II Score,C121113,C25372
C121108,APACHE II - White Blood Count,C121108,C82515
C121108,APACHE II - White Blood Count,C121108,C91106
C121108,APACHE II - White Blood Count,C121108,C25372
C121108,APACHE II - White Blood Count,C121108,C44278
C121108,APACHE II - White Blood Count,C121108,C46126
C120994,APACHE II Clinical Classification Question,C120994,
C147843,ATLAS - Age,C147843,C50400
C147843,ATLAS - Age,C147843,C82515
C147843,ATLAS - Age,C147843,C91106
C147843,ATLAS - Age,C147843,C46126
C147843,ATLAS - Age,C147843,C25372
C147846,ATLAS - Albumin,C147846,C46126
C147846,ATLAS - Albumin,C147846,C82515
C147846,ATLAS - Albumin,C147846,C91106
C147846,ATLAS - Albumin,C147846,C48207
C147846,ATLAS - Albumin,C147846,C25372
C147845,ATLAS - Leukocyte Count,C147845,C91106
C147845,ATLAS - Leukocyte Count,C147845,C25372
C147845,ATLAS - Leukocyte Count,C147845,C82515
C147845,ATLAS - Leukocyte Count,C147845,C46126
C147848,ATLAS - Score,C147848,C82515
C147848,ATLAS - Score,C147848,C25372
C147848,ATLAS - Score,C147848,C46126
C147848,ATLAS - Score,C147848,C91106
C147847,ATLAS - Serum Creatinine,C147847,C48207
C147847,ATLAS - Serum Creatinine,C147847,C25372
C147847,ATLAS - Serum Creatinine,C147847,C82515
C147847,ATLAS - Serum Creatinine,C147847,C91106
C147847,ATLAS - Serum Creatinine,C147847,C46126
C147844,ATLAS - Treatment With Antibiotics,C147844,C46126
C147844,ATLAS - Treatment With Antibiotics,C147844,C91106
C147844,ATLAS - Treatment With Antibiotics,C147844,C25372
C147844,ATLAS - Treatment With Antibiotics,C147844,C82515
C147551,ATLAS Clinical Classification Question,C147551,
C147589,ATLAS Score Clinical Classification,C147589,C82556
C147589,ATLAS Score Clinical Classification,C147589,C82515
C147589,ATLAS Score Clinical Classification,C147589,C25372
C147589,ATLAS Score Clinical Classification,C147589,C82525
C103346,Abdominal Skinfold Thickness,C103346,C70856
C103346,Abdominal Skinfold Thickness,C103346,C82515
C103346,Abdominal Skinfold Thickness,C103346,C42578
C154889,Abnormal Bleeding Indicator,C154889,C82515
C154889,Abnormal Bleeding Indicator,C154889,C13717
C154889,Abnormal Bleeding Indicator,C154889,C70856
C154889,Abnormal Bleeding Indicator,C154889,C25185
C35553,Abnormal Blood Chemistry and Hematology Test Result,C35553,
C82547,Abnormal Finding,C82547,
C93491,Abnormal Indicator,C93491,
C102111,Abnormal Involuntary Movement Scale Clinical Classification,C102111,C82515
C102111,Abnormal Involuntary Movement Scale Clinical Classification,C102111,C82525
C102111,Abnormal Involuntary Movement Scale Clinical Classification,C102111,C82556
C102111,Abnormal Involuntary Movement Scale Clinical Classification,C102111,C25372
C64470,Absolute Basophil Count,C64470,C70713
C64470,Absolute Basophil Count,C64470,C70856
C64470,Absolute Basophil Count,C64470,C93566
C64470,Absolute Basophil Count,C64470,C67391
C64470,Absolute Basophil Count,C64470,C82515
C63321,Absolute Neutrophil Count,C63321,C93566
C63321,Absolute Neutrophil Count,C63321,C70856
C63321,Absolute Neutrophil Count,C63321,C67391
C63321,Absolute Neutrophil Count,C63321,C82515
C63321,Absolute Neutrophil Count,C63321,C70713
C123424,Academic Research Council Coronary Stent Thrombosis Timing,C123424,C25692
C123424,Academic Research Council Coronary Stent Thrombosis Timing,C123424,C70856
C123424,Academic Research Council Coronary Stent Thrombosis Timing,C123424,C82546
C123424,Academic Research Council Coronary Stent Thrombosis Timing,C123424,C25372
C123424,Academic Research Council Coronary Stent Thrombosis Timing,C123424,C117050
C123424,Academic Research Council Coronary Stent Thrombosis Timing,C123424,C82515
C38462,Activated Partial Thromboplastin Time,C38462,C82515
C38462,Activated Partial Thromboplastin Time,C38462,C70856
C38462,Activated Partial Thromboplastin Time,C38462,C42574
C38462,Activated Partial Thromboplastin Time,C38462,C70713
C38462,Activated Partial Thromboplastin Time,C38462,C93566
C68609,Active Comparator,C68609,
C68612,Active Comparator Drug,C68612,C49691
C68612,Active Comparator Drug,C68612,C83445
C68612,Active Comparator Drug,C68612,C117460
C68612,Active Comparator Drug,C68612,C117458
C68612,Active Comparator Drug,C68612,C83447
C204695,Actively Menstruating Indicator,C204695,C70856
C204695,Actively Menstruating Indicator,C204695,C82515
C178050,Actual Date of Delivery,C178050,C82515
C178050,Actual Date of Delivery,C178050,C70856
C98703,Actual Subject Number,C98703,C49691
C98703,Actual Subject Number,C98703,C83447
C98703,Actual Subject Number,C98703,C83445
C119239,Acute Myocardial Infarction From PCI Complication Type,C119239,C117050
C119239,Acute Myocardial Infarction From PCI Complication Type,C119239,C82515
C119239,Acute Myocardial Infarction From PCI Complication Type,C119239,C70856
C119239,Acute Myocardial Infarction From PCI Complication Type,C119239,C25692
C119239,Acute Myocardial Infarction From PCI Complication Type,C119239,C25372
C119239,Acute Myocardial Infarction From PCI Complication Type,C119239,C82546
C118936,Acute Myocardial Infarction Type,C118936,C117050
C118936,Acute Myocardial Infarction Type,C118936,C25692
C118936,Acute Myocardial Infarction Type,C118936,C82535
C118936,Acute Myocardial Infarction Type,C118936,C70856
C118936,Acute Myocardial Infarction Type,C118936,C25372
C118936,Acute Myocardial Infarction Type,C118936,C82515
C118936,Acute Myocardial Infarction Type,C118936,C82546
C118936,Acute Myocardial Infarction Type,C118936,C51824
C121005,Acute Physiology and Chronic Health Evaluation II Clinical Classification,C121005,C82556
C121005,Acute Physiology and Chronic Health Evaluation II Clinical Classification,C121005,C82515
C121005,Acute Physiology and Chronic Health Evaluation II Clinical Classification,C121005,C25372
C121005,Acute Physiology and Chronic Health Evaluation II Clinical Classification,C121005,C82525
C146995,Adaptive Study Design Indicator,C146995,C117458
C146995,Adaptive Study Design Indicator,C146995,C117461
C146995,Adaptive Study Design Indicator,C146995,C117460
C146995,Adaptive Study Design Indicator,C146995,C83447
C146995,Adaptive Study Design Indicator,C146995,C83445
C146995,Adaptive Study Design Indicator,C146995,C49691
C189634,Additional Disease-Related Findings,C189634,C82515
C189634,Additional Disease-Related Findings,C189634,C70856
C156601,Additional Outcome Measure,C156601,C83445
C156601,Additional Outcome Measure,C156601,C49691
C156601,Additional Outcome Measure,C156601,C83447
C189362,Adrenarche Age,C189362,C82515
C189362,Adrenarche Age,C189362,C70856
C189362,Adrenarche Age,C189362,C50400
C83347,Adverse Event Yes No Indicator,C83347,C83347
C83347,Adverse Event Yes No Indicator,C83347,C82515
C41331,Adverse Event [RETIRED],C41331,
C25150,Age,C25150,
C69217,Age Started,C69217,
C135383,Age at Death,C135383,C50400
C135383,Age at Death,C135383,C70856
C135383,Age at Death,C135383,C82515
C201481,Age at First Oral Sex,C201481,C82515
C201481,Age at First Oral Sex,C201481,C70856
C201481,Age at First Oral Sex,C201481,C50400
C201480,Age at First Sexual Intercourse,C201480,C82515
C201480,Age at First Sexual Intercourse,C201480,C50400
C201480,Age at First Sexual Intercourse,C201480,C70856
C19666,Age at Menarche,C19666,C50400
C19666,Age at Menarche,C19666,C82515
C19666,Age at Menarche,C19666,C70856
C106497,Age at Menopause,C106497,C82515
C106497,Age at Menopause,C106497,C70856
C106497,Age at Menopause,C106497,C50400
C1708,Agent,C1708,
C117773,Aggregate PR Interval,C117773,C62164
C117773,Aggregate PR Interval,C117773,C25330
C117773,Aggregate PR Interval,C117773,C82535
C117773,Aggregate PR Interval,C117773,C51824
C117773,Aggregate PR Interval,C117773,C50282
C117773,Aggregate PR Interval,C117773,C25372
C117773,Aggregate PR Interval,C117773,C42574
C117773,Aggregate PR Interval,C117773,C82515
C117773,Aggregate PR Interval,C117773,C82516
C117779,Aggregate QRS Duration,C117779,C50282
C117779,Aggregate QRS Duration,C117779,C82516
C117779,Aggregate QRS Duration,C117779,C42574
C117779,Aggregate QRS Duration,C117779,C82515
C117779,Aggregate QRS Duration,C117779,C62164
C117779,Aggregate QRS Duration,C117779,C82535
C117779,Aggregate QRS Duration,C117779,C51824
C117779,Aggregate QRS Duration,C117779,C25330
C117779,Aggregate QRS Duration,C117779,C25372
C117783,Aggregate QT Interval,C117783,C42574
C117783,Aggregate QT Interval,C117783,C82515
C117783,Aggregate QT Interval,C117783,C25330
C117783,Aggregate QT Interval,C117783,C82535
C117783,Aggregate QT Interval,C117783,C25372
C117783,Aggregate QT Interval,C117783,C82516
C117783,Aggregate QT Interval,C117783,C50282
C117783,Aggregate QT Interval,C117783,C51824
C117783,Aggregate QT Interval,C117783,C62164
C117784,Aggregate QTCB Interval,C117784,C82515
C117784,Aggregate QTCB Interval,C117784,C82516
C117784,Aggregate QTCB Interval,C117784,C25330
C117784,Aggregate QTCB Interval,C117784,C51824
C117784,Aggregate QTCB Interval,C117784,C82535
C117784,Aggregate QTCB Interval,C117784,C62164
C117784,Aggregate QTCB Interval,C117784,C42574
C117784,Aggregate QTCB Interval,C117784,C50282
C117784,Aggregate QTCB Interval,C117784,C25372
C117786,Aggregate QTCF Interval,C117786,C82535
C117786,Aggregate QTCF Interval,C117786,C42574
C117786,Aggregate QTCF Interval,C117786,C82516
C117786,Aggregate QTCF Interval,C117786,C25330
C117786,Aggregate QTCF Interval,C117786,C62164
C117786,Aggregate QTCF Interval,C117786,C82515
C117786,Aggregate QTCF Interval,C117786,C50282
C117786,Aggregate QTCF Interval,C117786,C51824
C117786,Aggregate QTCF Interval,C117786,C25372
C117791,Aggregate RR Interval,C117791,C51824
C117791,Aggregate RR Interval,C117791,C42574
C117791,Aggregate RR Interval,C117791,C62164
C117791,Aggregate RR Interval,C117791,C25330
C117791,Aggregate RR Interval,C117791,C82516
C117791,Aggregate RR Interval,C117791,C82535
C117791,Aggregate RR Interval,C117791,C82515
C117791,Aggregate RR Interval,C117791,C25372
C117791,Aggregate RR Interval,C117791,C50282
C170620,Air Trapping Measurement,C170620,C70856
C170620,Air Trapping Measurement,C170620,C82515
C170620,Air Trapping Measurement,C170620,C44279
C124422,Airway Conductance,C124422,C82515
C124422,Airway Conductance,C124422,C70856
C120927,Airway Resistance,C120927,C67332
C120927,Airway Resistance,C120927,C70856
C120927,Airway Resistance,C120927,C82515
C170457,Airway Volume,C170457,C82515
C170457,Airway Volume,C170457,C70856
C170457,Airway Volume,C170457,C44279
C170619,Airway Wall Volume,C170619,C44279
C170619,Airway Wall Volume,C170619,C70856
C170619,Airway Wall Volume,C170619,C82515
C64433,Alanine Aminotransferase Measurement,C64433,C70856
C64433,Alanine Aminotransferase Measurement,C64433,C82515
C64433,Alanine Aminotransferase Measurement,C64433,C70713
C64433,Alanine Aminotransferase Measurement,C64433,C67365
C64433,Alanine Aminotransferase Measurement,C64433,C93566
C64431,Albumin Measurement,C64431,C82515
C64431,Albumin Measurement,C64431,C70856
C64431,Albumin Measurement,C64431,C48207
C64431,Albumin Measurement,C64431,C93566
C64431,Albumin Measurement,C64431,C70713
C74761,Albumin to Creatinine Ratio Measurement,C74761,C82515
C74761,Albumin to Creatinine Ratio Measurement,C74761,C70713
C74761,Albumin to Creatinine Ratio Measurement,C74761,C70856
C74761,Albumin to Creatinine Ratio Measurement,C74761,C179809
C74761,Albumin to Creatinine Ratio Measurement,C74761,C93566
C103453,Albumin to Total Protein Ratio Measurement,C103453,C82515
C103453,Albumin to Total Protein Ratio Measurement,C103453,C70713
C103453,Albumin to Total Protein Ratio Measurement,C103453,C70856
C103453,Albumin to Total Protein Ratio Measurement,C103453,C48566
C103453,Albumin to Total Protein Ratio Measurement,C103453,C93566
C81229,Alcohol Use History,C81229,C82574
C81229,Alcohol Use History,C81229,C82557
C81229,Alcohol Use History,C81229,C82575
C81229,Alcohol Use History,C81229,C82560
C81229,Alcohol Use History,C81229,C82559
C81229,Alcohol Use History,C81229,C162326
C81229,Alcohol Use History,C81229,C83038
C81229,Alcohol Use History,C81229,C83419
C81229,Alcohol Use History,C81229,C83044
C81229,Alcohol Use History,C81229,C83431
C81229,Alcohol Use History,C81229,C83041
C81229,Alcohol Use History,C81229,C83416
C81229,Alcohol Use History,C81229,C83092
C81229,Alcohol Use History,C81229,C127786
C81229,Alcohol Use History,C81229,C171000
C81229,Alcohol Use History,C81229,C25692
C81229,Alcohol Use History,C81229,C25372
C81229,Alcohol Use History,C81229,C82558
C16275,Algorithm,C16275,
C64432,Alkaline Phosphatase Measurement,C64432,C93566
C64432,Alkaline Phosphatase Measurement,C64432,C67365
C64432,Alkaline Phosphatase Measurement,C64432,C70713
C64432,Alkaline Phosphatase Measurement,C64432,C82515
C64432,Alkaline Phosphatase Measurement,C64432,C70856
C112221,Allergen Skin Response Index Measurement,C112221,C70856
C112221,Allergen Skin Response Index Measurement,C112221,C82515
C112221,Allergen Skin Response Index Measurement,C112221,C13717
C112221,Allergen Skin Response Index Measurement,C112221,C82546
C112221,Allergen Skin Response Index Measurement,C112221,C25185
C112221,Allergen Skin Response Index Measurement,C112221,C82535
C112222,Allergen Skin Response Intensity Measurement,C112222,C82515
C112222,Allergen Skin Response Intensity Measurement,C112222,C82535
C112222,Allergen Skin Response Intensity Measurement,C112222,C25185
C112222,Allergen Skin Response Intensity Measurement,C112222,C13717
C112222,Allergen Skin Response Intensity Measurement,C112222,C70856
C112222,Allergen Skin Response Intensity Measurement,C112222,C82546
C182150,Allergen-induced Antibody Measurement,C182150,
C187776,Allergen-induced IgA Antibody Measurement,C187776,C25372
C187776,Allergen-induced IgA Antibody Measurement,C187776,C82535
C187776,Allergen-induced IgA Antibody Measurement,C187776,C218437
C187776,Allergen-induced IgA Antibody Measurement,C187776,C70856
C187776,Allergen-induced IgA Antibody Measurement,C187776,C70713
C187776,Allergen-induced IgA Antibody Measurement,C187776,C82515
C187776,Allergen-induced IgA Antibody Measurement,C187776,C25692
C187776,Allergen-induced IgA Antibody Measurement,C187776,C48207
C187776,Allergen-induced IgA Antibody Measurement,C187776,C42647
C181398,Allergen-induced IgE Antibody Measurement,C181398,C25372
C181398,Allergen-induced IgE Antibody Measurement,C181398,C46126
C181398,Allergen-induced IgE Antibody Measurement,C181398,C70856
C181398,Allergen-induced IgE Antibody Measurement,C181398,C48207
C181398,Allergen-induced IgE Antibody Measurement,C181398,C70713
C181398,Allergen-induced IgE Antibody Measurement,C181398,C82535
C181398,Allergen-induced IgE Antibody Measurement,C181398,C82515
C181398,Allergen-induced IgE Antibody Measurement,C181398,C42647
C181398,Allergen-induced IgE Antibody Measurement,C181398,C25692
C181398,Allergen-induced IgE Antibody Measurement,C181398,C117062
C181398,Allergen-induced IgE Antibody Measurement,C181398,C218437
C187777,Allergen-induced IgG Antibody Measurement,C187777,C70713
C187777,Allergen-induced IgG Antibody Measurement,C187777,C82535
C187777,Allergen-induced IgG Antibody Measurement,C187777,C48207
C187777,Allergen-induced IgG Antibody Measurement,C187777,C70856
C187777,Allergen-induced IgG Antibody Measurement,C187777,C46126
C187777,Allergen-induced IgG Antibody Measurement,C187777,C117062
C187777,Allergen-induced IgG Antibody Measurement,C187777,C218437
C187777,Allergen-induced IgG Antibody Measurement,C187777,C42647
C187777,Allergen-induced IgG Antibody Measurement,C187777,C25692
C187777,Allergen-induced IgG Antibody Measurement,C187777,C25372
C187777,Allergen-induced IgG Antibody Measurement,C187777,C82515
C187779,Allergen-induced IgM Antibody Measurement,C187779,C82515
C187779,Allergen-induced IgM Antibody Measurement,C187779,C70713
C187779,Allergen-induced IgM Antibody Measurement,C187779,C48207
C187779,Allergen-induced IgM Antibody Measurement,C187779,C70856
C187779,Allergen-induced IgM Antibody Measurement,C187779,C218437
C187779,Allergen-induced IgM Antibody Measurement,C187779,C42647
C187779,Allergen-induced IgM Antibody Measurement,C187779,C25692
C187779,Allergen-induced IgM Antibody Measurement,C187779,C25372
C187779,Allergen-induced IgM Antibody Measurement,C187779,C82535
C191306,Alpha Angle of the Hip,C191306,C25185
C191306,Alpha Angle of the Hip,C191306,C82515
C191306,Alpha Angle of the Hip,C191306,C68667
C191306,Alpha Angle of the Hip,C191306,C82535
C191306,Alpha Angle of the Hip,C191306,C13717
C191306,Alpha Angle of the Hip,C191306,C70856
C156584,Alveolar Volume,C156584,C82515
C156584,Alveolar Volume,C156584,C70856
C156584,Alveolar Volume,C156584,C44279
C100762,Alzheimer's Disease Assessment Scale-Cognitive CDISC Version Functional Test,C100762,C82556
C100762,Alzheimer's Disease Assessment Scale-Cognitive CDISC Version Functional Test,C100762,C82525
C100762,Alzheimer's Disease Assessment Scale-Cognitive CDISC Version Functional Test,C100762,C82515
C100762,Alzheimer's Disease Assessment Scale-Cognitive CDISC Version Functional Test,C100762,C25372
C25391,Analysis,C25391,
C156564,Anatomic Response,C156564,C82515
C156564,Anatomic Response,C156564,C117043
C156564,Anatomic Response,C156564,C51824
C156564,Anatomic Response,C156564,C25372
C156564,Anatomic Response,C156564,C70856
C172255,Anatomical Circumference,C172255,
C74797,Anisocyte Measurement,C74797,C82515
C74797,Anisocyte Measurement,C74797,C93566
C74797,Anisocyte Measurement,C74797,C70856
C74797,Anisocyte Measurement,C74797,C70713
C87304,Ankle-Brachial Index,C87304,C82515
C87304,Ankle-Brachial Index,C87304,C70856
C210010,Antibody Measurement,C210010,
C156629,Anticipated Adverse Event [RETIRED],C156629,C83214
C156629,Anticipated Adverse Event [RETIRED],C156629,C84266
C156629,Anticipated Adverse Event [RETIRED],C156629,C83052
C156629,Anticipated Adverse Event [RETIRED],C156629,C48275
C156629,Anticipated Adverse Event [RETIRED],C156629,C83117
C156629,Anticipated Adverse Event [RETIRED],C156629,C83053
C156629,Anticipated Adverse Event [RETIRED],C156629,C83201
C156629,Anticipated Adverse Event [RETIRED],C156629,C83199
C156629,Anticipated Adverse Event [RETIRED],C156629,C83208
C156629,Anticipated Adverse Event [RETIRED],C156629,C83344
C156629,Anticipated Adverse Event [RETIRED],C156629,C83211
C156629,Anticipated Adverse Event [RETIRED],C156629,C83198
C156629,Anticipated Adverse Event [RETIRED],C156629,C78605
C156629,Anticipated Adverse Event [RETIRED],C156629,C83013
C156629,Anticipated Adverse Event [RETIRED],C156629,C83205
C156629,Anticipated Adverse Event [RETIRED],C156629,C49489
C156629,Anticipated Adverse Event [RETIRED],C156629,C87840
C156629,Anticipated Adverse Event [RETIRED],C156629,C78541
C156629,Anticipated Adverse Event [RETIRED],C156629,C83212
C156629,Anticipated Adverse Event [RETIRED],C156629,C53253
C156629,Anticipated Adverse Event [RETIRED],C156629,C53252
C156629,Anticipated Adverse Event [RETIRED],C156629,C83109
C156629,Anticipated Adverse Event [RETIRED],C156629,C41358
C156629,Anticipated Adverse Event [RETIRED],C156629,C83210
C156629,Anticipated Adverse Event [RETIRED],C156629,C113380
C156629,Anticipated Adverse Event [RETIRED],C156629,C83215
C112281,Antigenic Skin Flare Longest Diameter Measurement,C112281,C70856
C112281,Antigenic Skin Flare Longest Diameter Measurement,C112281,C13717
C112281,Antigenic Skin Flare Longest Diameter Measurement,C112281,C25185
C112281,Antigenic Skin Flare Longest Diameter Measurement,C112281,C82515
C112281,Antigenic Skin Flare Longest Diameter Measurement,C112281,C82546
C112281,Antigenic Skin Flare Longest Diameter Measurement,C112281,C42578
C112281,Antigenic Skin Flare Longest Diameter Measurement,C112281,C82535
C112282,Antigenic Skin Flare Mean Diameter Measurement,C112282,C82546
C112282,Antigenic Skin Flare Mean Diameter Measurement,C112282,C70856
C112282,Antigenic Skin Flare Mean Diameter Measurement,C112282,C42578
C112282,Antigenic Skin Flare Mean Diameter Measurement,C112282,C13717
C112282,Antigenic Skin Flare Mean Diameter Measurement,C112282,C25185
C112282,Antigenic Skin Flare Mean Diameter Measurement,C112282,C82535
C112282,Antigenic Skin Flare Mean Diameter Measurement,C112282,C82515
C112283,Antigenic Skin Flare Size Measurement,C112283,C70856
C112283,Antigenic Skin Flare Size Measurement,C112283,C82546
C112283,Antigenic Skin Flare Size Measurement,C112283,C13717
C112283,Antigenic Skin Flare Size Measurement,C112283,C25185
C112283,Antigenic Skin Flare Size Measurement,C112283,C82535
C112283,Antigenic Skin Flare Size Measurement,C112283,C82515
C178018,Appendicular Skeletal Muscle Mass Measurement,C178018,C25185
C178018,Appendicular Skeletal Muscle Mass Measurement,C178018,C82535
C178018,Appendicular Skeletal Muscle Mass Measurement,C178018,C70856
C178018,Appendicular Skeletal Muscle Mass Measurement,C178018,C82515
C178018,Appendicular Skeletal Muscle Mass Measurement,C178018,C13717
C178018,Appendicular Skeletal Muscle Mass Measurement,C178018,C42579
C61186,Applicant,C61186,
C171499,Appropriate Developmental Age Indicator,C171499,C70856
C171499,Appropriate Developmental Age Indicator,C171499,C82515
C171499,Appropriate Developmental Age Indicator,C171499,C25372
C181553,Arm Span,C181553,C70856
C181553,Arm Span,C181553,C82515
C181553,Arm Span,C181553,C42578
C71252,Arterial Blood Gas Measurement,C71252,
C64467,Aspartate Aminotransferase Measurement,C64467,C70713
C64467,Aspartate Aminotransferase Measurement,C64467,C70856
C64467,Aspartate Aminotransferase Measurement,C64467,C93566
C64467,Aspartate Aminotransferase Measurement,C64467,C82515
C64467,Aspartate Aminotransferase Measurement,C64467,C67365
C60819,Assay,C60819,
C111131,Atrioventricular Conduction ECG Assessment,C111131,C70856
C111131,Atrioventricular Conduction ECG Assessment,C111131,C62164
C111131,Atrioventricular Conduction ECG Assessment,C111131,C51824
C111131,Atrioventricular Conduction ECG Assessment,C111131,C50282
C111131,Atrioventricular Conduction ECG Assessment,C111131,C82515
C111131,Atrioventricular Conduction ECG Assessment,C111131,C25372
C111131,Atrioventricular Conduction ECG Assessment,C111131,C82535
C181397,Autoantibody Measurement,C181397,
C186741,Automated Breast Ultrasound,C186741,C117529
C186741,Automated Breast Ultrasound,C186741,C54215
C186741,Automated Breast Ultrasound,C186741,C25692
C186741,Automated Breast Ultrasound,C186741,C117512
C186741,Automated Breast Ultrasound,C186741,C13717
C186741,Automated Breast Ultrasound,C186741,C117511
C186741,Automated Breast Ultrasound,C186741,C25372
C186741,Automated Breast Ultrasound,C186741,C25185
C186741,Automated Breast Ultrasound,C186741,C171000
C186741,Automated Breast Ultrasound,C186741,C117530
C186741,Automated Breast Ultrasound,C186741,C127786
C135384,Autopsy Indicator,C135384,C70856
C135384,Autopsy Indicator,C135384,C82515
C189354,Average Menstrual Cycle Duration,C189354,C82515
C189354,Average Menstrual Cycle Duration,C189354,C42574
C189354,Average Menstrual Cycle Duration,C189354,C70856
C111132,Axis and Voltage ECG Assessment,C111132,C70856
C111132,Axis and Voltage ECG Assessment,C111132,C25372
C111132,Axis and Voltage ECG Assessment,C111132,C51824
C111132,Axis and Voltage ECG Assessment,C111132,C82535
C111132,Axis and Voltage ECG Assessment,C111132,C50282
C111132,Axis and Voltage ECG Assessment,C111132,C82515
C111132,Axis and Voltage ECG Assessment,C111132,C62164
C174314,B-Lymphocyte Count,C174314,C70856
C174314,B-Lymphocyte Count,C174314,C82515
C174314,B-Lymphocyte Count,C174314,C93566
C174314,B-Lymphocyte Count,C174314,C70713
C174314,B-Lymphocyte Count,C174314,C67391
C163567,BMI-for-Age Percentile,C163567,C70856
C163567,BMI-for-Age Percentile,C163567,C82515
C100373,BPRS-Anchored - Anxiety,C100373,C25372
C100373,BPRS-Anchored - Anxiety,C100373,C46126
C100373,BPRS-Anchored - Anxiety,C100373,C91106
C100373,BPRS-Anchored - Anxiety,C100373,C82534
C100373,BPRS-Anchored - Anxiety,C100373,C82515
C100387,BPRS-Anchored - Blunted Affect,C100387,C46126
C100387,BPRS-Anchored - Blunted Affect,C100387,C91106
C100387,BPRS-Anchored - Blunted Affect,C100387,C82534
C100387,BPRS-Anchored - Blunted Affect,C100387,C82515
C100387,BPRS-Anchored - Blunted Affect,C100387,C25372
C100375,BPRS-Anchored - Conceptual Disorganization,C100375,C46126
C100375,BPRS-Anchored - Conceptual Disorganization,C100375,C91106
C100375,BPRS-Anchored - Conceptual Disorganization,C100375,C25372
C100375,BPRS-Anchored - Conceptual Disorganization,C100375,C82534
C100375,BPRS-Anchored - Conceptual Disorganization,C100375,C82515
C100380,BPRS-Anchored - Depressive Mood,C100380,C91106
C100380,BPRS-Anchored - Depressive Mood,C100380,C46126
C100380,BPRS-Anchored - Depressive Mood,C100380,C82534
C100380,BPRS-Anchored - Depressive Mood,C100380,C82515
C100380,BPRS-Anchored - Depressive Mood,C100380,C25372
C100389,BPRS-Anchored - Disorientation,C100389,C82534
C100389,BPRS-Anchored - Disorientation,C100389,C82515
C100389,BPRS-Anchored - Disorientation,C100389,C25372
C100389,BPRS-Anchored - Disorientation,C100389,C91106
C100389,BPRS-Anchored - Disorientation,C100389,C46126
C100374,BPRS-Anchored - Emotional Withdrawal,C100374,C82534
C100374,BPRS-Anchored - Emotional Withdrawal,C100374,C25372
C100374,BPRS-Anchored - Emotional Withdrawal,C100374,C82515
C100374,BPRS-Anchored - Emotional Withdrawal,C100374,C91106
C100374,BPRS-Anchored - Emotional Withdrawal,C100374,C46126
C100388,BPRS-Anchored - Excitement,C100388,C46126
C100388,BPRS-Anchored - Excitement,C100388,C91106
C100388,BPRS-Anchored - Excitement,C100388,C82534
C100388,BPRS-Anchored - Excitement,C100388,C82515
C100388,BPRS-Anchored - Excitement,C100388,C25372
C100379,BPRS-Anchored - Grandiosity,C100379,C46126
C100379,BPRS-Anchored - Grandiosity,C100379,C82515
C100379,BPRS-Anchored - Grandiosity,C100379,C91106
C100379,BPRS-Anchored - Grandiosity,C100379,C82534
C100379,BPRS-Anchored - Grandiosity,C100379,C25372
C100376,BPRS-Anchored - Guilt Feelings,C100376,C82515
C100376,BPRS-Anchored - Guilt Feelings,C100376,C25372
C100376,BPRS-Anchored - Guilt Feelings,C100376,C91106
C100376,BPRS-Anchored - Guilt Feelings,C100376,C46126
C100376,BPRS-Anchored - Guilt Feelings,C100376,C82534
C100383,BPRS-Anchored - Hallucinatory Behavior,C100383,C82534
C100383,BPRS-Anchored - Hallucinatory Behavior,C100383,C91106
C100383,BPRS-Anchored - Hallucinatory Behavior,C100383,C82515
C100383,BPRS-Anchored - Hallucinatory Behavior,C100383,C46126
C100383,BPRS-Anchored - Hallucinatory Behavior,C100383,C25372
C100381,BPRS-Anchored - Hostility,C100381,C91106
C100381,BPRS-Anchored - Hostility,C100381,C82515
C100381,BPRS-Anchored - Hostility,C100381,C46126
C100381,BPRS-Anchored - Hostility,C100381,C82534
C100381,BPRS-Anchored - Hostility,C100381,C25372
C100378,BPRS-Anchored - Mannerisms and Posturing,C100378,C46126
C100378,BPRS-Anchored - Mannerisms and Posturing,C100378,C91106
C100378,BPRS-Anchored - Mannerisms and Posturing,C100378,C25372
C100378,BPRS-Anchored - Mannerisms and Posturing,C100378,C82515
C100384,BPRS-Anchored - Motor Retardation,C100384,C82515
C100384,BPRS-Anchored - Motor Retardation,C100384,C46126
C100384,BPRS-Anchored - Motor Retardation,C100384,C91106
C100384,BPRS-Anchored - Motor Retardation,C100384,C25372
C100372,BPRS-Anchored - Somatic Concern,C100372,C46126
C100372,BPRS-Anchored - Somatic Concern,C100372,C91106
C100372,BPRS-Anchored - Somatic Concern,C100372,C25372
C100372,BPRS-Anchored - Somatic Concern,C100372,C82515
C100372,BPRS-Anchored - Somatic Concern,C100372,C82534
C100382,BPRS-Anchored - Suspiciousness,C100382,C91106
C100382,BPRS-Anchored - Suspiciousness,C100382,C46126
C100382,BPRS-Anchored - Suspiciousness,C100382,C82515
C100382,BPRS-Anchored - Suspiciousness,C100382,C82534
C100382,BPRS-Anchored - Suspiciousness,C100382,C25372
C100377,BPRS-Anchored - Tension,C100377,C82534
C100377,BPRS-Anchored - Tension,C100377,C82515
C100377,BPRS-Anchored - Tension,C100377,C25372
C100377,BPRS-Anchored - Tension,C100377,C91106
C100377,BPRS-Anchored - Tension,C100377,C46126
C100385,BPRS-Anchored - Uncooperativeness,C100385,C82515
C100385,BPRS-Anchored - Uncooperativeness,C100385,C25372
C100385,BPRS-Anchored - Uncooperativeness,C100385,C46126
C100385,BPRS-Anchored - Uncooperativeness,C100385,C91106
C100385,BPRS-Anchored - Uncooperativeness,C100385,C82534
C100386,BPRS-Anchored - Unusual Thought Content,C100386,C91106
C100386,BPRS-Anchored - Unusual Thought Content,C100386,C25372
C100386,BPRS-Anchored - Unusual Thought Content,C100386,C46126
C100386,BPRS-Anchored - Unusual Thought Content,C100386,C82515
C100386,BPRS-Anchored - Unusual Thought Content,C100386,C82534
C100109,BPRS-Anchored Clinical Classification Question,C100109,
C146692,BRCA Mutation Analysis,C146692,C117062
C146692,BRCA Mutation Analysis,C146692,C82515
C146692,BRCA Mutation Analysis,C146692,C70713
C146692,BRCA Mutation Analysis,C146692,C171435
C146692,BRCA Mutation Analysis,C146692,C25372
C146692,BRCA Mutation Analysis,C146692,C70856
C146692,BRCA Mutation Analysis,C146692,C25692
C19635,BRCA1 Gene Mutation,C19635,C171435
C19635,BRCA1 Gene Mutation,C19635,C82515
C19635,BRCA1 Gene Mutation,C19635,C70713
C19635,BRCA1 Gene Mutation,C19635,C117062
C19635,BRCA1 Gene Mutation,C19635,C25372
C19635,BRCA1 Gene Mutation,C19635,C70856
C19635,BRCA1 Gene Mutation,C19635,C25692
C19636,BRCA2 Gene Mutation,C19636,C117062
C19636,BRCA2 Gene Mutation,C19636,C70856
C19636,BRCA2 Gene Mutation,C19636,C70713
C19636,BRCA2 Gene Mutation,C19636,C82515
C19636,BRCA2 Gene Mutation,C19636,C25692
C19636,BRCA2 Gene Mutation,C19636,C171435
C19636,BRCA2 Gene Mutation,C19636,C25372
C154880,Bartholin's Gland Abnormality Indicator,C154880,C70856
C154880,Bartholin's Gland Abnormality Indicator,C154880,C82515
C126083,Basal Metabolic Rate,C126083,C82515
C126083,Basal Metabolic Rate,C126083,C69431
C126083,Basal Metabolic Rate,C126083,C70856
C94536,Best Overall Response,C94536,C70856
C94536,Best Overall Response,C94536,C117394
C94536,Best Overall Response,C94536,C25372
C94536,Best Overall Response,C94536,C82515
C94536,Best Overall Response,C94536,C71738
C94536,Best Overall Response,C94536,C117043
C94536,Best Overall Response,C94536,C51824
C191307,Beta Angle of the Hip,C191307,C82515
C191307,Beta Angle of the Hip,C191307,C25185
C191307,Beta Angle of the Hip,C191307,C13717
C191307,Beta Angle of the Hip,C191307,C68667
C191307,Beta Angle of the Hip,C191307,C70856
C191307,Beta Angle of the Hip,C191307,C82535
C74667,Bicarbonate Measurement,C74667,C93566
C74667,Bicarbonate Measurement,C74667,C82515
C74667,Bicarbonate Measurement,C74667,C70856
C74667,Bicarbonate Measurement,C74667,C64567
C74667,Bicarbonate Measurement,C74667,C70713
C15189,Biopsy Procedure,C15189,C117529
C15189,Biopsy Procedure,C15189,C171435
C15189,Biopsy Procedure,C15189,C117511
C15189,Biopsy Procedure,C15189,C117512
C15189,Biopsy Procedure,C15189,C25372
C15189,Biopsy Procedure,C15189,C25185
C15189,Biopsy Procedure,C15189,C25692
C15189,Biopsy Procedure,C15189,C171000
C15189,Biopsy Procedure,C15189,C127786
C15189,Biopsy Procedure,C15189,C54215
C15189,Biopsy Procedure,C15189,C117530
C217124,Biopsy Procedure by Anatomic Location,C217124,
C70945,Biospecimen Collection,C70945,C171435
C70945,Biospecimen Collection,C70945,C82571
C70945,Biospecimen Collection,C70945,C25692
C70945,Biospecimen Collection,C70945,C82977
C70945,Biospecimen Collection,C70945,C25372
C70945,Biospecimen Collection,C70945,C70713
C70945,Biospecimen Collection,C70945,C117052
C126058,Biospecimen Retained and/or Contains DNA Indicator,C126058,
C164620,Biospecimen Retention Indicator,C164620,C49691
C164620,Biospecimen Retention Indicator,C164620,C117461
C164620,Biospecimen Retention Indicator,C164620,C83447
C164620,Biospecimen Retention Indicator,C164620,C117458
C164620,Biospecimen Retention Indicator,C164620,C117460
C164620,Biospecimen Retention Indicator,C164620,C83445
C179747,Biospecimen Shipping,C179747,C70713
C179747,Biospecimen Shipping,C179747,C117052
C179747,Biospecimen Shipping,C179747,C82571
C179747,Biospecimen Shipping,C179747,C82977
C179747,Biospecimen Shipping,C179747,C25692
C179747,Biospecimen Shipping,C179747,C25372
C179748,Biospecimen Storage,C179748,C82977
C179748,Biospecimen Storage,C179748,C25372
C179748,Biospecimen Storage,C179748,C25692
C179748,Biospecimen Storage,C179748,C117052
C179748,Biospecimen Storage,C179748,C70713
C179748,Biospecimen Storage,C179748,C82571
C106501,Birth Control Method,C106501,C70856
C106501,Birth Control Method,C106501,C82515
C200441,Birth Country,C200441,C25372
C200441,Birth Country,C200441,C70856
C200441,Birth Country,C200441,C82515
C93516,Birth Country Code,C93516,C25372
C93516,Birth Country Code,C93516,C70856
C93516,Birth Country Code,C93516,C82515
C83217,Birth Date and Time,C83217,C82515
C83217,Birth Date and Time,C83217,C70856
C198361,Birth Plurality,C198361,C70856
C198361,Birth Plurality,C198361,C82515
C198361,Birth Plurality,C198361,C25372
C76325,Birth Weight,C76325,C82515
C76325,Birth Weight,C76325,C48208
C76325,Birth Weight,C76325,C70856
C189352,Bleeding or Spotting Between Menstrual Periods Indicator,C189352,C70856
C189352,Bleeding or Spotting Between Menstrual Periods Indicator,C189352,C82515
C93518,Blinded Description,C93518,
C122195,Blistering Indicator,C122195,C82515
C122195,Blistering Indicator,C122195,C82535
C122195,Blistering Indicator,C122195,C82546
C122195,Blistering Indicator,C122195,C25185
C122195,Blistering Indicator,C122195,C70856
C122195,Blistering Indicator,C122195,C13717
C28133,Blood Cell Count,C28133,
C67208,Blood Cell Count Ratio Measurement,C67208,
C94866,Blood Flow Rate,C94866,C13717
C94866,Blood Flow Rate,C94866,C82515
C94866,Blood Flow Rate,C94866,C25185
C94866,Blood Flow Rate,C94866,C70856
C94866,Blood Flow Rate,C94866,C82535
C94866,Blood Flow Rate,C94866,C48568
C94866,Blood Flow Rate,C94866,C48564
C54706,Blood Pressure,C54706,
C199996,Body Cell Mass Measurement,C199996,C70856
C199996,Body Cell Mass Measurement,C199996,C48208
C199996,Body Cell Mass Measurement,C199996,C82515
C122232,Body Fat Measurement,C122232,C82515
C122232,Body Fat Measurement,C122232,C70856
C122232,Body Fat Measurement,C122232,C48208
C49680,Body Frame Size,C49680,C82515
C49680,Body Frame Size,C49680,C70856
C164634,Body Height,C164634,C70856
C164634,Body Height,C164634,C168688
C164634,Body Height,C164634,C82515
C205752,Body Length-for-Age Percentile,C205752,C82515
C205752,Body Length-for-Age Percentile,C205752,C70856
C16358,Body Mass Index,C16358,C70856
C16358,Body Mass Index,C16358,C82515
C16358,Body Mass Index,C16358,C42575
C215116,Body Organ or System Test,C215116,
C25157,Body Surface Area,C25157,C48037
C25157,Body Surface Area,C25157,C70856
C25157,Body Surface Area,C25157,C82515
C174446,Body Temperature,C174446,C82515
C174446,Body Temperature,C174446,C44276
C174446,Body Temperature,C174446,C70856
C174446,Body Temperature,C174446,C13717
C164325,Body Temperature Measurement,C164325,
C81328,Body Weight,C81328,C82515
C81328,Body Weight,C81328,C48208
C81328,Body Weight,C81328,C70856
C135477,Bone Marrow Disease Involvement Indicator,C135477,C117043
C135477,Bone Marrow Disease Involvement Indicator,C135477,C82515
C135477,Bone Marrow Disease Involvement Indicator,C135477,C51824
C135477,Bone Marrow Disease Involvement Indicator,C135477,C70856
C135477,Bone Marrow Disease Involvement Indicator,C135477,C25372
C147472,Bone Mineral Content,C147472,C70856
C147472,Bone Mineral Content,C147472,C82515
C147472,Bone Mineral Content,C147472,C42579
C147472,Bone Mineral Content,C147472,C82535
C147472,Bone Mineral Content,C147472,C25185
C147472,Bone Mineral Content,C147472,C13717
C147473,Bone Mineral Density T-Score,C147473,C70856
C147473,Bone Mineral Density T-Score,C147473,C13717
C147473,Bone Mineral Density T-Score,C147473,C25185
C147473,Bone Mineral Density T-Score,C147473,C82535
C147473,Bone Mineral Density T-Score,C147473,C82515
C61545,Bone Mineral Density Test,C61545,C82515
C61545,Bone Mineral Density Test,C61545,C70856
C61545,Bone Mineral Density Test,C61545,C82535
C61545,Bone Mineral Density Test,C61545,C25185
C61545,Bone Mineral Density Test,C61545,C13717
C61545,Bone Mineral Density Test,C61545,C42575
C139217,Bone Mineral Density Z-Score,C139217,C82515
C139217,Bone Mineral Density Z-Score,C139217,C25185
C139217,Bone Mineral Density Z-Score,C139217,C70856
C139217,Bone Mineral Density Z-Score,C139217,C82535
C139217,Bone Mineral Density Z-Score,C139217,C13717
C15195,Brachytherapy,C15195,C25185
C15195,Brachytherapy,C15195,C117512
C15195,Brachytherapy,C15195,C25372
C15195,Brachytherapy,C15195,C13717
C15195,Brachytherapy,C15195,C171000
C15195,Brachytherapy,C15195,C25692
C15195,Brachytherapy,C15195,C127786
C15195,Brachytherapy,C15195,C117511
C15195,Brachytherapy,C15195,C117530
C15195,Brachytherapy,C15195,C117529
C79427,Breast Cancer Diagnostic or Therapeutic Procedure,C79427,
C15774,Breast Cancer Therapeutic Procedure,C15774,C117512
C15774,Breast Cancer Therapeutic Procedure,C15774,C117529
C15774,Breast Cancer Therapeutic Procedure,C15774,C25372
C15774,Breast Cancer Therapeutic Procedure,C15774,C117530
C15774,Breast Cancer Therapeutic Procedure,C15774,C25692
C15774,Breast Cancer Therapeutic Procedure,C15774,C54215
C15774,Breast Cancer Therapeutic Procedure,C15774,C127786
C15774,Breast Cancer Therapeutic Procedure,C15774,C25185
C15774,Breast Cancer Therapeutic Procedure,C15774,C117511
C15774,Breast Cancer Therapeutic Procedure,C15774,C13717
C15774,Breast Cancer Therapeutic Procedure,C15774,C171000
C139533,Breast Cancer by AJCC v8 Anatomic Stage,C139533,C25372
C139533,Breast Cancer by AJCC v8 Anatomic Stage,C139533,C70856
C139533,Breast Cancer by AJCC v8 Anatomic Stage,C139533,C25692
C139533,Breast Cancer by AJCC v8 Anatomic Stage,C139533,C82515
C139554,Breast Cancer by AJCC v8 Prognostic Stage,C139554,C25372
C139554,Breast Cancer by AJCC v8 Prognostic Stage,C139554,C70856
C139554,Breast Cancer by AJCC v8 Prognostic Stage,C139554,C25692
C139554,Breast Cancer by AJCC v8 Prognostic Stage,C139554,C82515
C139532,Breast Cancer by AJCC v8 Stage,C139532,C82515
C139532,Breast Cancer by AJCC v8 Stage,C139532,C70856
C139532,Breast Cancer by AJCC v8 Stage,C139532,C25372
C139532,Breast Cancer by AJCC v8 Stage,C139532,C25692
C4872,Breast Carcinoma,C4872,
C15280,Breast Conservation Treatment,C15280,
C112233,Breast Fed Indicator,C112233,C25372
C112233,Breast Fed Indicator,C112233,C70856
C112233,Breast Fed Indicator,C112233,C82515
C157802,Breast Surgery,C157802,
C189364,Breastfeeding End Date,C189364,C70856
C189364,Breastfeeding End Date,C189364,C82515
C189363,Breastfeeding Start Date,C189363,C70856
C189363,Breastfeeding Start Date,C189363,C82515
C100761,Brief Psychiatric Rating Scale A Clinical Classification,C100761,C82556
C100761,Brief Psychiatric Rating Scale A Clinical Classification,C100761,C82515
C100761,Brief Psychiatric Rating Scale A Clinical Classification,C100761,C82525
C100761,Brief Psychiatric Rating Scale A Clinical Classification,C100761,C25372
C139223,"Brooke Modified Medical Research Council Manual Muscle Test Score, Abduction",C139223,C46126
C139223,"Brooke Modified Medical Research Council Manual Muscle Test Score, Abduction",C139223,C91106
C139223,"Brooke Modified Medical Research Council Manual Muscle Test Score, Abduction",C139223,C13717
C139223,"Brooke Modified Medical Research Council Manual Muscle Test Score, Abduction",C139223,C25185
C139223,"Brooke Modified Medical Research Council Manual Muscle Test Score, Abduction",C139223,C82515
C139225,"Brooke Modified Medical Research Council Manual Muscle Test Score, Dorsiflexion",C139225,C13717
C139225,"Brooke Modified Medical Research Council Manual Muscle Test Score, Dorsiflexion",C139225,C25185
C139225,"Brooke Modified Medical Research Council Manual Muscle Test Score, Dorsiflexion",C139225,C91106
C139225,"Brooke Modified Medical Research Council Manual Muscle Test Score, Dorsiflexion",C139225,C46126
C139225,"Brooke Modified Medical Research Council Manual Muscle Test Score, Dorsiflexion",C139225,C82515
C139227,"Brooke Modified Medical Research Council Manual Muscle Test Score, Eversion",C139227,C82515
C139227,"Brooke Modified Medical Research Council Manual Muscle Test Score, Eversion",C139227,C25185
C139227,"Brooke Modified Medical Research Council Manual Muscle Test Score, Eversion",C139227,C13717
C139227,"Brooke Modified Medical Research Council Manual Muscle Test Score, Eversion",C139227,C91106
C139227,"Brooke Modified Medical Research Council Manual Muscle Test Score, Eversion",C139227,C46126
C139220,"Brooke Modified Medical Research Council Manual Muscle Test Score, Extension",C139220,C13717
C139220,"Brooke Modified Medical Research Council Manual Muscle Test Score, Extension",C139220,C46126
C139220,"Brooke Modified Medical Research Council Manual Muscle Test Score, Extension",C139220,C82515
C139220,"Brooke Modified Medical Research Council Manual Muscle Test Score, Extension",C139220,C91106
C139220,"Brooke Modified Medical Research Council Manual Muscle Test Score, Extension",C139220,C25185
C139222,"Brooke Modified Medical Research Council Manual Muscle Test Score, Flexion",C139222,C25185
C139222,"Brooke Modified Medical Research Council Manual Muscle Test Score, Flexion",C139222,C13717
C139222,"Brooke Modified Medical Research Council Manual Muscle Test Score, Flexion",C139222,C91106
C139222,"Brooke Modified Medical Research Council Manual Muscle Test Score, Flexion",C139222,C46126
C139222,"Brooke Modified Medical Research Council Manual Muscle Test Score, Flexion",C139222,C82515
C139226,"Brooke Modified Medical Research Council Manual Muscle Test Score, Inversion",C139226,C91106
C139226,"Brooke Modified Medical Research Council Manual Muscle Test Score, Inversion",C139226,C82515
C139226,"Brooke Modified Medical Research Council Manual Muscle Test Score, Inversion",C139226,C25185
C139226,"Brooke Modified Medical Research Council Manual Muscle Test Score, Inversion",C139226,C13717
C139226,"Brooke Modified Medical Research Council Manual Muscle Test Score, Inversion",C139226,C46126
C139224,"Brooke Modified Medical Research Council Manual Muscle Test Score, Lateral Rotation",C139224,C91106
C139224,"Brooke Modified Medical Research Council Manual Muscle Test Score, Lateral Rotation",C139224,C13717
C139224,"Brooke Modified Medical Research Council Manual Muscle Test Score, Lateral Rotation",C139224,C25185
C139224,"Brooke Modified Medical Research Council Manual Muscle Test Score, Lateral Rotation",C139224,C46126
C139224,"Brooke Modified Medical Research Council Manual Muscle Test Score, Lateral Rotation",C139224,C82515
C139221,"Brooke Modified Medical Research Council Manual Muscle Test Score, Plantar Flexion",C139221,C13717
C139221,"Brooke Modified Medical Research Council Manual Muscle Test Score, Plantar Flexion",C139221,C82515
C139221,"Brooke Modified Medical Research Council Manual Muscle Test Score, Plantar Flexion",C139221,C46126
C139221,"Brooke Modified Medical Research Council Manual Muscle Test Score, Plantar Flexion",C139221,C91106
C139221,"Brooke Modified Medical Research Council Manual Muscle Test Score, Plantar Flexion",C139221,C25185
C64548,C-Reactive Protein Measurement,C64548,C48207
C64548,C-Reactive Protein Measurement,C64548,C93566
C64548,C-Reactive Protein Measurement,C64548,C70713
C64548,C-Reactive Protein Measurement,C64548,C82515
C64548,C-Reactive Protein Measurement,C64548,C70856
C139271,CDC HIV High Risk Donor Indicator,C139271,C82515
C139271,CDC HIV High Risk Donor Indicator,C139271,C25372
C139271,CDC HIV High Risk Donor Indicator,C139271,C70856
C100231,CDISC ADAS-Cog - Attempt to Draw,C100231,C25372
C100231,CDISC ADAS-Cog - Attempt to Draw,C100231,C25692
C100231,CDISC ADAS-Cog - Attempt to Draw,C100231,C41202
C100231,CDISC ADAS-Cog - Attempt to Draw,C100231,C46126
C100231,CDISC ADAS-Cog - Attempt to Draw,C100231,C82515
C100231,CDISC ADAS-Cog - Attempt to Draw,C100231,C91106
C100231,CDISC ADAS-Cog - Attempt to Draw,C100231,C82556
C100231,CDISC ADAS-Cog - Attempt to Draw,C100231,C51824
C100209,CDISC ADAS-Cog - Commands Summary Score,C100209,C25692
C100209,CDISC ADAS-Cog - Commands Summary Score,C100209,C91106
C100209,CDISC ADAS-Cog - Commands Summary Score,C100209,C25372
C100209,CDISC ADAS-Cog - Commands Summary Score,C100209,C82515
C100209,CDISC ADAS-Cog - Commands Summary Score,C100209,C46126
C100209,CDISC ADAS-Cog - Commands Summary Score,C100209,C51824
C100209,CDISC ADAS-Cog - Commands Summary Score,C100209,C82556
C100209,CDISC ADAS-Cog - Commands Summary Score,C100209,C41202
C100211,CDISC ADAS-Cog - Commands: Ceiling,C100211,C46126
C100211,CDISC ADAS-Cog - Commands: Ceiling,C100211,C82515
C100211,CDISC ADAS-Cog - Commands: Ceiling,C100211,C51824
C100211,CDISC ADAS-Cog - Commands: Ceiling,C100211,C25372
C100211,CDISC ADAS-Cog - Commands: Ceiling,C100211,C25692
C100211,CDISC ADAS-Cog - Commands: Ceiling,C100211,C41202
C100211,CDISC ADAS-Cog - Commands: Ceiling,C100211,C91106
C100211,CDISC ADAS-Cog - Commands: Ceiling,C100211,C82556
C100210,CDISC ADAS-Cog - Commands: Fist,C100210,C82515
C100210,CDISC ADAS-Cog - Commands: Fist,C100210,C25372
C100210,CDISC ADAS-Cog - Commands: Fist,C100210,C51824
C100210,CDISC ADAS-Cog - Commands: Fist,C100210,C82556
C100210,CDISC ADAS-Cog - Commands: Fist,C100210,C41202
C100210,CDISC ADAS-Cog - Commands: Fist,C100210,C25692
C100210,CDISC ADAS-Cog - Commands: Fist,C100210,C46126
C100210,CDISC ADAS-Cog - Commands: Fist,C100210,C91106
C100212,CDISC ADAS-Cog - Commands: Pencil,C100212,C91106
C100212,CDISC ADAS-Cog - Commands: Pencil,C100212,C82515
C100212,CDISC ADAS-Cog - Commands: Pencil,C100212,C25372
C100212,CDISC ADAS-Cog - Commands: Pencil,C100212,C46126
C100212,CDISC ADAS-Cog - Commands: Pencil,C100212,C51824
C100212,CDISC ADAS-Cog - Commands: Pencil,C100212,C82556
C100212,CDISC ADAS-Cog - Commands: Pencil,C100212,C25692
C100212,CDISC ADAS-Cog - Commands: Pencil,C100212,C41202
C100214,CDISC ADAS-Cog - Commands: Shoulder,C100214,C82515
C100214,CDISC ADAS-Cog - Commands: Shoulder,C100214,C82556
C100214,CDISC ADAS-Cog - Commands: Shoulder,C100214,C25692
C100214,CDISC ADAS-Cog - Commands: Shoulder,C100214,C41202
C100214,CDISC ADAS-Cog - Commands: Shoulder,C100214,C46126
C100214,CDISC ADAS-Cog - Commands: Shoulder,C100214,C91106
C100214,CDISC ADAS-Cog - Commands: Shoulder,C100214,C25372
C100214,CDISC ADAS-Cog - Commands: Shoulder,C100214,C51824
C100213,CDISC ADAS-Cog - Commands: Watch,C100213,C46126
C100213,CDISC ADAS-Cog - Commands: Watch,C100213,C82556
C100213,CDISC ADAS-Cog - Commands: Watch,C100213,C51824
C100213,CDISC ADAS-Cog - Commands: Watch,C100213,C91106
C100213,CDISC ADAS-Cog - Commands: Watch,C100213,C25372
C100213,CDISC ADAS-Cog - Commands: Watch,C100213,C82515
C100213,CDISC ADAS-Cog - Commands: Watch,C100213,C25692
C100213,CDISC ADAS-Cog - Commands: Watch,C100213,C41202
C100278,CDISC ADAS-Cog - Comprehension,C100278,C51824
C100278,CDISC ADAS-Cog - Comprehension,C100278,C25372
C100278,CDISC ADAS-Cog - Comprehension,C100278,C91106
C100278,CDISC ADAS-Cog - Comprehension,C100278,C25692
C100278,CDISC ADAS-Cog - Comprehension,C100278,C41202
C100278,CDISC ADAS-Cog - Comprehension,C100278,C82515
C100278,CDISC ADAS-Cog - Comprehension,C100278,C82556
C100278,CDISC ADAS-Cog - Comprehension,C100278,C46126
C100279,CDISC ADAS-Cog - Concentration/Distractibility,C100279,C25372
C100279,CDISC ADAS-Cog - Concentration/Distractibility,C100279,C91106
C100279,CDISC ADAS-Cog - Concentration/Distractibility,C100279,C82515
C100279,CDISC ADAS-Cog - Concentration/Distractibility,C100279,C51824
C100279,CDISC ADAS-Cog - Concentration/Distractibility,C100279,C82556
C100279,CDISC ADAS-Cog - Concentration/Distractibility,C100279,C25692
C100279,CDISC ADAS-Cog - Concentration/Distractibility,C100279,C46126
C100279,CDISC ADAS-Cog - Concentration/Distractibility,C100279,C41202
C100226,CDISC ADAS-Cog - Constructional Praxis Summary Score,C100226,C25692
C100226,CDISC ADAS-Cog - Constructional Praxis Summary Score,C100226,C51824
C100226,CDISC ADAS-Cog - Constructional Praxis Summary Score,C100226,C41202
C100226,CDISC ADAS-Cog - Constructional Praxis Summary Score,C100226,C25372
C100226,CDISC ADAS-Cog - Constructional Praxis Summary Score,C100226,C91106
C100226,CDISC ADAS-Cog - Constructional Praxis Summary Score,C100226,C46126
C100226,CDISC ADAS-Cog - Constructional Praxis Summary Score,C100226,C82556
C100226,CDISC ADAS-Cog - Constructional Praxis Summary Score,C100226,C82515
C100228,CDISC ADAS-Cog - Constructional Praxis: 2 Rectangles,C100228,C41202
C100228,CDISC ADAS-Cog - Constructional Praxis: 2 Rectangles,C100228,C82515
C100228,CDISC ADAS-Cog - Constructional Praxis: 2 Rectangles,C100228,C51824
C100228,CDISC ADAS-Cog - Constructional Praxis: 2 Rectangles,C100228,C82556
C100228,CDISC ADAS-Cog - Constructional Praxis: 2 Rectangles,C100228,C25692
C100228,CDISC ADAS-Cog - Constructional Praxis: 2 Rectangles,C100228,C25372
C100228,CDISC ADAS-Cog - Constructional Praxis: 2 Rectangles,C100228,C91106
C100228,CDISC ADAS-Cog - Constructional Praxis: 2 Rectangles,C100228,C46126
C100227,CDISC ADAS-Cog - Constructional Praxis: Circle,C100227,C25372
C100227,CDISC ADAS-Cog - Constructional Praxis: Circle,C100227,C25692
C100227,CDISC ADAS-Cog - Constructional Praxis: Circle,C100227,C41202
C100227,CDISC ADAS-Cog - Constructional Praxis: Circle,C100227,C91106
C100227,CDISC ADAS-Cog - Constructional Praxis: Circle,C100227,C82556
C100227,CDISC ADAS-Cog - Constructional Praxis: Circle,C100227,C51824
C100227,CDISC ADAS-Cog - Constructional Praxis: Circle,C100227,C82515
C100227,CDISC ADAS-Cog - Constructional Praxis: Circle,C100227,C46126
C100230,CDISC ADAS-Cog - Constructional Praxis: Cube,C100230,C25692
C100230,CDISC ADAS-Cog - Constructional Praxis: Cube,C100230,C25372
C100230,CDISC ADAS-Cog - Constructional Praxis: Cube,C100230,C91106
C100230,CDISC ADAS-Cog - Constructional Praxis: Cube,C100230,C46126
C100230,CDISC ADAS-Cog - Constructional Praxis: Cube,C100230,C51824
C100230,CDISC ADAS-Cog - Constructional Praxis: Cube,C100230,C82515
C100230,CDISC ADAS-Cog - Constructional Praxis: Cube,C100230,C82556
C100230,CDISC ADAS-Cog - Constructional Praxis: Cube,C100230,C41202
C100229,CDISC ADAS-Cog - Constructional Praxis: Diamond,C100229,C51824
C100229,CDISC ADAS-Cog - Constructional Praxis: Diamond,C100229,C41202
C100229,CDISC ADAS-Cog - Constructional Praxis: Diamond,C100229,C25372
C100229,CDISC ADAS-Cog - Constructional Praxis: Diamond,C100229,C91106
C100229,CDISC ADAS-Cog - Constructional Praxis: Diamond,C100229,C25692
C100229,CDISC ADAS-Cog - Constructional Praxis: Diamond,C100229,C46126
C100229,CDISC ADAS-Cog - Constructional Praxis: Diamond,C100229,C82515
C100229,CDISC ADAS-Cog - Constructional Praxis: Diamond,C100229,C82556
C100215,CDISC ADAS-Cog - Delayed Word Recall Summary Score,C100215,C46126
C100215,CDISC ADAS-Cog - Delayed Word Recall Summary Score,C100215,C51824
C100215,CDISC ADAS-Cog - Delayed Word Recall Summary Score,C100215,C82556
C100215,CDISC ADAS-Cog - Delayed Word Recall Summary Score,C100215,C41202
C100215,CDISC ADAS-Cog - Delayed Word Recall Summary Score,C100215,C25692
C100215,CDISC ADAS-Cog - Delayed Word Recall Summary Score,C100215,C25372
C100215,CDISC ADAS-Cog - Delayed Word Recall Summary Score,C100215,C91106
C100215,CDISC ADAS-Cog - Delayed Word Recall Summary Score,C100215,C82515
C100216,CDISC ADAS-Cog - Delayed Word Recall: Word 1,C100216,C25692
C100216,CDISC ADAS-Cog - Delayed Word Recall: Word 1,C100216,C41202
C100216,CDISC ADAS-Cog - Delayed Word Recall: Word 1,C100216,C25372
C100216,CDISC ADAS-Cog - Delayed Word Recall: Word 1,C100216,C91106
C100216,CDISC ADAS-Cog - Delayed Word Recall: Word 1,C100216,C82515
C100216,CDISC ADAS-Cog - Delayed Word Recall: Word 1,C100216,C46126
C100216,CDISC ADAS-Cog - Delayed Word Recall: Word 1,C100216,C82556
C100216,CDISC ADAS-Cog - Delayed Word Recall: Word 1,C100216,C51824
C100225,CDISC ADAS-Cog - Delayed Word Recall: Word 10,C100225,C25372
C100225,CDISC ADAS-Cog - Delayed Word Recall: Word 10,C100225,C91106
C100225,CDISC ADAS-Cog - Delayed Word Recall: Word 10,C100225,C82515
C100225,CDISC ADAS-Cog - Delayed Word Recall: Word 10,C100225,C51824
C100225,CDISC ADAS-Cog - Delayed Word Recall: Word 10,C100225,C82556
C100225,CDISC ADAS-Cog - Delayed Word Recall: Word 10,C100225,C41202
C100225,CDISC ADAS-Cog - Delayed Word Recall: Word 10,C100225,C25692
C100225,CDISC ADAS-Cog - Delayed Word Recall: Word 10,C100225,C46126
C100217,CDISC ADAS-Cog - Delayed Word Recall: Word 2,C100217,C25692
C100217,CDISC ADAS-Cog - Delayed Word Recall: Word 2,C100217,C41202
C100217,CDISC ADAS-Cog - Delayed Word Recall: Word 2,C100217,C82556
C100217,CDISC ADAS-Cog - Delayed Word Recall: Word 2,C100217,C51824
C100217,CDISC ADAS-Cog - Delayed Word Recall: Word 2,C100217,C91106
C100217,CDISC ADAS-Cog - Delayed Word Recall: Word 2,C100217,C82515
C100217,CDISC ADAS-Cog - Delayed Word Recall: Word 2,C100217,C25372
C100217,CDISC ADAS-Cog - Delayed Word Recall: Word 2,C100217,C46126
C100218,CDISC ADAS-Cog - Delayed Word Recall: Word 3,C100218,C82556
C100218,CDISC ADAS-Cog - Delayed Word Recall: Word 3,C100218,C51824
C100218,CDISC ADAS-Cog - Delayed Word Recall: Word 3,C100218,C25692
C100218,CDISC ADAS-Cog - Delayed Word Recall: Word 3,C100218,C25372
C100218,CDISC ADAS-Cog - Delayed Word Recall: Word 3,C100218,C46126
C100218,CDISC ADAS-Cog - Delayed Word Recall: Word 3,C100218,C82515
C100218,CDISC ADAS-Cog - Delayed Word Recall: Word 3,C100218,C41202
C100218,CDISC ADAS-Cog - Delayed Word Recall: Word 3,C100218,C91106
C100219,CDISC ADAS-Cog - Delayed Word Recall: Word 4,C100219,C41202
C100219,CDISC ADAS-Cog - Delayed Word Recall: Word 4,C100219,C82556
C100219,CDISC ADAS-Cog - Delayed Word Recall: Word 4,C100219,C46126
C100219,CDISC ADAS-Cog - Delayed Word Recall: Word 4,C100219,C91106
C100219,CDISC ADAS-Cog - Delayed Word Recall: Word 4,C100219,C51824
C100219,CDISC ADAS-Cog - Delayed Word Recall: Word 4,C100219,C25372
C100219,CDISC ADAS-Cog - Delayed Word Recall: Word 4,C100219,C25692
C100219,CDISC ADAS-Cog - Delayed Word Recall: Word 4,C100219,C82515
C100220,CDISC ADAS-Cog - Delayed Word Recall: Word 5,C100220,C25692
C100220,CDISC ADAS-Cog - Delayed Word Recall: Word 5,C100220,C46126
C100220,CDISC ADAS-Cog - Delayed Word Recall: Word 5,C100220,C25372
C100220,CDISC ADAS-Cog - Delayed Word Recall: Word 5,C100220,C91106
C100220,CDISC ADAS-Cog - Delayed Word Recall: Word 5,C100220,C41202
C100220,CDISC ADAS-Cog - Delayed Word Recall: Word 5,C100220,C82556
C100220,CDISC ADAS-Cog - Delayed Word Recall: Word 5,C100220,C51824
C100220,CDISC ADAS-Cog - Delayed Word Recall: Word 5,C100220,C82515
C100221,CDISC ADAS-Cog - Delayed Word Recall: Word 6,C100221,C25692
C100221,CDISC ADAS-Cog - Delayed Word Recall: Word 6,C100221,C82556
C100221,CDISC ADAS-Cog - Delayed Word Recall: Word 6,C100221,C46126
C100221,CDISC ADAS-Cog - Delayed Word Recall: Word 6,C100221,C91106
C100221,CDISC ADAS-Cog - Delayed Word Recall: Word 6,C100221,C25372
C100221,CDISC ADAS-Cog - Delayed Word Recall: Word 6,C100221,C41202
C100221,CDISC ADAS-Cog - Delayed Word Recall: Word 6,C100221,C82515
C100221,CDISC ADAS-Cog - Delayed Word Recall: Word 6,C100221,C51824
C100222,CDISC ADAS-Cog - Delayed Word Recall: Word 7,C100222,C25372
C100222,CDISC ADAS-Cog - Delayed Word Recall: Word 7,C100222,C91106
C100222,CDISC ADAS-Cog - Delayed Word Recall: Word 7,C100222,C25692
C100222,CDISC ADAS-Cog - Delayed Word Recall: Word 7,C100222,C41202
C100222,CDISC ADAS-Cog - Delayed Word Recall: Word 7,C100222,C82556
C100222,CDISC ADAS-Cog - Delayed Word Recall: Word 7,C100222,C51824
C100222,CDISC ADAS-Cog - Delayed Word Recall: Word 7,C100222,C82515
C100222,CDISC ADAS-Cog - Delayed Word Recall: Word 7,C100222,C46126
C100223,CDISC ADAS-Cog - Delayed Word Recall: Word 8,C100223,C25692
C100223,CDISC ADAS-Cog - Delayed Word Recall: Word 8,C100223,C51824
C100223,CDISC ADAS-Cog - Delayed Word Recall: Word 8,C100223,C82515
C100223,CDISC ADAS-Cog - Delayed Word Recall: Word 8,C100223,C41202
C100223,CDISC ADAS-Cog - Delayed Word Recall: Word 8,C100223,C25372
C100223,CDISC ADAS-Cog - Delayed Word Recall: Word 8,C100223,C82556
C100223,CDISC ADAS-Cog - Delayed Word Recall: Word 8,C100223,C46126
C100223,CDISC ADAS-Cog - Delayed Word Recall: Word 8,C100223,C91106
C100224,CDISC ADAS-Cog - Delayed Word Recall: Word 9,C100224,C91106
C100224,CDISC ADAS-Cog - Delayed Word Recall: Word 9,C100224,C46126
C100224,CDISC ADAS-Cog - Delayed Word Recall: Word 9,C100224,C82515
C100224,CDISC ADAS-Cog - Delayed Word Recall: Word 9,C100224,C82556
C100224,CDISC ADAS-Cog - Delayed Word Recall: Word 9,C100224,C25372
C100224,CDISC ADAS-Cog - Delayed Word Recall: Word 9,C100224,C41202
C100224,CDISC ADAS-Cog - Delayed Word Recall: Word 9,C100224,C25692
C100224,CDISC ADAS-Cog - Delayed Word Recall: Word 9,C100224,C51824
C100284,CDISC ADAS-Cog - Executive Function Maze Summary Score,C100284,C91106
C100284,CDISC ADAS-Cog - Executive Function Maze Summary Score,C100284,C51824
C100284,CDISC ADAS-Cog - Executive Function Maze Summary Score,C100284,C82515
C100284,CDISC ADAS-Cog - Executive Function Maze Summary Score,C100284,C25372
C100284,CDISC ADAS-Cog - Executive Function Maze Summary Score,C100284,C82556
C100284,CDISC ADAS-Cog - Executive Function Maze Summary Score,C100284,C46126
C100284,CDISC ADAS-Cog - Executive Function Maze Summary Score,C100284,C25692
C100284,CDISC ADAS-Cog - Executive Function Maze Summary Score,C100284,C41202
C100285,CDISC ADAS-Cog - Executive Function Maze: Errors,C100285,C25692
C100285,CDISC ADAS-Cog - Executive Function Maze: Errors,C100285,C41202
C100285,CDISC ADAS-Cog - Executive Function Maze: Errors,C100285,C91106
C100285,CDISC ADAS-Cog - Executive Function Maze: Errors,C100285,C25372
C100285,CDISC ADAS-Cog - Executive Function Maze: Errors,C100285,C51824
C100285,CDISC ADAS-Cog - Executive Function Maze: Errors,C100285,C46126
C100285,CDISC ADAS-Cog - Executive Function Maze: Errors,C100285,C82556
C100285,CDISC ADAS-Cog - Executive Function Maze: Errors,C100285,C82515
C100286,CDISC ADAS-Cog - Executive Function Maze: Time,C100286,C51824
C100286,CDISC ADAS-Cog - Executive Function Maze: Time,C100286,C82556
C100286,CDISC ADAS-Cog - Executive Function Maze: Time,C100286,C25692
C100286,CDISC ADAS-Cog - Executive Function Maze: Time,C100286,C41202
C100286,CDISC ADAS-Cog - Executive Function Maze: Time,C100286,C25372
C100286,CDISC ADAS-Cog - Executive Function Maze: Time,C100286,C42574
C100286,CDISC ADAS-Cog - Executive Function Maze: Time,C100286,C91106
C100286,CDISC ADAS-Cog - Executive Function Maze: Time,C100286,C46126
C100286,CDISC ADAS-Cog - Executive Function Maze: Time,C100286,C82515
C100232,CDISC ADAS-Cog - Ideational Praxis Summary Score,C100232,C25692
C100232,CDISC ADAS-Cog - Ideational Praxis Summary Score,C100232,C25372
C100232,CDISC ADAS-Cog - Ideational Praxis Summary Score,C100232,C82556
C100232,CDISC ADAS-Cog - Ideational Praxis Summary Score,C100232,C51824
C100232,CDISC ADAS-Cog - Ideational Praxis Summary Score,C100232,C82515
C100232,CDISC ADAS-Cog - Ideational Praxis Summary Score,C100232,C41202
C100232,CDISC ADAS-Cog - Ideational Praxis Summary Score,C100232,C91106
C100232,CDISC ADAS-Cog - Ideational Praxis Summary Score,C100232,C46126
C100236,CDISC ADAS-Cog - Ideational Praxis: Address,C100236,C82515
C100236,CDISC ADAS-Cog - Ideational Praxis: Address,C100236,C82556
C100236,CDISC ADAS-Cog - Ideational Praxis: Address,C100236,C51824
C100236,CDISC ADAS-Cog - Ideational Praxis: Address,C100236,C25692
C100236,CDISC ADAS-Cog - Ideational Praxis: Address,C100236,C46126
C100236,CDISC ADAS-Cog - Ideational Praxis: Address,C100236,C91106
C100236,CDISC ADAS-Cog - Ideational Praxis: Address,C100236,C25372
C100236,CDISC ADAS-Cog - Ideational Praxis: Address,C100236,C41202
C100233,CDISC ADAS-Cog - Ideational Praxis: Fold,C100233,C82515
C100233,CDISC ADAS-Cog - Ideational Praxis: Fold,C100233,C51824
C100233,CDISC ADAS-Cog - Ideational Praxis: Fold,C100233,C46126
C100233,CDISC ADAS-Cog - Ideational Praxis: Fold,C100233,C25372
C100233,CDISC ADAS-Cog - Ideational Praxis: Fold,C100233,C41202
C100233,CDISC ADAS-Cog - Ideational Praxis: Fold,C100233,C25692
C100233,CDISC ADAS-Cog - Ideational Praxis: Fold,C100233,C82556
C100233,CDISC ADAS-Cog - Ideational Praxis: Fold,C100233,C91106
C100234,CDISC ADAS-Cog - Ideational Praxis: Insert,C100234,C82515
C100234,CDISC ADAS-Cog - Ideational Praxis: Insert,C100234,C91106
C100234,CDISC ADAS-Cog - Ideational Praxis: Insert,C100234,C25372
C100234,CDISC ADAS-Cog - Ideational Praxis: Insert,C100234,C25692
C100234,CDISC ADAS-Cog - Ideational Praxis: Insert,C100234,C51824
C100234,CDISC ADAS-Cog - Ideational Praxis: Insert,C100234,C41202
C100234,CDISC ADAS-Cog - Ideational Praxis: Insert,C100234,C46126
C100234,CDISC ADAS-Cog - Ideational Praxis: Insert,C100234,C82556
C100235,CDISC ADAS-Cog - Ideational Praxis: Seal,C100235,C51824
C100235,CDISC ADAS-Cog - Ideational Praxis: Seal,C100235,C82515
C100235,CDISC ADAS-Cog - Ideational Praxis: Seal,C100235,C82556
C100235,CDISC ADAS-Cog - Ideational Praxis: Seal,C100235,C41202
C100235,CDISC ADAS-Cog - Ideational Praxis: Seal,C100235,C25692
C100235,CDISC ADAS-Cog - Ideational Praxis: Seal,C100235,C25372
C100235,CDISC ADAS-Cog - Ideational Praxis: Seal,C100235,C91106
C100235,CDISC ADAS-Cog - Ideational Praxis: Seal,C100235,C46126
C100237,CDISC ADAS-Cog - Ideational Praxis: Stamp,C100237,C91106
C100237,CDISC ADAS-Cog - Ideational Praxis: Stamp,C100237,C82556
C100237,CDISC ADAS-Cog - Ideational Praxis: Stamp,C100237,C46126
C100237,CDISC ADAS-Cog - Ideational Praxis: Stamp,C100237,C25692
C100237,CDISC ADAS-Cog - Ideational Praxis: Stamp,C100237,C25372
C100237,CDISC ADAS-Cog - Ideational Praxis: Stamp,C100237,C41202
C100237,CDISC ADAS-Cog - Ideational Praxis: Stamp,C100237,C82515
C100237,CDISC ADAS-Cog - Ideational Praxis: Stamp,C100237,C51824
C100191,CDISC ADAS-Cog - Naming Objects and Fingers Summary Score,C100191,C82515
C100191,CDISC ADAS-Cog - Naming Objects and Fingers Summary Score,C100191,C25372
C100191,CDISC ADAS-Cog - Naming Objects and Fingers Summary Score,C100191,C41202
C100191,CDISC ADAS-Cog - Naming Objects and Fingers Summary Score,C100191,C25692
C100191,CDISC ADAS-Cog - Naming Objects and Fingers Summary Score,C100191,C51824
C100191,CDISC ADAS-Cog - Naming Objects and Fingers Summary Score,C100191,C91106
C100191,CDISC ADAS-Cog - Naming Objects and Fingers Summary Score,C100191,C46126
C100191,CDISC ADAS-Cog - Naming Objects and Fingers Summary Score,C100191,C82556
C100192,CDISC ADAS-Cog - Naming Objects and Fingers: 1,C100192,C91106
C100192,CDISC ADAS-Cog - Naming Objects and Fingers: 1,C100192,C25692
C100192,CDISC ADAS-Cog - Naming Objects and Fingers: 1,C100192,C25372
C100192,CDISC ADAS-Cog - Naming Objects and Fingers: 1,C100192,C41202
C100192,CDISC ADAS-Cog - Naming Objects and Fingers: 1,C100192,C82556
C100192,CDISC ADAS-Cog - Naming Objects and Fingers: 1,C100192,C51824
C100192,CDISC ADAS-Cog - Naming Objects and Fingers: 1,C100192,C46126
C100192,CDISC ADAS-Cog - Naming Objects and Fingers: 1,C100192,C82515
C100201,CDISC ADAS-Cog - Naming Objects and Fingers: 10,C100201,C82515
C100201,CDISC ADAS-Cog - Naming Objects and Fingers: 10,C100201,C25692
C100201,CDISC ADAS-Cog - Naming Objects and Fingers: 10,C100201,C46126
C100201,CDISC ADAS-Cog - Naming Objects and Fingers: 10,C100201,C91106
C100201,CDISC ADAS-Cog - Naming Objects and Fingers: 10,C100201,C25372
C100201,CDISC ADAS-Cog - Naming Objects and Fingers: 10,C100201,C41202
C100201,CDISC ADAS-Cog - Naming Objects and Fingers: 10,C100201,C82556
C100201,CDISC ADAS-Cog - Naming Objects and Fingers: 10,C100201,C51824
C100202,CDISC ADAS-Cog - Naming Objects and Fingers: 11,C100202,C82515
C100202,CDISC ADAS-Cog - Naming Objects and Fingers: 11,C100202,C46126
C100202,CDISC ADAS-Cog - Naming Objects and Fingers: 11,C100202,C91106
C100202,CDISC ADAS-Cog - Naming Objects and Fingers: 11,C100202,C25372
C100202,CDISC ADAS-Cog - Naming Objects and Fingers: 11,C100202,C25692
C100202,CDISC ADAS-Cog - Naming Objects and Fingers: 11,C100202,C51824
C100202,CDISC ADAS-Cog - Naming Objects and Fingers: 11,C100202,C82556
C100202,CDISC ADAS-Cog - Naming Objects and Fingers: 11,C100202,C41202
C100203,CDISC ADAS-Cog - Naming Objects and Fingers: 12,C100203,C25372
C100203,CDISC ADAS-Cog - Naming Objects and Fingers: 12,C100203,C41202
C100203,CDISC ADAS-Cog - Naming Objects and Fingers: 12,C100203,C82515
C100203,CDISC ADAS-Cog - Naming Objects and Fingers: 12,C100203,C82556
C100203,CDISC ADAS-Cog - Naming Objects and Fingers: 12,C100203,C46126
C100203,CDISC ADAS-Cog - Naming Objects and Fingers: 12,C100203,C91106
C100203,CDISC ADAS-Cog - Naming Objects and Fingers: 12,C100203,C25692
C100203,CDISC ADAS-Cog - Naming Objects and Fingers: 12,C100203,C51824
C100193,CDISC ADAS-Cog - Naming Objects and Fingers: 2,C100193,C82515
C100193,CDISC ADAS-Cog - Naming Objects and Fingers: 2,C100193,C51824
C100193,CDISC ADAS-Cog - Naming Objects and Fingers: 2,C100193,C91106
C100193,CDISC ADAS-Cog - Naming Objects and Fingers: 2,C100193,C46126
C100193,CDISC ADAS-Cog - Naming Objects and Fingers: 2,C100193,C82556
C100193,CDISC ADAS-Cog - Naming Objects and Fingers: 2,C100193,C25692
C100193,CDISC ADAS-Cog - Naming Objects and Fingers: 2,C100193,C25372
C100193,CDISC ADAS-Cog - Naming Objects and Fingers: 2,C100193,C41202
C100194,CDISC ADAS-Cog - Naming Objects and Fingers: 3,C100194,C82515
C100194,CDISC ADAS-Cog - Naming Objects and Fingers: 3,C100194,C82556
C100194,CDISC ADAS-Cog - Naming Objects and Fingers: 3,C100194,C46126
C100194,CDISC ADAS-Cog - Naming Objects and Fingers: 3,C100194,C25692
C100194,CDISC ADAS-Cog - Naming Objects and Fingers: 3,C100194,C51824
C100194,CDISC ADAS-Cog - Naming Objects and Fingers: 3,C100194,C25372
C100194,CDISC ADAS-Cog - Naming Objects and Fingers: 3,C100194,C91106
C100194,CDISC ADAS-Cog - Naming Objects and Fingers: 3,C100194,C41202
C100195,CDISC ADAS-Cog - Naming Objects and Fingers: 4,C100195,C46126
C100195,CDISC ADAS-Cog - Naming Objects and Fingers: 4,C100195,C82556
C100195,CDISC ADAS-Cog - Naming Objects and Fingers: 4,C100195,C51824
C100195,CDISC ADAS-Cog - Naming Objects and Fingers: 4,C100195,C25692
C100195,CDISC ADAS-Cog - Naming Objects and Fingers: 4,C100195,C82515
C100195,CDISC ADAS-Cog - Naming Objects and Fingers: 4,C100195,C41202
C100195,CDISC ADAS-Cog - Naming Objects and Fingers: 4,C100195,C25372
C100195,CDISC ADAS-Cog - Naming Objects and Fingers: 4,C100195,C91106
C100196,CDISC ADAS-Cog - Naming Objects and Fingers: 5,C100196,C82556
C100196,CDISC ADAS-Cog - Naming Objects and Fingers: 5,C100196,C25372
C100196,CDISC ADAS-Cog - Naming Objects and Fingers: 5,C100196,C25692
C100196,CDISC ADAS-Cog - Naming Objects and Fingers: 5,C100196,C41202
C100196,CDISC ADAS-Cog - Naming Objects and Fingers: 5,C100196,C51824
C100196,CDISC ADAS-Cog - Naming Objects and Fingers: 5,C100196,C46126
C100196,CDISC ADAS-Cog - Naming Objects and Fingers: 5,C100196,C82515
C100196,CDISC ADAS-Cog - Naming Objects and Fingers: 5,C100196,C91106
C100197,CDISC ADAS-Cog - Naming Objects and Fingers: 6,C100197,C25372
C100197,CDISC ADAS-Cog - Naming Objects and Fingers: 6,C100197,C46126
C100197,CDISC ADAS-Cog - Naming Objects and Fingers: 6,C100197,C82515
C100197,CDISC ADAS-Cog - Naming Objects and Fingers: 6,C100197,C51824
C100197,CDISC ADAS-Cog - Naming Objects and Fingers: 6,C100197,C82556
C100197,CDISC ADAS-Cog - Naming Objects and Fingers: 6,C100197,C41202
C100197,CDISC ADAS-Cog - Naming Objects and Fingers: 6,C100197,C25692
C100197,CDISC ADAS-Cog - Naming Objects and Fingers: 6,C100197,C91106
C100198,CDISC ADAS-Cog - Naming Objects and Fingers: 7,C100198,C51824
C100198,CDISC ADAS-Cog - Naming Objects and Fingers: 7,C100198,C25372
C100198,CDISC ADAS-Cog - Naming Objects and Fingers: 7,C100198,C82515
C100198,CDISC ADAS-Cog - Naming Objects and Fingers: 7,C100198,C91106
C100198,CDISC ADAS-Cog - Naming Objects and Fingers: 7,C100198,C46126
C100198,CDISC ADAS-Cog - Naming Objects and Fingers: 7,C100198,C25692
C100198,CDISC ADAS-Cog - Naming Objects and Fingers: 7,C100198,C82556
C100198,CDISC ADAS-Cog - Naming Objects and Fingers: 7,C100198,C41202
C100199,CDISC ADAS-Cog - Naming Objects and Fingers: 8,C100199,C91106
C100199,CDISC ADAS-Cog - Naming Objects and Fingers: 8,C100199,C25372
C100199,CDISC ADAS-Cog - Naming Objects and Fingers: 8,C100199,C25692
C100199,CDISC ADAS-Cog - Naming Objects and Fingers: 8,C100199,C41202
C100199,CDISC ADAS-Cog - Naming Objects and Fingers: 8,C100199,C51824
C100199,CDISC ADAS-Cog - Naming Objects and Fingers: 8,C100199,C82515
C100199,CDISC ADAS-Cog - Naming Objects and Fingers: 8,C100199,C46126
C100199,CDISC ADAS-Cog - Naming Objects and Fingers: 8,C100199,C82556
C100200,CDISC ADAS-Cog - Naming Objects and Fingers: 9,C100200,C46126
C100200,CDISC ADAS-Cog - Naming Objects and Fingers: 9,C100200,C91106
C100200,CDISC ADAS-Cog - Naming Objects and Fingers: 9,C100200,C82515
C100200,CDISC ADAS-Cog - Naming Objects and Fingers: 9,C100200,C51824
C100200,CDISC ADAS-Cog - Naming Objects and Fingers: 9,C100200,C82556
C100200,CDISC ADAS-Cog - Naming Objects and Fingers: 9,C100200,C25692
C100200,CDISC ADAS-Cog - Naming Objects and Fingers: 9,C100200,C41202
C100200,CDISC ADAS-Cog - Naming Objects and Fingers: 9,C100200,C25372
C100206,CDISC ADAS-Cog - Naming Objects and Fingers: Middle,C100206,C82556
C100206,CDISC ADAS-Cog - Naming Objects and Fingers: Middle,C100206,C25372
C100206,CDISC ADAS-Cog - Naming Objects and Fingers: Middle,C100206,C91106
C100206,CDISC ADAS-Cog - Naming Objects and Fingers: Middle,C100206,C46126
C100206,CDISC ADAS-Cog - Naming Objects and Fingers: Middle,C100206,C82515
C100206,CDISC ADAS-Cog - Naming Objects and Fingers: Middle,C100206,C51824
C100206,CDISC ADAS-Cog - Naming Objects and Fingers: Middle,C100206,C25692
C100206,CDISC ADAS-Cog - Naming Objects and Fingers: Middle,C100206,C41202
C100208,CDISC ADAS-Cog - Naming Objects and Fingers: Pinky,C100208,C46126
C100208,CDISC ADAS-Cog - Naming Objects and Fingers: Pinky,C100208,C82515
C100208,CDISC ADAS-Cog - Naming Objects and Fingers: Pinky,C100208,C41202
C100208,CDISC ADAS-Cog - Naming Objects and Fingers: Pinky,C100208,C25372
C100208,CDISC ADAS-Cog - Naming Objects and Fingers: Pinky,C100208,C25692
C100208,CDISC ADAS-Cog - Naming Objects and Fingers: Pinky,C100208,C82556
C100208,CDISC ADAS-Cog - Naming Objects and Fingers: Pinky,C100208,C91106
C100208,CDISC ADAS-Cog - Naming Objects and Fingers: Pinky,C100208,C51824
C100205,CDISC ADAS-Cog - Naming Objects and Fingers: Pointer,C100205,C25372
C100205,CDISC ADAS-Cog - Naming Objects and Fingers: Pointer,C100205,C82515
C100205,CDISC ADAS-Cog - Naming Objects and Fingers: Pointer,C100205,C25692
C100205,CDISC ADAS-Cog - Naming Objects and Fingers: Pointer,C100205,C82556
C100205,CDISC ADAS-Cog - Naming Objects and Fingers: Pointer,C100205,C41202
C100205,CDISC ADAS-Cog - Naming Objects and Fingers: Pointer,C100205,C91106
C100205,CDISC ADAS-Cog - Naming Objects and Fingers: Pointer,C100205,C51824
C100205,CDISC ADAS-Cog - Naming Objects and Fingers: Pointer,C100205,C46126
C100207,CDISC ADAS-Cog - Naming Objects and Fingers: Ring,C100207,C46126
C100207,CDISC ADAS-Cog - Naming Objects and Fingers: Ring,C100207,C41202
C100207,CDISC ADAS-Cog - Naming Objects and Fingers: Ring,C100207,C82515
C100207,CDISC ADAS-Cog - Naming Objects and Fingers: Ring,C100207,C82556
C100207,CDISC ADAS-Cog - Naming Objects and Fingers: Ring,C100207,C51824
C100207,CDISC ADAS-Cog - Naming Objects and Fingers: Ring,C100207,C91106
C100207,CDISC ADAS-Cog - Naming Objects and Fingers: Ring,C100207,C25692
C100207,CDISC ADAS-Cog - Naming Objects and Fingers: Ring,C100207,C25372
C100204,CDISC ADAS-Cog - Naming Objects and Fingers: Thumb,C100204,C25692
C100204,CDISC ADAS-Cog - Naming Objects and Fingers: Thumb,C100204,C91106
C100204,CDISC ADAS-Cog - Naming Objects and Fingers: Thumb,C100204,C41202
C100204,CDISC ADAS-Cog - Naming Objects and Fingers: Thumb,C100204,C46126
C100204,CDISC ADAS-Cog - Naming Objects and Fingers: Thumb,C100204,C82556
C100204,CDISC ADAS-Cog - Naming Objects and Fingers: Thumb,C100204,C51824
C100204,CDISC ADAS-Cog - Naming Objects and Fingers: Thumb,C100204,C82515
C100204,CDISC ADAS-Cog - Naming Objects and Fingers: Thumb,C100204,C25372
C100280,CDISC ADAS-Cog - Number Cancellation Summary Score,C100280,C46126
C100280,CDISC ADAS-Cog - Number Cancellation Summary Score,C100280,C82515
C100280,CDISC ADAS-Cog - Number Cancellation Summary Score,C100280,C91106
C100280,CDISC ADAS-Cog - Number Cancellation Summary Score,C100280,C51824
C100280,CDISC ADAS-Cog - Number Cancellation Summary Score,C100280,C82556
C100280,CDISC ADAS-Cog - Number Cancellation Summary Score,C100280,C41202
C100280,CDISC ADAS-Cog - Number Cancellation Summary Score,C100280,C25692
C100280,CDISC ADAS-Cog - Number Cancellation Summary Score,C100280,C25372
C100281,CDISC ADAS-Cog - Number Cancellation: Correct,C100281,C25372
C100281,CDISC ADAS-Cog - Number Cancellation: Correct,C100281,C82515
C100281,CDISC ADAS-Cog - Number Cancellation: Correct,C100281,C51824
C100281,CDISC ADAS-Cog - Number Cancellation: Correct,C100281,C46126
C100281,CDISC ADAS-Cog - Number Cancellation: Correct,C100281,C41202
C100281,CDISC ADAS-Cog - Number Cancellation: Correct,C100281,C25692
C100281,CDISC ADAS-Cog - Number Cancellation: Correct,C100281,C91106
C100281,CDISC ADAS-Cog - Number Cancellation: Correct,C100281,C82556
C100282,CDISC ADAS-Cog - Number Cancellation: Errors,C100282,C25372
C100282,CDISC ADAS-Cog - Number Cancellation: Errors,C100282,C25692
C100282,CDISC ADAS-Cog - Number Cancellation: Errors,C100282,C46126
C100282,CDISC ADAS-Cog - Number Cancellation: Errors,C100282,C41202
C100282,CDISC ADAS-Cog - Number Cancellation: Errors,C100282,C82556
C100282,CDISC ADAS-Cog - Number Cancellation: Errors,C100282,C51824
C100282,CDISC ADAS-Cog - Number Cancellation: Errors,C100282,C82515
C100282,CDISC ADAS-Cog - Number Cancellation: Errors,C100282,C91106
C100283,CDISC ADAS-Cog - Number Cancellation: Remind,C100283,C91106
C100283,CDISC ADAS-Cog - Number Cancellation: Remind,C100283,C25372
C100283,CDISC ADAS-Cog - Number Cancellation: Remind,C100283,C25692
C100283,CDISC ADAS-Cog - Number Cancellation: Remind,C100283,C82515
C100283,CDISC ADAS-Cog - Number Cancellation: Remind,C100283,C82556
C100283,CDISC ADAS-Cog - Number Cancellation: Remind,C100283,C41202
C100283,CDISC ADAS-Cog - Number Cancellation: Remind,C100283,C46126
C100283,CDISC ADAS-Cog - Number Cancellation: Remind,C100283,C51824
C100238,CDISC ADAS-Cog - Orientation Summary Score,C100238,C91106
C100238,CDISC ADAS-Cog - Orientation Summary Score,C100238,C82556
C100238,CDISC ADAS-Cog - Orientation Summary Score,C100238,C51824
C100238,CDISC ADAS-Cog - Orientation Summary Score,C100238,C82515
C100238,CDISC ADAS-Cog - Orientation Summary Score,C100238,C46126
C100238,CDISC ADAS-Cog - Orientation Summary Score,C100238,C25692
C100238,CDISC ADAS-Cog - Orientation Summary Score,C100238,C41202
C100238,CDISC ADAS-Cog - Orientation Summary Score,C100238,C25372
C100241,CDISC ADAS-Cog - Orientation: Date,C100241,C41202
C100241,CDISC ADAS-Cog - Orientation: Date,C100241,C46126
C100241,CDISC ADAS-Cog - Orientation: Date,C100241,C82515
C100241,CDISC ADAS-Cog - Orientation: Date,C100241,C51824
C100241,CDISC ADAS-Cog - Orientation: Date,C100241,C82556
C100241,CDISC ADAS-Cog - Orientation: Date,C100241,C25692
C100241,CDISC ADAS-Cog - Orientation: Date,C100241,C91106
C100241,CDISC ADAS-Cog - Orientation: Date,C100241,C25372
C100243,CDISC ADAS-Cog - Orientation: Day of Week,C100243,C25372
C100243,CDISC ADAS-Cog - Orientation: Day of Week,C100243,C25692
C100243,CDISC ADAS-Cog - Orientation: Day of Week,C100243,C82515
C100243,CDISC ADAS-Cog - Orientation: Day of Week,C100243,C41202
C100243,CDISC ADAS-Cog - Orientation: Day of Week,C100243,C46126
C100243,CDISC ADAS-Cog - Orientation: Day of Week,C100243,C91106
C100243,CDISC ADAS-Cog - Orientation: Day of Week,C100243,C82556
C100243,CDISC ADAS-Cog - Orientation: Day of Week,C100243,C51824
C100239,CDISC ADAS-Cog - Orientation: Full Name,C100239,C25372
C100239,CDISC ADAS-Cog - Orientation: Full Name,C100239,C25692
C100239,CDISC ADAS-Cog - Orientation: Full Name,C100239,C91106
C100239,CDISC ADAS-Cog - Orientation: Full Name,C100239,C51824
C100239,CDISC ADAS-Cog - Orientation: Full Name,C100239,C46126
C100239,CDISC ADAS-Cog - Orientation: Full Name,C100239,C41202
C100239,CDISC ADAS-Cog - Orientation: Full Name,C100239,C82556
C100239,CDISC ADAS-Cog - Orientation: Full Name,C100239,C82515
C100240,CDISC ADAS-Cog - Orientation: Month,C100240,C41202
C100240,CDISC ADAS-Cog - Orientation: Month,C100240,C91106
C100240,CDISC ADAS-Cog - Orientation: Month,C100240,C82556
C100240,CDISC ADAS-Cog - Orientation: Month,C100240,C25372
C100240,CDISC ADAS-Cog - Orientation: Month,C100240,C51824
C100240,CDISC ADAS-Cog - Orientation: Month,C100240,C82515
C100240,CDISC ADAS-Cog - Orientation: Month,C100240,C46126
C100240,CDISC ADAS-Cog - Orientation: Month,C100240,C25692
C100245,CDISC ADAS-Cog - Orientation: Place,C100245,C41202
C100245,CDISC ADAS-Cog - Orientation: Place,C100245,C51824
C100245,CDISC ADAS-Cog - Orientation: Place,C100245,C82556
C100245,CDISC ADAS-Cog - Orientation: Place,C100245,C82515
C100245,CDISC ADAS-Cog - Orientation: Place,C100245,C91106
C100245,CDISC ADAS-Cog - Orientation: Place,C100245,C46126
C100245,CDISC ADAS-Cog - Orientation: Place,C100245,C25692
C100245,CDISC ADAS-Cog - Orientation: Place,C100245,C25372
C100244,CDISC ADAS-Cog - Orientation: Season,C100244,C25692
C100244,CDISC ADAS-Cog - Orientation: Season,C100244,C25372
C100244,CDISC ADAS-Cog - Orientation: Season,C100244,C46126
C100244,CDISC ADAS-Cog - Orientation: Season,C100244,C82515
C100244,CDISC ADAS-Cog - Orientation: Season,C100244,C82556
C100244,CDISC ADAS-Cog - Orientation: Season,C100244,C91106
C100244,CDISC ADAS-Cog - Orientation: Season,C100244,C51824
C100244,CDISC ADAS-Cog - Orientation: Season,C100244,C41202
C100246,CDISC ADAS-Cog - Orientation: Time,C100246,C82556
C100246,CDISC ADAS-Cog - Orientation: Time,C100246,C46126
C100246,CDISC ADAS-Cog - Orientation: Time,C100246,C41202
C100246,CDISC ADAS-Cog - Orientation: Time,C100246,C91106
C100246,CDISC ADAS-Cog - Orientation: Time,C100246,C25372
C100246,CDISC ADAS-Cog - Orientation: Time,C100246,C82515
C100246,CDISC ADAS-Cog - Orientation: Time,C100246,C25692
C100246,CDISC ADAS-Cog - Orientation: Time,C100246,C51824
C100242,CDISC ADAS-Cog - Orientation: Year,C100242,C46126
C100242,CDISC ADAS-Cog - Orientation: Year,C100242,C82515
C100242,CDISC ADAS-Cog - Orientation: Year,C100242,C41202
C100242,CDISC ADAS-Cog - Orientation: Year,C100242,C25692
C100242,CDISC ADAS-Cog - Orientation: Year,C100242,C82556
C100242,CDISC ADAS-Cog - Orientation: Year,C100242,C25372
C100242,CDISC ADAS-Cog - Orientation: Year,C100242,C51824
C100242,CDISC ADAS-Cog - Orientation: Year,C100242,C91106
C100275,CDISC ADAS-Cog - Remembering Test Instructions,C100275,C82556
C100275,CDISC ADAS-Cog - Remembering Test Instructions,C100275,C41202
C100275,CDISC ADAS-Cog - Remembering Test Instructions,C100275,C25692
C100275,CDISC ADAS-Cog - Remembering Test Instructions,C100275,C25372
C100275,CDISC ADAS-Cog - Remembering Test Instructions,C100275,C91106
C100275,CDISC ADAS-Cog - Remembering Test Instructions,C100275,C46126
C100275,CDISC ADAS-Cog - Remembering Test Instructions,C100275,C51824
C100275,CDISC ADAS-Cog - Remembering Test Instructions,C100275,C82515
C100276,CDISC ADAS-Cog - Spoken Language Ability,C100276,C82556
C100276,CDISC ADAS-Cog - Spoken Language Ability,C100276,C41202
C100276,CDISC ADAS-Cog - Spoken Language Ability,C100276,C25692
C100276,CDISC ADAS-Cog - Spoken Language Ability,C100276,C51824
C100276,CDISC ADAS-Cog - Spoken Language Ability,C100276,C25372
C100276,CDISC ADAS-Cog - Spoken Language Ability,C100276,C91106
C100276,CDISC ADAS-Cog - Spoken Language Ability,C100276,C46126
C100276,CDISC ADAS-Cog - Spoken Language Ability,C100276,C82515
C208544,CDISC ADAS-Cog - Total Score,C208544,C41202
C208544,CDISC ADAS-Cog - Total Score,C208544,C51824
C208544,CDISC ADAS-Cog - Total Score,C208544,C82556
C208544,CDISC ADAS-Cog - Total Score,C208544,C91106
C208544,CDISC ADAS-Cog - Total Score,C208544,C46126
C208544,CDISC ADAS-Cog - Total Score,C208544,C82515
C208544,CDISC ADAS-Cog - Total Score,C208544,C25372
C208544,CDISC ADAS-Cog - Total Score,C208544,C25692
C100277,CDISC ADAS-Cog - Word Difficulty in Spontaneous Speech,C100277,C25372
C100277,CDISC ADAS-Cog - Word Difficulty in Spontaneous Speech,C100277,C91106
C100277,CDISC ADAS-Cog - Word Difficulty in Spontaneous Speech,C100277,C82515
C100277,CDISC ADAS-Cog - Word Difficulty in Spontaneous Speech,C100277,C41202
C100277,CDISC ADAS-Cog - Word Difficulty in Spontaneous Speech,C100277,C82556
C100277,CDISC ADAS-Cog - Word Difficulty in Spontaneous Speech,C100277,C51824
C100277,CDISC ADAS-Cog - Word Difficulty in Spontaneous Speech,C100277,C25692
C100277,CDISC ADAS-Cog - Word Difficulty in Spontaneous Speech,C100277,C46126
C100177,CDISC ADAS-Cog - Word Recall Average Score,C100177,C82515
C100177,CDISC ADAS-Cog - Word Recall Average Score,C100177,C46126
C100177,CDISC ADAS-Cog - Word Recall Average Score,C100177,C51824
C100177,CDISC ADAS-Cog - Word Recall Average Score,C100177,C25372
C100177,CDISC ADAS-Cog - Word Recall Average Score,C100177,C41202
C100177,CDISC ADAS-Cog - Word Recall Average Score,C100177,C82556
C100177,CDISC ADAS-Cog - Word Recall Average Score,C100177,C25692
C100177,CDISC ADAS-Cog - Word Recall Average Score,C100177,C91106
C100178,CDISC ADAS-Cog - Word Recall Trial 1 Subscore,C100178,C82515
C100178,CDISC ADAS-Cog - Word Recall Trial 1 Subscore,C100178,C51824
C100178,CDISC ADAS-Cog - Word Recall Trial 1 Subscore,C100178,C82556
C100178,CDISC ADAS-Cog - Word Recall Trial 1 Subscore,C100178,C41202
C100178,CDISC ADAS-Cog - Word Recall Trial 1 Subscore,C100178,C46126
C100178,CDISC ADAS-Cog - Word Recall Trial 1 Subscore,C100178,C91106
C100178,CDISC ADAS-Cog - Word Recall Trial 1 Subscore,C100178,C25372
C100178,CDISC ADAS-Cog - Word Recall Trial 1 Subscore,C100178,C25692
C100179,CDISC ADAS-Cog - Word Recall Trial 2 Subscore,C100179,C82515
C100179,CDISC ADAS-Cog - Word Recall Trial 2 Subscore,C100179,C51824
C100179,CDISC ADAS-Cog - Word Recall Trial 2 Subscore,C100179,C25692
C100179,CDISC ADAS-Cog - Word Recall Trial 2 Subscore,C100179,C41202
C100179,CDISC ADAS-Cog - Word Recall Trial 2 Subscore,C100179,C25372
C100179,CDISC ADAS-Cog - Word Recall Trial 2 Subscore,C100179,C82556
C100179,CDISC ADAS-Cog - Word Recall Trial 2 Subscore,C100179,C46126
C100179,CDISC ADAS-Cog - Word Recall Trial 2 Subscore,C100179,C91106
C100180,CDISC ADAS-Cog - Word Recall Trial 3 Subscore,C100180,C25692
C100180,CDISC ADAS-Cog - Word Recall Trial 3 Subscore,C100180,C51824
C100180,CDISC ADAS-Cog - Word Recall Trial 3 Subscore,C100180,C46126
C100180,CDISC ADAS-Cog - Word Recall Trial 3 Subscore,C100180,C82515
C100180,CDISC ADAS-Cog - Word Recall Trial 3 Subscore,C100180,C82556
C100180,CDISC ADAS-Cog - Word Recall Trial 3 Subscore,C100180,C41202
C100180,CDISC ADAS-Cog - Word Recall Trial 3 Subscore,C100180,C91106
C100180,CDISC ADAS-Cog - Word Recall Trial 3 Subscore,C100180,C25372
C100181,CDISC ADAS-Cog - Word Recall: Word 1,C100181,C41202
C100181,CDISC ADAS-Cog - Word Recall: Word 1,C100181,C46126
C100181,CDISC ADAS-Cog - Word Recall: Word 1,C100181,C25692
C100181,CDISC ADAS-Cog - Word Recall: Word 1,C100181,C82515
C100181,CDISC ADAS-Cog - Word Recall: Word 1,C100181,C91106
C100181,CDISC ADAS-Cog - Word Recall: Word 1,C100181,C51824
C100181,CDISC ADAS-Cog - Word Recall: Word 1,C100181,C25372
C100181,CDISC ADAS-Cog - Word Recall: Word 1,C100181,C82556
C100190,CDISC ADAS-Cog - Word Recall: Word 10,C100190,C41202
C100190,CDISC ADAS-Cog - Word Recall: Word 10,C100190,C91106
C100190,CDISC ADAS-Cog - Word Recall: Word 10,C100190,C25372
C100190,CDISC ADAS-Cog - Word Recall: Word 10,C100190,C25692
C100190,CDISC ADAS-Cog - Word Recall: Word 10,C100190,C82556
C100190,CDISC ADAS-Cog - Word Recall: Word 10,C100190,C51824
C100190,CDISC ADAS-Cog - Word Recall: Word 10,C100190,C82515
C100190,CDISC ADAS-Cog - Word Recall: Word 10,C100190,C46126
C100182,CDISC ADAS-Cog - Word Recall: Word 2,C100182,C91106
C100182,CDISC ADAS-Cog - Word Recall: Word 2,C100182,C25692
C100182,CDISC ADAS-Cog - Word Recall: Word 2,C100182,C51824
C100182,CDISC ADAS-Cog - Word Recall: Word 2,C100182,C41202
C100182,CDISC ADAS-Cog - Word Recall: Word 2,C100182,C82515
C100182,CDISC ADAS-Cog - Word Recall: Word 2,C100182,C82556
C100182,CDISC ADAS-Cog - Word Recall: Word 2,C100182,C46126
C100182,CDISC ADAS-Cog - Word Recall: Word 2,C100182,C25372
C100183,CDISC ADAS-Cog - Word Recall: Word 3,C100183,C25372
C100183,CDISC ADAS-Cog - Word Recall: Word 3,C100183,C25692
C100183,CDISC ADAS-Cog - Word Recall: Word 3,C100183,C91106
C100183,CDISC ADAS-Cog - Word Recall: Word 3,C100183,C46126
C100183,CDISC ADAS-Cog - Word Recall: Word 3,C100183,C41202
C100183,CDISC ADAS-Cog - Word Recall: Word 3,C100183,C82515
C100183,CDISC ADAS-Cog - Word Recall: Word 3,C100183,C51824
C100183,CDISC ADAS-Cog - Word Recall: Word 3,C100183,C82556
C100184,CDISC ADAS-Cog - Word Recall: Word 4,C100184,C46126
C100184,CDISC ADAS-Cog - Word Recall: Word 4,C100184,C25372
C100184,CDISC ADAS-Cog - Word Recall: Word 4,C100184,C25692
C100184,CDISC ADAS-Cog - Word Recall: Word 4,C100184,C51824
C100184,CDISC ADAS-Cog - Word Recall: Word 4,C100184,C91106
C100184,CDISC ADAS-Cog - Word Recall: Word 4,C100184,C82556
C100184,CDISC ADAS-Cog - Word Recall: Word 4,C100184,C82515
C100184,CDISC ADAS-Cog - Word Recall: Word 4,C100184,C41202
C100185,CDISC ADAS-Cog - Word Recall: Word 5,C100185,C82515
C100185,CDISC ADAS-Cog - Word Recall: Word 5,C100185,C46126
C100185,CDISC ADAS-Cog - Word Recall: Word 5,C100185,C91106
C100185,CDISC ADAS-Cog - Word Recall: Word 5,C100185,C25372
C100185,CDISC ADAS-Cog - Word Recall: Word 5,C100185,C25692
C100185,CDISC ADAS-Cog - Word Recall: Word 5,C100185,C41202
C100185,CDISC ADAS-Cog - Word Recall: Word 5,C100185,C82556
C100185,CDISC ADAS-Cog - Word Recall: Word 5,C100185,C51824
C100186,CDISC ADAS-Cog - Word Recall: Word 6,C100186,C91106
C100186,CDISC ADAS-Cog - Word Recall: Word 6,C100186,C25372
C100186,CDISC ADAS-Cog - Word Recall: Word 6,C100186,C25692
C100186,CDISC ADAS-Cog - Word Recall: Word 6,C100186,C82556
C100186,CDISC ADAS-Cog - Word Recall: Word 6,C100186,C51824
C100186,CDISC ADAS-Cog - Word Recall: Word 6,C100186,C82515
C100186,CDISC ADAS-Cog - Word Recall: Word 6,C100186,C46126
C100186,CDISC ADAS-Cog - Word Recall: Word 6,C100186,C41202
C100187,CDISC ADAS-Cog - Word Recall: Word 7,C100187,C91106
C100187,CDISC ADAS-Cog - Word Recall: Word 7,C100187,C82556
C100187,CDISC ADAS-Cog - Word Recall: Word 7,C100187,C41202
C100187,CDISC ADAS-Cog - Word Recall: Word 7,C100187,C25692
C100187,CDISC ADAS-Cog - Word Recall: Word 7,C100187,C25372
C100187,CDISC ADAS-Cog - Word Recall: Word 7,C100187,C82515
C100187,CDISC ADAS-Cog - Word Recall: Word 7,C100187,C46126
C100187,CDISC ADAS-Cog - Word Recall: Word 7,C100187,C51824
C100188,CDISC ADAS-Cog - Word Recall: Word 8,C100188,C46126
C100188,CDISC ADAS-Cog - Word Recall: Word 8,C100188,C82556
C100188,CDISC ADAS-Cog - Word Recall: Word 8,C100188,C25692
C100188,CDISC ADAS-Cog - Word Recall: Word 8,C100188,C91106
C100188,CDISC ADAS-Cog - Word Recall: Word 8,C100188,C25372
C100188,CDISC ADAS-Cog - Word Recall: Word 8,C100188,C41202
C100188,CDISC ADAS-Cog - Word Recall: Word 8,C100188,C51824
C100188,CDISC ADAS-Cog - Word Recall: Word 8,C100188,C82515
C100189,CDISC ADAS-Cog - Word Recall: Word 9,C100189,C25372
C100189,CDISC ADAS-Cog - Word Recall: Word 9,C100189,C41202
C100189,CDISC ADAS-Cog - Word Recall: Word 9,C100189,C82556
C100189,CDISC ADAS-Cog - Word Recall: Word 9,C100189,C51824
C100189,CDISC ADAS-Cog - Word Recall: Word 9,C100189,C82515
C100189,CDISC ADAS-Cog - Word Recall: Word 9,C100189,C25692
C100189,CDISC ADAS-Cog - Word Recall: Word 9,C100189,C46126
C100189,CDISC ADAS-Cog - Word Recall: Word 9,C100189,C91106
C100247,CDISC ADAS-Cog - Word Recognition Summary Score,C100247,C82556
C100247,CDISC ADAS-Cog - Word Recognition Summary Score,C100247,C41202
C100247,CDISC ADAS-Cog - Word Recognition Summary Score,C100247,C25692
C100247,CDISC ADAS-Cog - Word Recognition Summary Score,C100247,C46126
C100247,CDISC ADAS-Cog - Word Recognition Summary Score,C100247,C25372
C100247,CDISC ADAS-Cog - Word Recognition Summary Score,C100247,C91106
C100247,CDISC ADAS-Cog - Word Recognition Summary Score,C100247,C51824
C100247,CDISC ADAS-Cog - Word Recognition Summary Score,C100247,C82515
C100248,CDISC ADAS-Cog - Word Recognition Trial 1 Summary Score,C100248,C82556
C100248,CDISC ADAS-Cog - Word Recognition Trial 1 Summary Score,C100248,C25692
C100248,CDISC ADAS-Cog - Word Recognition Trial 1 Summary Score,C100248,C82515
C100248,CDISC ADAS-Cog - Word Recognition Trial 1 Summary Score,C100248,C51824
C100248,CDISC ADAS-Cog - Word Recognition Trial 1 Summary Score,C100248,C41202
C100248,CDISC ADAS-Cog - Word Recognition Trial 1 Summary Score,C100248,C25372
C100248,CDISC ADAS-Cog - Word Recognition Trial 1 Summary Score,C100248,C46126
C100248,CDISC ADAS-Cog - Word Recognition Trial 1 Summary Score,C100248,C91106
C100249,CDISC ADAS-Cog - Word Recognition Trial 2 Summary Score,C100249,C25692
C100249,CDISC ADAS-Cog - Word Recognition Trial 2 Summary Score,C100249,C91106
C100249,CDISC ADAS-Cog - Word Recognition Trial 2 Summary Score,C100249,C82515
C100249,CDISC ADAS-Cog - Word Recognition Trial 2 Summary Score,C100249,C51824
C100249,CDISC ADAS-Cog - Word Recognition Trial 2 Summary Score,C100249,C82556
C100249,CDISC ADAS-Cog - Word Recognition Trial 2 Summary Score,C100249,C41202
C100249,CDISC ADAS-Cog - Word Recognition Trial 2 Summary Score,C100249,C46126
C100249,CDISC ADAS-Cog - Word Recognition Trial 2 Summary Score,C100249,C25372
C100250,CDISC ADAS-Cog - Word Recognition Trial 3 Summary Score,C100250,C41202
C100250,CDISC ADAS-Cog - Word Recognition Trial 3 Summary Score,C100250,C25692
C100250,CDISC ADAS-Cog - Word Recognition Trial 3 Summary Score,C100250,C25372
C100250,CDISC ADAS-Cog - Word Recognition Trial 3 Summary Score,C100250,C51824
C100250,CDISC ADAS-Cog - Word Recognition Trial 3 Summary Score,C100250,C82515
C100250,CDISC ADAS-Cog - Word Recognition Trial 3 Summary Score,C100250,C46126
C100250,CDISC ADAS-Cog - Word Recognition Trial 3 Summary Score,C100250,C91106
C100250,CDISC ADAS-Cog - Word Recognition Trial 3 Summary Score,C100250,C82556
C100251,CDISC ADAS-Cog - Word Recognition: Word 1,C100251,C51824
C100251,CDISC ADAS-Cog - Word Recognition: Word 1,C100251,C25372
C100251,CDISC ADAS-Cog - Word Recognition: Word 1,C100251,C82556
C100251,CDISC ADAS-Cog - Word Recognition: Word 1,C100251,C91106
C100251,CDISC ADAS-Cog - Word Recognition: Word 1,C100251,C25692
C100251,CDISC ADAS-Cog - Word Recognition: Word 1,C100251,C46126
C100251,CDISC ADAS-Cog - Word Recognition: Word 1,C100251,C82515
C100251,CDISC ADAS-Cog - Word Recognition: Word 1,C100251,C41202
C100260,CDISC ADAS-Cog - Word Recognition: Word 10,C100260,C51824
C100260,CDISC ADAS-Cog - Word Recognition: Word 10,C100260,C82515
C100260,CDISC ADAS-Cog - Word Recognition: Word 10,C100260,C91106
C100260,CDISC ADAS-Cog - Word Recognition: Word 10,C100260,C41202
C100260,CDISC ADAS-Cog - Word Recognition: Word 10,C100260,C46126
C100260,CDISC ADAS-Cog - Word Recognition: Word 10,C100260,C25692
C100260,CDISC ADAS-Cog - Word Recognition: Word 10,C100260,C25372
C100260,CDISC ADAS-Cog - Word Recognition: Word 10,C100260,C82556
C100261,CDISC ADAS-Cog - Word Recognition: Word 11,C100261,C25692
C100261,CDISC ADAS-Cog - Word Recognition: Word 11,C100261,C82515
C100261,CDISC ADAS-Cog - Word Recognition: Word 11,C100261,C25372
C100261,CDISC ADAS-Cog - Word Recognition: Word 11,C100261,C46126
C100261,CDISC ADAS-Cog - Word Recognition: Word 11,C100261,C41202
C100261,CDISC ADAS-Cog - Word Recognition: Word 11,C100261,C82556
C100261,CDISC ADAS-Cog - Word Recognition: Word 11,C100261,C51824
C100261,CDISC ADAS-Cog - Word Recognition: Word 11,C100261,C91106
C100262,CDISC ADAS-Cog - Word Recognition: Word 12,C100262,C25692
C100262,CDISC ADAS-Cog - Word Recognition: Word 12,C100262,C25372
C100262,CDISC ADAS-Cog - Word Recognition: Word 12,C100262,C91106
C100262,CDISC ADAS-Cog - Word Recognition: Word 12,C100262,C46126
C100262,CDISC ADAS-Cog - Word Recognition: Word 12,C100262,C82556
C100262,CDISC ADAS-Cog - Word Recognition: Word 12,C100262,C51824
C100262,CDISC ADAS-Cog - Word Recognition: Word 12,C100262,C82515
C100262,CDISC ADAS-Cog - Word Recognition: Word 12,C100262,C41202
C100263,CDISC ADAS-Cog - Word Recognition: Word 13,C100263,C41202
C100263,CDISC ADAS-Cog - Word Recognition: Word 13,C100263,C82515
C100263,CDISC ADAS-Cog - Word Recognition: Word 13,C100263,C51824
C100263,CDISC ADAS-Cog - Word Recognition: Word 13,C100263,C25372
C100263,CDISC ADAS-Cog - Word Recognition: Word 13,C100263,C25692
C100263,CDISC ADAS-Cog - Word Recognition: Word 13,C100263,C82556
C100263,CDISC ADAS-Cog - Word Recognition: Word 13,C100263,C91106
C100263,CDISC ADAS-Cog - Word Recognition: Word 13,C100263,C46126
C100264,CDISC ADAS-Cog - Word Recognition: Word 14,C100264,C82556
C100264,CDISC ADAS-Cog - Word Recognition: Word 14,C100264,C91106
C100264,CDISC ADAS-Cog - Word Recognition: Word 14,C100264,C46126
C100264,CDISC ADAS-Cog - Word Recognition: Word 14,C100264,C51824
C100264,CDISC ADAS-Cog - Word Recognition: Word 14,C100264,C25372
C100264,CDISC ADAS-Cog - Word Recognition: Word 14,C100264,C41202
C100264,CDISC ADAS-Cog - Word Recognition: Word 14,C100264,C82515
C100264,CDISC ADAS-Cog - Word Recognition: Word 14,C100264,C25692
C100265,CDISC ADAS-Cog - Word Recognition: Word 15,C100265,C82556
C100265,CDISC ADAS-Cog - Word Recognition: Word 15,C100265,C91106
C100265,CDISC ADAS-Cog - Word Recognition: Word 15,C100265,C51824
C100265,CDISC ADAS-Cog - Word Recognition: Word 15,C100265,C25372
C100265,CDISC ADAS-Cog - Word Recognition: Word 15,C100265,C46126
C100265,CDISC ADAS-Cog - Word Recognition: Word 15,C100265,C25692
C100265,CDISC ADAS-Cog - Word Recognition: Word 15,C100265,C82515
C100265,CDISC ADAS-Cog - Word Recognition: Word 15,C100265,C41202
C100266,CDISC ADAS-Cog - Word Recognition: Word 16,C100266,C91106
C100266,CDISC ADAS-Cog - Word Recognition: Word 16,C100266,C82515
C100266,CDISC ADAS-Cog - Word Recognition: Word 16,C100266,C46126
C100266,CDISC ADAS-Cog - Word Recognition: Word 16,C100266,C25692
C100266,CDISC ADAS-Cog - Word Recognition: Word 16,C100266,C41202
C100266,CDISC ADAS-Cog - Word Recognition: Word 16,C100266,C51824
C100266,CDISC ADAS-Cog - Word Recognition: Word 16,C100266,C25372
C100266,CDISC ADAS-Cog - Word Recognition: Word 16,C100266,C82556
C100267,CDISC ADAS-Cog - Word Recognition: Word 17,C100267,C46126
C100267,CDISC ADAS-Cog - Word Recognition: Word 17,C100267,C91106
C100267,CDISC ADAS-Cog - Word Recognition: Word 17,C100267,C51824
C100267,CDISC ADAS-Cog - Word Recognition: Word 17,C100267,C25372
C100267,CDISC ADAS-Cog - Word Recognition: Word 17,C100267,C25692
C100267,CDISC ADAS-Cog - Word Recognition: Word 17,C100267,C41202
C100267,CDISC ADAS-Cog - Word Recognition: Word 17,C100267,C82556
C100267,CDISC ADAS-Cog - Word Recognition: Word 17,C100267,C82515
C100268,CDISC ADAS-Cog - Word Recognition: Word 18,C100268,C41202
C100268,CDISC ADAS-Cog - Word Recognition: Word 18,C100268,C91106
C100268,CDISC ADAS-Cog - Word Recognition: Word 18,C100268,C82556
C100268,CDISC ADAS-Cog - Word Recognition: Word 18,C100268,C25692
C100268,CDISC ADAS-Cog - Word Recognition: Word 18,C100268,C25372
C100268,CDISC ADAS-Cog - Word Recognition: Word 18,C100268,C51824
C100268,CDISC ADAS-Cog - Word Recognition: Word 18,C100268,C82515
C100268,CDISC ADAS-Cog - Word Recognition: Word 18,C100268,C46126
C100269,CDISC ADAS-Cog - Word Recognition: Word 19,C100269,C46126
C100269,CDISC ADAS-Cog - Word Recognition: Word 19,C100269,C51824
C100269,CDISC ADAS-Cog - Word Recognition: Word 19,C100269,C82556
C100269,CDISC ADAS-Cog - Word Recognition: Word 19,C100269,C82515
C100269,CDISC ADAS-Cog - Word Recognition: Word 19,C100269,C41202
C100269,CDISC ADAS-Cog - Word Recognition: Word 19,C100269,C91106
C100269,CDISC ADAS-Cog - Word Recognition: Word 19,C100269,C25692
C100269,CDISC ADAS-Cog - Word Recognition: Word 19,C100269,C25372
C100252,CDISC ADAS-Cog - Word Recognition: Word 2,C100252,C91106
C100252,CDISC ADAS-Cog - Word Recognition: Word 2,C100252,C82515
C100252,CDISC ADAS-Cog - Word Recognition: Word 2,C100252,C51824
C100252,CDISC ADAS-Cog - Word Recognition: Word 2,C100252,C82556
C100252,CDISC ADAS-Cog - Word Recognition: Word 2,C100252,C41202
C100252,CDISC ADAS-Cog - Word Recognition: Word 2,C100252,C25692
C100252,CDISC ADAS-Cog - Word Recognition: Word 2,C100252,C46126
C100252,CDISC ADAS-Cog - Word Recognition: Word 2,C100252,C25372
C100270,CDISC ADAS-Cog - Word Recognition: Word 20,C100270,C46126
C100270,CDISC ADAS-Cog - Word Recognition: Word 20,C100270,C25692
C100270,CDISC ADAS-Cog - Word Recognition: Word 20,C100270,C82515
C100270,CDISC ADAS-Cog - Word Recognition: Word 20,C100270,C82556
C100270,CDISC ADAS-Cog - Word Recognition: Word 20,C100270,C91106
C100270,CDISC ADAS-Cog - Word Recognition: Word 20,C100270,C25372
C100270,CDISC ADAS-Cog - Word Recognition: Word 20,C100270,C51824
C100270,CDISC ADAS-Cog - Word Recognition: Word 20,C100270,C41202
C100271,CDISC ADAS-Cog - Word Recognition: Word 21,C100271,C82556
C100271,CDISC ADAS-Cog - Word Recognition: Word 21,C100271,C25692
C100271,CDISC ADAS-Cog - Word Recognition: Word 21,C100271,C46126
C100271,CDISC ADAS-Cog - Word Recognition: Word 21,C100271,C91106
C100271,CDISC ADAS-Cog - Word Recognition: Word 21,C100271,C41202
C100271,CDISC ADAS-Cog - Word Recognition: Word 21,C100271,C82515
C100271,CDISC ADAS-Cog - Word Recognition: Word 21,C100271,C51824
C100271,CDISC ADAS-Cog - Word Recognition: Word 21,C100271,C25372
C100272,CDISC ADAS-Cog - Word Recognition: Word 22,C100272,C41202
C100272,CDISC ADAS-Cog - Word Recognition: Word 22,C100272,C51824
C100272,CDISC ADAS-Cog - Word Recognition: Word 22,C100272,C82556
C100272,CDISC ADAS-Cog - Word Recognition: Word 22,C100272,C91106
C100272,CDISC ADAS-Cog - Word Recognition: Word 22,C100272,C46126
C100272,CDISC ADAS-Cog - Word Recognition: Word 22,C100272,C25692
C100272,CDISC ADAS-Cog - Word Recognition: Word 22,C100272,C25372
C100272,CDISC ADAS-Cog - Word Recognition: Word 22,C100272,C82515
C100273,CDISC ADAS-Cog - Word Recognition: Word 23,C100273,C51824
C100273,CDISC ADAS-Cog - Word Recognition: Word 23,C100273,C82556
C100273,CDISC ADAS-Cog - Word Recognition: Word 23,C100273,C46126
C100273,CDISC ADAS-Cog - Word Recognition: Word 23,C100273,C91106
C100273,CDISC ADAS-Cog - Word Recognition: Word 23,C100273,C41202
C100273,CDISC ADAS-Cog - Word Recognition: Word 23,C100273,C25372
C100273,CDISC ADAS-Cog - Word Recognition: Word 23,C100273,C25692
C100273,CDISC ADAS-Cog - Word Recognition: Word 23,C100273,C82515
C100274,CDISC ADAS-Cog - Word Recognition: Word 24,C100274,C82515
C100274,CDISC ADAS-Cog - Word Recognition: Word 24,C100274,C41202
C100274,CDISC ADAS-Cog - Word Recognition: Word 24,C100274,C46126
C100274,CDISC ADAS-Cog - Word Recognition: Word 24,C100274,C91106
C100274,CDISC ADAS-Cog - Word Recognition: Word 24,C100274,C25372
C100274,CDISC ADAS-Cog - Word Recognition: Word 24,C100274,C25692
C100274,CDISC ADAS-Cog - Word Recognition: Word 24,C100274,C82556
C100274,CDISC ADAS-Cog - Word Recognition: Word 24,C100274,C51824
C100253,CDISC ADAS-Cog - Word Recognition: Word 3,C100253,C25372
C100253,CDISC ADAS-Cog - Word Recognition: Word 3,C100253,C25692
C100253,CDISC ADAS-Cog - Word Recognition: Word 3,C100253,C91106
C100253,CDISC ADAS-Cog - Word Recognition: Word 3,C100253,C82515
C100253,CDISC ADAS-Cog - Word Recognition: Word 3,C100253,C51824
C100253,CDISC ADAS-Cog - Word Recognition: Word 3,C100253,C46126
C100253,CDISC ADAS-Cog - Word Recognition: Word 3,C100253,C82556
C100253,CDISC ADAS-Cog - Word Recognition: Word 3,C100253,C41202
C100254,CDISC ADAS-Cog - Word Recognition: Word 4,C100254,C25372
C100254,CDISC ADAS-Cog - Word Recognition: Word 4,C100254,C25692
C100254,CDISC ADAS-Cog - Word Recognition: Word 4,C100254,C82556
C100254,CDISC ADAS-Cog - Word Recognition: Word 4,C100254,C41202
C100254,CDISC ADAS-Cog - Word Recognition: Word 4,C100254,C82515
C100254,CDISC ADAS-Cog - Word Recognition: Word 4,C100254,C51824
C100254,CDISC ADAS-Cog - Word Recognition: Word 4,C100254,C46126
C100254,CDISC ADAS-Cog - Word Recognition: Word 4,C100254,C91106
C100255,CDISC ADAS-Cog - Word Recognition: Word 5,C100255,C25692
C100255,CDISC ADAS-Cog - Word Recognition: Word 5,C100255,C91106
C100255,CDISC ADAS-Cog - Word Recognition: Word 5,C100255,C82556
C100255,CDISC ADAS-Cog - Word Recognition: Word 5,C100255,C51824
C100255,CDISC ADAS-Cog - Word Recognition: Word 5,C100255,C46126
C100255,CDISC ADAS-Cog - Word Recognition: Word 5,C100255,C82515
C100255,CDISC ADAS-Cog - Word Recognition: Word 5,C100255,C25372
C100255,CDISC ADAS-Cog - Word Recognition: Word 5,C100255,C41202
C100256,CDISC ADAS-Cog - Word Recognition: Word 6,C100256,C82515
C100256,CDISC ADAS-Cog - Word Recognition: Word 6,C100256,C25692
C100256,CDISC ADAS-Cog - Word Recognition: Word 6,C100256,C46126
C100256,CDISC ADAS-Cog - Word Recognition: Word 6,C100256,C91106
C100256,CDISC ADAS-Cog - Word Recognition: Word 6,C100256,C25372
C100256,CDISC ADAS-Cog - Word Recognition: Word 6,C100256,C41202
C100256,CDISC ADAS-Cog - Word Recognition: Word 6,C100256,C82556
C100256,CDISC ADAS-Cog - Word Recognition: Word 6,C100256,C51824
C100257,CDISC ADAS-Cog - Word Recognition: Word 7,C100257,C46126
C100257,CDISC ADAS-Cog - Word Recognition: Word 7,C100257,C91106
C100257,CDISC ADAS-Cog - Word Recognition: Word 7,C100257,C82515
C100257,CDISC ADAS-Cog - Word Recognition: Word 7,C100257,C51824
C100257,CDISC ADAS-Cog - Word Recognition: Word 7,C100257,C82556
C100257,CDISC ADAS-Cog - Word Recognition: Word 7,C100257,C41202
C100257,CDISC ADAS-Cog - Word Recognition: Word 7,C100257,C25692
C100257,CDISC ADAS-Cog - Word Recognition: Word 7,C100257,C25372
C100258,CDISC ADAS-Cog - Word Recognition: Word 8,C100258,C91106
C100258,CDISC ADAS-Cog - Word Recognition: Word 8,C100258,C41202
C100258,CDISC ADAS-Cog - Word Recognition: Word 8,C100258,C46126
C100258,CDISC ADAS-Cog - Word Recognition: Word 8,C100258,C25692
C100258,CDISC ADAS-Cog - Word Recognition: Word 8,C100258,C82515
C100258,CDISC ADAS-Cog - Word Recognition: Word 8,C100258,C25372
C100258,CDISC ADAS-Cog - Word Recognition: Word 8,C100258,C82556
C100258,CDISC ADAS-Cog - Word Recognition: Word 8,C100258,C51824
C100259,CDISC ADAS-Cog - Word Recognition: Word 9,C100259,C82556
C100259,CDISC ADAS-Cog - Word Recognition: Word 9,C100259,C51824
C100259,CDISC ADAS-Cog - Word Recognition: Word 9,C100259,C82515
C100259,CDISC ADAS-Cog - Word Recognition: Word 9,C100259,C25372
C100259,CDISC ADAS-Cog - Word Recognition: Word 9,C100259,C46126
C100259,CDISC ADAS-Cog - Word Recognition: Word 9,C100259,C91106
C100259,CDISC ADAS-Cog - Word Recognition: Word 9,C100259,C41202
C100259,CDISC ADAS-Cog - Word Recognition: Word 9,C100259,C25692
C211913,CDISC QRS Instruments Questions,C211913,
C156602,CDISC Therapeutic Area User Guide Name and Version,C156602,C117458
C156602,CDISC Therapeutic Area User Guide Name and Version,C156602,C83447
C156602,CDISC Therapeutic Area User Guide Name and Version,C156602,C83445
C156602,CDISC Therapeutic Area User Guide Name and Version,C156602,C49691
C156602,CDISC Therapeutic Area User Guide Name and Version,C156602,C117460
C156602,CDISC Therapeutic Area User Guide Name and Version,C156602,C117461
C204700,CDISC Tobacco Implementation Guide Version,C204700,C83447
C204700,CDISC Tobacco Implementation Guide Version,C204700,C49691
C204700,CDISC Tobacco Implementation Guide Version,C204700,C83445
C132556,CES - Ever Combat Patrols or Dangerous Duty,C132556,C46126
C132556,CES - Ever Combat Patrols or Dangerous Duty,C132556,C91106
C132556,CES - Ever Combat Patrols or Dangerous Duty,C132556,C25372
C132556,CES - Ever Combat Patrols or Dangerous Duty,C132556,C82515
C132558,CES - Ever Surrounded by the Enemy,C132558,C91106
C132558,CES - Ever Surrounded by the Enemy,C132558,C46126
C132558,CES - Ever Surrounded by the Enemy,C132558,C82515
C132558,CES - Ever Surrounded by the Enemy,C132558,C25372
C132560,CES - How Often Fire Rounds at Enemy,C132560,C91106
C132560,CES - How Often Fire Rounds at Enemy,C132560,C25372
C132560,CES - How Often Fire Rounds at Enemy,C132560,C82515
C132560,CES - How Often Fire Rounds at Enemy,C132560,C46126
C132562,CES - In Danger of Being Injured or Killed,C132562,C82515
C132562,CES - In Danger of Being Injured or Killed,C132562,C91106
C132562,CES - In Danger of Being Injured or Killed,C132562,C46126
C132562,CES - In Danger of Being Injured or Killed,C132562,C25372
C132561,CES - See Someone Hit by Rounds,C132561,C46126
C132561,CES - See Someone Hit by Rounds,C132561,C91106
C132561,CES - See Someone Hit by Rounds,C132561,C25372
C132561,CES - See Someone Hit by Rounds,C132561,C82515
C132559,"CES - Soldiers in Unit Killed (KIA), Wounded, Missing (MIA)",C132559,C46126
C132559,"CES - Soldiers in Unit Killed (KIA), Wounded, Missing (MIA)",C132559,C91106
C132559,"CES - Soldiers in Unit Killed (KIA), Wounded, Missing (MIA)",C132559,C25372
C132559,"CES - Soldiers in Unit Killed (KIA), Wounded, Missing (MIA)",C132559,C82515
C132557,CES - Were You Ever Under Enemy Fire,C132557,C46126
C132557,CES - Were You Ever Under Enemy Fire,C132557,C82515
C132557,CES - Were You Ever Under Enemy Fire,C132557,C91106
C132557,CES - Were You Ever Under Enemy Fire,C132557,C25372
C132527,CES Questionnaire Question,C132527,
C135815,CGI Generic Modification Version - Change,C135815,C82515
C135815,CGI Generic Modification Version - Change,C135815,C91106
C135815,CGI Generic Modification Version - Change,C135815,C46126
C135815,CGI Generic Modification Version - Change,C135815,C25372
C135815,CGI Generic Modification Version - Change,C135815,C82535
C135816,CGI Generic Modification Version - Improvement,C135816,C82535
C135816,CGI Generic Modification Version - Improvement,C135816,C82515
C135816,CGI Generic Modification Version - Improvement,C135816,C91106
C135816,CGI Generic Modification Version - Improvement,C135816,C46126
C135816,CGI Generic Modification Version - Improvement,C135816,C25372
C135814,CGI Generic Modification Version - Severity,C135814,C91106
C135814,CGI Generic Modification Version - Severity,C135814,C25372
C135814,CGI Generic Modification Version - Severity,C135814,C46126
C135814,CGI Generic Modification Version - Severity,C135814,C82535
C135814,CGI Generic Modification Version - Severity,C135814,C82515
C135705,CGI Generic Modification Version Questionnaire Question,C135705,
C75342,CNS Stimulant Drug Measurement,C75342,
C201990,Caffeine Use History,C201990,C171000
C201990,Caffeine Use History,C201990,C25692
C201990,Caffeine Use History,C201990,C83044
C201990,Caffeine Use History,C201990,C127786
C201990,Caffeine Use History,C201990,C82574
C201990,Caffeine Use History,C201990,C82558
C201990,Caffeine Use History,C201990,C82557
C201990,Caffeine Use History,C201990,C82575
C201990,Caffeine Use History,C201990,C82560
C201990,Caffeine Use History,C201990,C82559
C201990,Caffeine Use History,C201990,C162326
C201990,Caffeine Use History,C201990,C83419
C201990,Caffeine Use History,C201990,C83431
C201990,Caffeine Use History,C201990,C25372
C201990,Caffeine Use History,C201990,C83041
C201990,Caffeine Use History,C201990,C83416
C201990,Caffeine Use History,C201990,C83092
C201990,Caffeine Use History,C201990,C83038
C64488,Calcium Measurement,C64488,C70856
C64488,Calcium Measurement,C64488,C93566
C64488,Calcium Measurement,C64488,C48207
C64488,Calcium Measurement,C64488,C70713
C64488,Calcium Measurement,C64488,C82515
C178060,Calf Circumference,C178060,C70856
C178060,Calf Circumference,C178060,C42578
C178060,Calf Circumference,C178060,C82515
C168125,Capillary Refill Test,C168125,C82515
C168125,Capillary Refill Test,C168125,C70856
C168125,Capillary Refill Test,C168125,C42574
C64545,Carbon Dioxide Measurement,C64545,C82515
C64545,Carbon Dioxide Measurement,C64545,C70856
C64545,Carbon Dioxide Measurement,C64545,C93566
C64545,Carbon Dioxide Measurement,C64545,C64567
C64545,Carbon Dioxide Measurement,C64545,C70713
C38083,Carbon Monoxide Diffusing Capability Test,C38083,C44279
C38083,Carbon Monoxide Diffusing Capability Test,C38083,C70856
C38083,Carbon Monoxide Diffusing Capability Test,C38083,C82515
C139084,Carbon Monoxide Measurement,C139084,C82515
C139084,Carbon Monoxide Measurement,C139084,C70713
C139084,Carbon Monoxide Measurement,C139084,C48207
C139084,Carbon Monoxide Measurement,C139084,C70856
C96591,Carboxyhemoglobin Measurement,C96591,C70713
C96591,Carboxyhemoglobin Measurement,C96591,C70856
C96591,Carboxyhemoglobin Measurement,C96591,C82515
C96591,Carboxyhemoglobin Measurement,C96591,C64571
C147355,Carboxyhemoglobin to Total Hemoglobin Ratio Measurement,C147355,C48570
C147355,Carboxyhemoglobin to Total Hemoglobin Ratio Measurement,C147355,C70713
C147355,Carboxyhemoglobin to Total Hemoglobin Ratio Measurement,C147355,C82515
C147355,Carboxyhemoglobin to Total Hemoglobin Ratio Measurement,C147355,C70856
C45398,Carcinogenic Nitrosamine,C45398,
C16094,Cardiac Function Study,C16094,
C122008,Cardiovascular Examination,C122008,
C35552,Cardiovascular System Finding,C35552,
C81239,Cause of Death,C81239,
C48938,Cell Count,C48938,
C111153,Cellularity Measurement,C111153,C25372
C111153,Cellularity Measurement,C111153,C25692
C111153,Cellularity Measurement,C111153,C82515
C111153,Cellularity Measurement,C111153,C70713
C111153,Cellularity Measurement,C111153,C171435
C111153,Cellularity Measurement,C111153,C48570
C111153,Cellularity Measurement,C111153,C70856
C214750,Challenge Agent Name,C214750,C117461
C214750,Challenge Agent Name,C214750,C117460
C214750,Challenge Agent Name,C214750,C83447
C214750,Challenge Agent Name,C214750,C83445
C214750,Challenge Agent Name,C214750,C49691
C111155,Chamber Hypertrophy or Enlargement ECG Assessment,C111155,C82535
C111155,Chamber Hypertrophy or Enlargement ECG Assessment,C111155,C70856
C111155,Chamber Hypertrophy or Enlargement ECG Assessment,C111155,C82515
C111155,Chamber Hypertrophy or Enlargement ECG Assessment,C111155,C50282
C111155,Chamber Hypertrophy or Enlargement ECG Assessment,C111155,C51824
C111155,Chamber Hypertrophy or Enlargement ECG Assessment,C111155,C25372
C111155,Chamber Hypertrophy or Enlargement ECG Assessment,C111155,C62164
C68805,Character,C68805,
C25447,Characteristic,C25447,
C49237,Chemistry Test,C49237,
C156606,Chest Circumference,C156606,C42578
C156606,Chest Circumference,C156606,C82515
C156606,Chest Circumference,C156606,C70856
C121069,Child-Pugh - Ascites,C121069,C46126
C121069,Child-Pugh - Ascites,C121069,C25372
C121069,Child-Pugh - Ascites,C121069,C51824
C121069,Child-Pugh - Ascites,C121069,C82515
C121069,Child-Pugh - Ascites,C121069,C91106
C121068,Child-Pugh - Encephalopathy Grade,C121068,C82515
C121068,Child-Pugh - Encephalopathy Grade,C121068,C91106
C121068,Child-Pugh - Encephalopathy Grade,C121068,C25372
C121068,Child-Pugh - Encephalopathy Grade,C121068,C51824
C121068,Child-Pugh - Encephalopathy Grade,C121068,C46126
C121075,Child-Pugh - Grade,C121075,C51824
C121075,Child-Pugh - Grade,C121075,C82515
C121075,Child-Pugh - Grade,C121075,C91106
C121075,Child-Pugh - Grade,C121075,C25372
C121073,"Child-Pugh - PT, INR",C121073,C46126
C121073,"Child-Pugh - PT, INR",C121073,C91106
C121073,"Child-Pugh - PT, INR",C121073,C25372
C121073,"Child-Pugh - PT, INR",C121073,C82515
C121073,"Child-Pugh - PT, INR",C121073,C51824
C121072,"Child-Pugh - PT, Sec Prolonged",C121072,C51824
C121072,"Child-Pugh - PT, Sec Prolonged",C121072,C42574
C121072,"Child-Pugh - PT, Sec Prolonged",C121072,C25372
C121072,"Child-Pugh - PT, Sec Prolonged",C121072,C91106
C121072,"Child-Pugh - PT, Sec Prolonged",C121072,C46126
C121072,"Child-Pugh - PT, Sec Prolonged",C121072,C82515
C121071,Child-Pugh - Serum Albumin,C121071,C51824
C121071,Child-Pugh - Serum Albumin,C121071,C82515
C121071,Child-Pugh - Serum Albumin,C121071,C48207
C121071,Child-Pugh - Serum Albumin,C121071,C25372
C121071,Child-Pugh - Serum Albumin,C121071,C91106
C121071,Child-Pugh - Serum Albumin,C121071,C46126
C121070,Child-Pugh - Serum Bilirubin,C121070,C91106
C121070,Child-Pugh - Serum Bilirubin,C121070,C25372
C121070,Child-Pugh - Serum Bilirubin,C121070,C48207
C121070,Child-Pugh - Serum Bilirubin,C121070,C82515
C121070,Child-Pugh - Serum Bilirubin,C121070,C51824
C121070,Child-Pugh - Serum Bilirubin,C121070,C46126
C121074,Child-Pugh - Total Score,C121074,C46126
C121074,Child-Pugh - Total Score,C121074,C91106
C121074,Child-Pugh - Total Score,C121074,C25372
C121074,Child-Pugh - Total Score,C121074,C82515
C121074,Child-Pugh - Total Score,C121074,C51824
C121007,Child-Pugh Clinical Classification,C121007,C82556
C121007,Child-Pugh Clinical Classification,C121007,C82515
C121007,Child-Pugh Clinical Classification,C121007,C25372
C121007,Child-Pugh Clinical Classification,C121007,C82525
C120996,Child-Pugh Clinical Classification Question,C120996,
C106508,Childbearing Potential,C106508,C82515
C106508,Childbearing Potential,C106508,C70856
C64495,Chloride Measurement,C64495,C82515
C64495,Chloride Measurement,C64495,C70713
C64495,Chloride Measurement,C64495,C64567
C64495,Chloride Measurement,C64495,C93566
C64495,Chloride Measurement,C64495,C70856
C105586,Cholesterol Measurement,C105586,C48207
C105586,Cholesterol Measurement,C105586,C70713
C105586,Cholesterol Measurement,C105586,C93566
C105586,Cholesterol Measurement,C105586,C70856
C105586,Cholesterol Measurement,C105586,C82515
C64851,Choriogonadotropin Beta Measurement,C64851,C82515
C64851,Choriogonadotropin Beta Measurement,C64851,C70713
C64851,Choriogonadotropin Beta Measurement,C64851,C70856
C147128,Choriogonadotropin Measurement,C147128,
C146691,Circulating Tumor Cells Positive,C146691,C117062
C146691,Circulating Tumor Cells Positive,C146691,C25372
C146691,Circulating Tumor Cells Positive,C146691,C70713
C146691,Circulating Tumor Cells Positive,C146691,C82515
C146691,Circulating Tumor Cells Positive,C146691,C25692
C146691,Circulating Tumor Cells Positive,C146691,C70856
C183130,Circulating Tumor-Derived DNA Positive,C183130,C70856
C183130,Circulating Tumor-Derived DNA Positive,C183130,C117062
C183130,Circulating Tumor-Derived DNA Positive,C183130,C25692
C183130,Circulating Tumor-Derived DNA Positive,C183130,C70713
C183130,Circulating Tumor-Derived DNA Positive,C183130,C25372
C183130,Circulating Tumor-Derived DNA Positive,C183130,C82515
C93531,Citation Description,C93531,
C90372,Class of Trial Agent,C90372,
C123443,Clinical Change by Non-Invasive Imaging Procedure,C123443,C82546
C123443,Clinical Change by Non-Invasive Imaging Procedure,C123443,C82515
C123443,Clinical Change by Non-Invasive Imaging Procedure,C123443,C51824
C123443,Clinical Change by Non-Invasive Imaging Procedure,C123443,C82535
C123443,Clinical Change by Non-Invasive Imaging Procedure,C123443,C117050
C123443,Clinical Change by Non-Invasive Imaging Procedure,C123443,C25372
C123443,Clinical Change by Non-Invasive Imaging Procedure,C123443,C25692
C123443,Clinical Change by Non-Invasive Imaging Procedure,C123443,C70856
C35461,Clinical Course of Disease,C35461,
C181043,Clinical Findings Indicator,C181043,
C135738,Clinical Global Impression Generic Modification Version Questionnaire,C135738,C25372
C135738,Clinical Global Impression Generic Modification Version Questionnaire,C135738,C82556
C135738,Clinical Global Impression Generic Modification Version Questionnaire,C135738,C82525
C135738,Clinical Global Impression Generic Modification Version Questionnaire,C135738,C82515
C125009,Clinical Interpretation,C125009,
C25218,Clinical Intervention or Procedure,C25218,
C119797,Clinical Observations Category,C119797,
C135478,Clinical Performance Status,C135478,C25372
C135478,Clinical Performance Status,C135478,C70856
C135478,Clinical Performance Status,C135478,C51824
C135478,Clinical Performance Status,C135478,C117043
C135478,Clinical Performance Status,C135478,C82515
C15206,Clinical Study,C15206,
C127788,Clinical Study Citation,C127788,C83447
C127788,Clinical Study Citation,C127788,C117461
C127788,Clinical Study Citation,C127788,C117460
C127788,Clinical Study Citation,C127788,C117458
C127788,Clinical Study Citation,C127788,C49691
C127788,Clinical Study Citation,C127788,C83445
C90462,Clinical Study End Date,C90462,C83445
C90462,Clinical Study End Date,C90462,C83447
C90462,Clinical Study End Date,C90462,C117460
C90462,Clinical Study End Date,C90462,C49691
C142438,Clinical Study Functional Role,C142438,
C139273,Clinical Study Report Archive Date,C139273,C49691
C139273,Clinical Study Report Archive Date,C139273,C83445
C139273,Clinical Study Report Archive Date,C139273,C83447
C139273,Clinical Study Report Archive Date,C139273,C117460
C70793,Clinical Study Sponsor,C70793,C49691
C70793,Clinical Study Sponsor,C70793,C83445
C70793,Clinical Study Sponsor,C70793,C117458
C70793,Clinical Study Sponsor,C70793,C117460
C70793,Clinical Study Sponsor,C70793,C83447
C49652,Clinical Study by Intent,C49652,C83445
C49652,Clinical Study by Intent,C49652,C49691
C49652,Clinical Study by Intent,C49652,C117461
C49652,Clinical Study by Intent,C49652,C117460
C49652,Clinical Study by Intent,C49652,C117458
C49652,Clinical Study by Intent,C49652,C83447
C77140,Clinical Test Result,C77140,
C16112,Clinical Trial Eligibility Criteria,C16112,
C142450,Clinical Trial Objective,C142450,
C98714,Clinical Trial Registry Identifier,C98714,C83445
C98714,Clinical Trial Registry Identifier,C98714,C83447
C98714,Clinical Trial Registry Identifier,C98714,C117460
C98714,Clinical Trial Registry Identifier,C98714,C49691
C15787,Clinical Trials Design,C15787,
C118969,Clinical or Research Assessment Classification,C118969,
C91102,Clinical or Research Assessment Question,C91102,
C91105,Clinical or Research Assessment Questionnaire,C91105,
C222260,Clinical or Research Functional Assessment Tool,C222260,
C172240,Clinicaltrials.gov Identifier,C172240,
C127792,Clinicaltrials.gov NCT Number for the Expanded Access Record,C127792,C83445
C127792,Clinicaltrials.gov NCT Number for the Expanded Access Record,C127792,C83447
C127792,Clinicaltrials.gov NCT Number for the Expanded Access Record,C127792,C117460
C127792,Clinicaltrials.gov NCT Number for the Expanded Access Record,C127792,C49691
C111095,Clot Detection,C111095,
C222259,Cognitive Assessment Tool,C222259,
C64546,Color Assessment,C64546,C70856
C64546,Color Assessment,C64546,C82535
C64546,Color Assessment,C64546,C82515
C64546,Color Assessment,C64546,C70713
C132532,Combat Exposure Scale Questionnaire,C132532,C25372
C132532,Combat Exposure Scale Questionnaire,C132532,C82515
C132532,Combat Exposure Scale Questionnaire,C132532,C82525
C132532,Combat Exposure Scale Questionnaire,C132532,C82556
C25250,Complete [RETIRED],C25250,
C70705,Component of Study Protocol,C70705,
C17204,Computed Tomography,C17204,C117529
C17204,Computed Tomography,C17204,C25185
C17204,Computed Tomography,C17204,C13717
C17204,Computed Tomography,C17204,C171000
C17204,Computed Tomography,C17204,C25692
C17204,Computed Tomography,C17204,C25372
C17204,Computed Tomography,C17204,C117512
C17204,Computed Tomography,C17204,C117511
C17204,Computed Tomography,C17204,C127786
C17204,Computed Tomography,C17204,C117530
C83056,Concomitant Medication Yes No Indicator,C83056,C83056
C83056,Concomitant Medication Yes No Indicator,C83056,C82515
C53630,Concomitant Therapy,C53630,C82574
C53630,Concomitant Therapy,C53630,C82557
C53630,Concomitant Therapy,C53630,C82575
C53630,Concomitant Therapy,C53630,C82560
C53630,Concomitant Therapy,C53630,C82559
C53630,Concomitant Therapy,C53630,C83225
C53630,Concomitant Therapy,C53630,C83235
C53630,Concomitant Therapy,C53630,C83042
C53630,Concomitant Therapy,C53630,C83055
C53630,Concomitant Therapy,C53630,C83025
C53630,Concomitant Therapy,C53630,C83110
C53630,Concomitant Therapy,C53630,C83120
C53630,Concomitant Therapy,C53630,C83054
C53630,Concomitant Therapy,C53630,C82558
C53630,Concomitant Therapy,C53630,C127786
C53630,Concomitant Therapy,C53630,C70902
C53630,Concomitant Therapy,C53630,C171000
C53630,Concomitant Therapy,C53630,C25692
C53630,Concomitant Therapy,C53630,C25372
C53630,Concomitant Therapy,C53630,C83345
C53630,Concomitant Therapy,C53630,C83085
C53630,Concomitant Therapy,C53630,C83219
C53630,Concomitant Therapy,C53630,C83221
C53630,Concomitant Therapy,C53630,C83034
C181527,Condom Use Frequency,C181527,C82515
C181527,Condom Use Frequency,C181527,C70856
C181526,Condom Use for Most Recent Sexual Intercourse Indicator,C181526,C70856
C181526,Condom Use for Most Recent Sexual Intercourse Indicator,C181526,C82515
C98715,Confirmed Response Minimum Duration,C98715,C49691
C98715,Confirmed Response Minimum Duration,C98715,C83447
C98715,Confirmed Response Minimum Duration,C98715,C117460
C98715,Confirmed Response Minimum Duration,C98715,C83445
C225437,Confluent Tumor Masses Assessment,C225437,C117043
C225437,Confluent Tumor Masses Assessment,C225437,C170500
C225437,Confluent Tumor Masses Assessment,C225437,C117442
C225437,Confluent Tumor Masses Assessment,C225437,C82515
C225437,Confluent Tumor Masses Assessment,C225437,C54215
C225437,Confluent Tumor Masses Assessment,C225437,C70856
C225437,Confluent Tumor Masses Assessment,C225437,C82535
C225437,Confluent Tumor Masses Assessment,C225437,C51824
C225437,Confluent Tumor Masses Assessment,C225437,C25185
C225437,Confluent Tumor Masses Assessment,C225437,C117436
C122187,Congenital Abnormality Indicator,C122187,C82515
C122187,Congenital Abnormality Indicator,C122187,C70856
C176230,Contact Name,C176230,
C49647,Control Type,C49647,C117461
C49647,Control Type,C49647,C49691
C49647,Control Type,C49647,C83445
C49647,Control Type,C49647,C83447
C49647,Control Type,C49647,C117458
C49647,Control Type,C49647,C117460
C25163,Coombs Test,C25163,
C181330,Copy Number Variation Assessment,C181330,C164528
C181330,Copy Number Variation Assessment,C181330,C204092
C181330,Copy Number Variation Assessment,C181330,C43568
C181330,Copy Number Variation Assessment,C181330,C164716
C181330,Copy Number Variation Assessment,C181330,C164815
C181330,Copy Number Variation Assessment,C181330,C70856
C181330,Copy Number Variation Assessment,C181330,C204091
C181330,Copy Number Variation Assessment,C181330,C164533
C181330,Copy Number Variation Assessment,C181330,C164811
C181330,Copy Number Variation Assessment,C181330,C25372
C181330,Copy Number Variation Assessment,C181330,C70713
C181330,Copy Number Variation Assessment,C181330,C117062
C181330,Copy Number Variation Assessment,C181330,C117060
C181330,Copy Number Variation Assessment,C181330,C164813
C181330,Copy Number Variation Assessment,C181330,C82515
C181330,Copy Number Variation Assessment,C181330,C82535
C181330,Copy Number Variation Assessment,C181330,C93423
C174370,Core Body Temperature,C174370,C13717
C174370,Core Body Temperature,C174370,C44276
C174370,Core Body Temperature,C174370,C70856
C174370,Core Body Temperature,C174370,C82515
C119229,Coronary Artery Thrombosis Method of Identification,C119229,C70856
C119229,Coronary Artery Thrombosis Method of Identification,C119229,C82546
C119229,Coronary Artery Thrombosis Method of Identification,C119229,C25372
C119229,Coronary Artery Thrombosis Method of Identification,C119229,C25692
C119229,Coronary Artery Thrombosis Method of Identification,C119229,C117050
C119229,Coronary Artery Thrombosis Method of Identification,C119229,C82515
C171456,Coronaviridae Measurement,C171456,
C92249,Cotinine Measurement,C92249,C48207
C92249,Cotinine Measurement,C92249,C70856
C92249,Cotinine Measurement,C92249,C82515
C92249,Cotinine Measurement,C92249,C70713
C124455,Country of Manufacture,C124455,C117458
C124455,Country of Manufacture,C124455,C83447
C124455,Country of Manufacture,C124455,C83445
C124455,Country of Manufacture,C124455,C49691
C124455,Country of Manufacture,C124455,C117460
C176365,Country of Permanent Address,C176365,C25372
C176365,Country of Permanent Address,C176365,C70856
C176365,Country of Permanent Address,C176365,C82515
C102612,Country of Potential Disease Exposure,C102612,C70856
C102612,Country of Potential Disease Exposure,C102612,C82515
C102612,Country of Potential Disease Exposure,C102612,C25372
C176362,County of Permanent Address,C176362,C25372
C176362,County of Permanent Address,C176362,C70856
C176362,County of Permanent Address,C176362,C82515
C64489,Creatine Kinase Measurement,C64489,C70856
C64489,Creatine Kinase Measurement,C64489,C82515
C64489,Creatine Kinase Measurement,C64489,C93566
C64489,Creatine Kinase Measurement,C64489,C70713
C64489,Creatine Kinase Measurement,C64489,C48207
C25747,Creatinine Clearance,C25747,C93566
C25747,Creatinine Clearance,C25747,C70856
C25747,Creatinine Clearance,C25747,C48567
C25747,Creatinine Clearance,C25747,C82515
C25747,Creatinine Clearance,C25747,C83308
C25747,Creatinine Clearance,C25747,C70713
C64547,Creatinine Measurement,C64547,C82515
C64547,Creatinine Measurement,C64547,C48207
C64547,Creatinine Measurement,C64547,C93566
C64547,Creatinine Measurement,C64547,C70713
C64547,Creatinine Measurement,C64547,C70856
C25466,Criterion,C25466,
C170639,Crown to Heel Length,C170639,C82515
C170639,Crown to Heel Length,C170639,C42578
C170639,Crown to Heel Length,C170639,C70856
C85582,Current Therapy,C85582,C117460
C85582,Current Therapy,C85582,C49691
C85582,Current Therapy,C85582,C117458
C85582,Current Therapy,C85582,C83445
C85582,Current Therapy,C85582,C83447
C92290,Cystatin C Measurement,C92290,C70713
C92290,Cystatin C Measurement,C92290,C93566
C92290,Cystatin C Measurement,C92290,C82515
C92290,Cystatin C Measurement,C92290,C48207
C92290,Cystatin C Measurement,C92290,C70856
C74804,Cytokine Measurement,C74804,
C82621,D-Dimer Measurement,C82621,C82515
C82621,D-Dimer Measurement,C82621,C70856
C82621,D-Dimer Measurement,C82621,C93566
C82621,D-Dimer Measurement,C82621,C64571
C82621,D-Dimer Measurement,C82621,C70713
C98717,Data Cutoff Date,C98717,C117460
C98717,Data Cutoff Date,C98717,C49691
C98717,Data Cutoff Date,C98717,C83445
C98717,Data Cutoff Date,C98717,C83447
C98718,Data Cutoff Date Description,C98718,C83447
C98718,Data Cutoff Date Description,C98718,C83445
C98718,Data Cutoff Date Description,C98718,C49691
C127790,Data Monitoring Committee Indicator,C127790,C49691
C127790,Data Monitoring Committee Indicator,C127790,C83447
C127790,Data Monitoring Committee Indicator,C127790,C117458
C127790,Data Monitoring Committee Indicator,C127790,C117460
C127790,Data Monitoring Committee Indicator,C127790,C117461
C127790,Data Monitoring Committee Indicator,C127790,C83445
C25164,Date,C25164,
C37939,Date and Time,C37939,
C181524,Date of Last Sexual Intercourse,C181524,C82515
C181524,Date of Last Sexual Intercourse,C181524,C70856
C28554,Dead [RETIRED],C28554,
C135385,Death Certification Indicator,C135385,C82515
C135385,Death Certification Indicator,C135385,C70856
C184505,Death Expected Indicator,C184505,C70856
C184505,Death Expected Indicator,C184505,C82515
C93546,Death Indicator,C93546,
C170571,Death Witnessed Indicator,C170571,C82515
C170571,Death Witnessed Indicator,C170571,C70856
C139270,Deceased Donor Donation Condition,C139270,C25372
C139270,Deceased Donor Donation Condition,C139270,C70856
C139270,Deceased Donor Donation Condition,C139270,C82515
C135514,Delayed Graft Function Diagnostic Criteria Name,C135514,C83445
C135514,Delayed Graft Function Diagnostic Criteria Name,C135514,C49691
C135514,Delayed Graft Function Diagnostic Criteria Name,C135514,C83447
C81179,Delivery Procedure,C81179,C82515
C81179,Delivery Procedure,C81179,C70856
C135409,Deoxyribonucleic Acid Measurement,C135409,
C25365,Description,C25365,
C49650,Diagnosis Group,C49650,C83447
C49650,Diagnosis Group,C49650,C117458
C49650,Diagnosis Group,C49650,C49691
C49650,Diagnosis Group,C49650,C83445
C49650,Diagnosis Group,C49650,C117460
C117960,Diagnostic Criteria,C117960,C83445
C117960,Diagnostic Criteria,C117960,C83447
C117960,Diagnostic Criteria,C117960,C49691
C19591,Diagnostic Factor,C19591,
C16502,Diagnostic Imaging Testing,C16502,
C79416,Diagnostic Mammography,C79416,C54215
C79416,Diagnostic Mammography,C79416,C25185
C79416,Diagnostic Mammography,C79416,C25372
C79416,Diagnostic Mammography,C79416,C117512
C79416,Diagnostic Mammography,C79416,C117511
C79416,Diagnostic Mammography,C79416,C25692
C79416,Diagnostic Mammography,C79416,C171000
C79416,Diagnostic Mammography,C79416,C117530
C79416,Diagnostic Mammography,C79416,C13717
C79416,Diagnostic Mammography,C79416,C127786
C79416,Diagnostic Mammography,C79416,C117529
C18020,Diagnostic Procedure,C18020,
C19337,Diagnostic Ultrasound,C19337,C25372
C19337,Diagnostic Ultrasound,C19337,C13717
C19337,Diagnostic Ultrasound,C19337,C127786
C19337,Diagnostic Ultrasound,C19337,C117530
C19337,Diagnostic Ultrasound,C19337,C117529
C19337,Diagnostic Ultrasound,C19337,C54215
C19337,Diagnostic Ultrasound,C19337,C117512
C19337,Diagnostic Ultrasound,C19337,C25185
C19337,Diagnostic Ultrasound,C19337,C117511
C19337,Diagnostic Ultrasound,C19337,C25692
C19337,Diagnostic Ultrasound,C19337,C171000
C19238,"Diagnostic, Therapeutic, or Research Equipment",C19238,
C25285,Diameter,C25285,
C25299,Diastolic Blood Pressure,C25299,C13717
C25299,Diastolic Blood Pressure,C25299,C25185
C25299,Diastolic Blood Pressure,C25299,C49669
C25299,Diastolic Blood Pressure,C25299,C82515
C25299,Diastolic Blood Pressure,C25299,C70856
C25299,Diastolic Blood Pressure,C25299,C62164
C25299,Diastolic Blood Pressure,C25299,C82535
C172610,Diastolic Blood Pressure-for-Age Percentile,C172610,C82515
C172610,Diastolic Blood Pressure-for-Age Percentile,C172610,C70856
C172609,Diastolic Blood Pressure-for-Height Percentile,C172609,C70856
C172609,Diastolic Blood Pressure-for-Height Percentile,C172609,C82515
C184335,Dietary Mineral Measurement,C184335,
C184481,Dietary Phosphorus Measurement,C184481,C82515
C184481,Dietary Phosphorus Measurement,C184481,C70856
C184481,Dietary Phosphorus Measurement,C184481,C42579
C120830,Diffusion Capacity of the Lung for Carbon Monoxide/Alveolar Volume Ratio,C120830,C48570
C120830,Diffusion Capacity of the Lung for Carbon Monoxide/Alveolar Volume Ratio,C120830,C70856
C120830,Diffusion Capacity of the Lung for Carbon Monoxide/Alveolar Volume Ratio,C120830,C82515
C81974,Direct Antiglobulin Test,C81974,C70856
C81974,Direct Antiglobulin Test,C81974,C70713
C81974,Direct Antiglobulin Test,C81974,C82515
C81974,Direct Antiglobulin Test,C81974,C93566
C64481,Direct Bilirubin Measurement,C64481,C70856
C64481,Direct Bilirubin Measurement,C64481,C82515
C64481,Direct Bilirubin Measurement,C64481,C93566
C64481,Direct Bilirubin Measurement,C64481,C48207
C64481,Direct Bilirubin Measurement,C64481,C70713
C154888,Discharge Indicator,C154888,C13717
C154888,Discharge Indicator,C154888,C82515
C154888,Discharge Indicator,C154888,C70856
C154888,Discharge Indicator,C154888,C25185
C202576,Disease Contact Investigation Indicator,C202576,C70856
C202576,Disease Contact Investigation Indicator,C202576,C82515
C202576,Disease Contact Investigation Indicator,C202576,C25372
C199843,Disease Indication Under Study Contributed to Death Indicator,C199843,C82515
C199843,Disease Indication Under Study Contributed to Death Indicator,C199843,C70856
C123621,Disease Recurrence Indicator,C123621,C51824
C123621,Disease Recurrence Indicator,C123621,C70856
C123621,Disease Recurrence Indicator,C123621,C117043
C123621,Disease Recurrence Indicator,C123621,C82515
C123633,Disease Recurrence Relative Location,C123633,C82515
C123633,Disease Recurrence Relative Location,C123633,C117043
C123633,Disease Recurrence Relative Location,C123633,C51824
C123633,Disease Recurrence Relative Location,C123633,C70856
C50995,Disease Response,C50995,
C135482,Disease Response in Spleen,C135482,C117043
C135482,Disease Response in Spleen,C135482,C82515
C135482,Disease Response in Spleen,C135482,C25372
C135482,Disease Response in Spleen,C135482,C70856
C135482,Disease Response in Spleen,C135482,C51824
C17751,Disease-Free Survival,C17751,C42574
C17751,Disease-Free Survival,C17751,C70856
C17751,Disease-Free Survival,C17751,C25372
C17751,Disease-Free Survival,C17751,C25692
C17751,Disease-Free Survival,C17751,C82515
C176363,District of Permanent Address,C176363,C25372
C176363,District of Permanent Address,C176363,C70856
C176363,District of Permanent Address,C176363,C82515
C174364,District of Potential Disease Exposure,C174364,C70856
C174364,District of Potential Disease Exposure,C174364,C82515
C174364,District of Potential Disease Exposure,C174364,C25372
C114182,Dominant Hand,C114182,C70856
C114182,Dominant Hand,C114182,C82515
C114182,Dominant Hand,C114182,C25372
C189632,Dominant Lung Pattern Assessment,C189632,C70856
C189632,Dominant Lung Pattern Assessment,C189632,C82515
C189633,Dominant Lung Pattern Distribution Assessment,C189633,C70856
C189633,Dominant Lung Pattern Distribution Assessment,C189633,C82515
C159525,Donor Status,C159525,
C139269,Donor Status at Time of Organ Donation,C139269,C82515
C139269,Donor Status at Time of Organ Donation,C139269,C70856
C139269,Donor Status at Time of Organ Donation,C139269,C25372
C73558,Dosage Form Unit,C73558,C83445
C73558,Dosage Form Unit,C73558,C83447
C73558,Dosage Form Unit,C73558,C117458
C73558,Dosage Form Unit,C73558,C49691
C73558,Dosage Form Unit,C73558,C117460
C73558,Dosage Form Unit,C73558,C117461
C25488,Dose,C25488,C83447
C25488,Dose,C25488,C83445
C25488,Dose,C25488,C49691
C89081,Dose Frequency,C89081,C83447
C89081,Dose Frequency,C89081,C117461
C89081,Dose Frequency,C89081,C117460
C89081,Dose Frequency,C89081,C117458
C89081,Dose Frequency,C89081,C83445
C89081,Dose Frequency,C89081,C49691
C54346,Dose Modification,C54346,
C71137,Dose Regimen,C71137,C49691
C71137,Dose Regimen,C71137,C83445
C71137,Dose Regimen,C71137,C83447
C74675,Drug Class Measurement,C74675,
C25330,Duration,C25330,
C189357,Duration of Sexual Abstinence,C189357,C42574
C189357,Duration of Sexual Abstinence,C189357,C70856
C189357,Duration of Sexual Abstinence,C189357,C82515
C42775,E-mail Address,C42775,
C127791,E-mail Address for XML File Feedback,C127791,C83445
C127791,E-mail Address for XML File Feedback,C127791,C83447
C127791,E-mail Address for XML File Feedback,C127791,C49691
C119561,ECG Continuous Monitoring Indicator,C119561,C83445
C119561,ECG Continuous Monitoring Indicator,C119561,C83447
C119561,ECG Continuous Monitoring Indicator,C119561,C117458
C119561,ECG Continuous Monitoring Indicator,C119561,C117460
C119561,ECG Continuous Monitoring Indicator,C119561,C49691
C119561,ECG Continuous Monitoring Indicator,C119561,C117461
C119560,ECG Evaluator Blinding Parameters,C119560,C117460
C119560,ECG Evaluator Blinding Parameters,C119560,C83447
C119560,ECG Evaluator Blinding Parameters,C119560,C83445
C119560,ECG Evaluator Blinding Parameters,C119560,C49691
C119560,ECG Evaluator Blinding Parameters,C119560,C117458
C119560,ECG Evaluator Blinding Parameters,C119560,C117461
C62085,ECG Measurement,C62085,
C119562,ECG Planned Primary Lead for Study,C119562,C117458
C119562,ECG Planned Primary Lead for Study,C119562,C49691
C119562,ECG Planned Primary Lead for Study,C119562,C83445
C119562,ECG Planned Primary Lead for Study,C119562,C83447
C119562,ECG Planned Primary Lead for Study,C119562,C117461
C119562,ECG Planned Primary Lead for Study,C119562,C117460
C119564,ECG Read Method Degree of Automation,C119564,C83447
C119564,ECG Read Method Degree of Automation,C119564,C117460
C119564,ECG Read Method Degree of Automation,C119564,C117461
C119564,ECG Read Method Degree of Automation,C119564,C117458
C119564,ECG Read Method Degree of Automation,C119564,C83445
C119564,ECG Read Method Degree of Automation,C119564,C49691
C119566,ECG Replicates On-Treatment Indicator,C119566,C83445
C119566,ECG Replicates On-Treatment Indicator,C119566,C49691
C119566,ECG Replicates On-Treatment Indicator,C119566,C83447
C119566,ECG Replicates On-Treatment Indicator,C119566,C117458
C119566,ECG Replicates On-Treatment Indicator,C119566,C117461
C119566,ECG Replicates On-Treatment Indicator,C119566,C117460
C119565,ECG Replicates at Baseline Indicator,C119565,C49691
C119565,ECG Replicates at Baseline Indicator,C119565,C83445
C119565,ECG Replicates at Baseline Indicator,C119565,C83447
C119565,ECG Replicates at Baseline Indicator,C119565,C117458
C119565,ECG Replicates at Baseline Indicator,C119565,C117460
C119565,ECG Replicates at Baseline Indicator,C119565,C117461
C119582,ECG T Wave Algorithm,C119582,C83447
C119582,ECG T Wave Algorithm,C119582,C83445
C119582,ECG T Wave Algorithm,C119582,C49691
C117807,ECG Technical Quality,C117807,C62164
C117807,ECG Technical Quality,C117807,C82515
C117807,ECG Technical Quality,C117807,C82535
C117807,ECG Technical Quality,C117807,C114120
C117807,ECG Technical Quality,C117807,C51824
C119563,ECG Used Same Lead Indicator,C119563,C117458
C119563,ECG Used Same Lead Indicator,C119563,C117460
C119563,ECG Used Same Lead Indicator,C119563,C49691
C119563,ECG Used Same Lead Indicator,C119563,C83445
C119563,ECG Used Same Lead Indicator,C119563,C83447
C119563,ECG Used Same Lead Indicator,C119563,C117461
C102408,ECOG - Performance Status,C102408,C91106
C102408,ECOG - Performance Status,C102408,C25372
C102408,ECOG - Performance Status,C102408,C46126
C102408,ECOG - Performance Status,C102408,C82515
C101874,ECOG Clinical Classification Question,C101874,
C126059,EMA Decision Number for Pediatric Investigation Plan,C126059,C83447
C126059,EMA Decision Number for Pediatric Investigation Plan,C126059,C49691
C126059,EMA Decision Number for Pediatric Investigation Plan,C126059,C83445
C126059,EMA Decision Number for Pediatric Investigation Plan,C126059,C117460
C102071,EQ-5D-5L - Anxiety or Depression,C102071,C82534
C102071,EQ-5D-5L - Anxiety or Depression,C102071,C82515
C102071,EQ-5D-5L - Anxiety or Depression,C102071,C25372
C102071,EQ-5D-5L - Anxiety or Depression,C102071,C46126
C102071,EQ-5D-5L - Anxiety or Depression,C102071,C91106
C102072,EQ-5D-5L - EQ VAS Score,C102072,C121935
C102072,EQ-5D-5L - EQ VAS Score,C102072,C121936
C102072,EQ-5D-5L - EQ VAS Score,C102072,C46126
C102072,EQ-5D-5L - EQ VAS Score,C102072,C25372
C102072,EQ-5D-5L - EQ VAS Score,C102072,C82515
C102072,EQ-5D-5L - EQ VAS Score,C102072,C70934
C102072,EQ-5D-5L - EQ VAS Score,C102072,C70933
C102072,EQ-5D-5L - EQ VAS Score,C102072,C91106
C102072,EQ-5D-5L - EQ VAS Score,C102072,C82534
C102072,EQ-5D-5L - EQ VAS Score,C102072,C82535
C102067,EQ-5D-5L - Mobility,C102067,C46126
C102067,EQ-5D-5L - Mobility,C102067,C82515
C102067,EQ-5D-5L - Mobility,C102067,C91106
C102067,EQ-5D-5L - Mobility,C102067,C82534
C102067,EQ-5D-5L - Mobility,C102067,C25372
C102070,EQ-5D-5L - Pain or Discomfort,C102070,C25372
C102070,EQ-5D-5L - Pain or Discomfort,C102070,C91106
C102070,EQ-5D-5L - Pain or Discomfort,C102070,C82534
C102070,EQ-5D-5L - Pain or Discomfort,C102070,C46126
C102070,EQ-5D-5L - Pain or Discomfort,C102070,C82515
C102068,EQ-5D-5L - Self-Care,C102068,C46126
C102068,EQ-5D-5L - Self-Care,C102068,C82534
C102068,EQ-5D-5L - Self-Care,C102068,C91106
C102068,EQ-5D-5L - Self-Care,C102068,C82515
C102068,EQ-5D-5L - Self-Care,C102068,C25372
C102069,EQ-5D-5L - Usual Activities,C102069,C25372
C102069,EQ-5D-5L - Usual Activities,C102069,C82534
C102069,EQ-5D-5L - Usual Activities,C102069,C91106
C102069,EQ-5D-5L - Usual Activities,C102069,C46126
C102069,EQ-5D-5L - Usual Activities,C102069,C82515
C101875,EQ-5D-5L Questionnaire Question,C101875,
C102116,Eastern Cooperative Oncology Group Performance Status Clinical Classification,C102116,C82515
C102116,Eastern Cooperative Oncology Group Performance Status Clinical Classification,C102116,C82525
C102116,Eastern Cooperative Oncology Group Performance Status Clinical Classification,C102116,C82556
C102116,Eastern Cooperative Oncology Group Performance Status Clinical Classification,C102116,C25372
C154884,Ecchymosis Indicator,C154884,C70856
C154884,Ecchymosis Indicator,C154884,C13717
C154884,Ecchymosis Indicator,C154884,C82515
C154884,Ecchymosis Indicator,C154884,C25185
C154885,Edema Indicator,C154885,C25185
C154885,Edema Indicator,C154885,C70856
C154885,Edema Indicator,C154885,C82515
C154885,Edema Indicator,C154885,C13717
C17953,Education Level,C17953,C70856
C17953,Education Level,C17953,C82515
C17953,Education Level,C17953,C25372
C161422,Effusion Indicator,C161422,C70856
C161422,Effusion Indicator,C161422,C82515
C161424,Effusion Volume Measurement,C161424,C44279
C161424,Effusion Volume Measurement,C161424,C70856
C161424,Effusion Volume Measurement,C161424,C82515
C82572,Elapsed Time,C82572,
C191351,Elapsed Time Since Last Menstrual Period,C191351,C82515
C191351,Elapsed Time Since Last Menstrual Period,C191351,C70856
C191351,Elapsed Time Since Last Menstrual Period,C191351,C42574
C135493,Elastance,C135493,C70856
C135493,Elastance,C135493,C82515
C135493,Elastance,C135493,C49669
C181655,Electrocardiogram Analysis,C181655,C51824
C181655,Electrocardiogram Analysis,C181655,C93532
C181655,Electrocardiogram Analysis,C181655,C82515
C181655,Electrocardiogram Analysis,C181655,C25372
C181655,Electrocardiogram Analysis,C181655,C62164
C181655,Electrocardiogram Analysis,C181655,C125009
C181655,Electrocardiogram Analysis,C181655,C82535
C83146,Electrocardiogram Test,C83146,
C74946,Electrolyte Measurement,C74946,
C132447,Eligibility Criteria Met By Subject,C132447,C82571
C132447,Eligibility Criteria Met By Subject,C132447,C25372
C132447,Eligibility Criteria Met By Subject,C132447,C25692
C132447,Eligibility Criteria Met By Subject,C132447,C82977
C132447,Eligibility Criteria Met By Subject,C132447,C82517
C74566,Employee Salary Type,C74566,C82515
C74566,Employee Salary Type,C74566,C70856
C74566,Employee Salary Type,C74566,C25372
C209683,Employer Based Health Insurance Indicator,C209683,C25372
C209683,Employer Based Health Insurance Indicator,C209683,C70856
C209683,Employer Based Health Insurance Indicator,C209683,C82515
C179143,Employment Status,C179143,C25372
C179143,Employment Status,C179143,C70856
C179143,Employment Status,C179143,C82515
C68617,End Date,C68617,
C36285,Endocrine System Finding,C36285,
C147491,Energy Expenditure,C147491,C82515
C147491,Energy Expenditure,C147491,C67275
C147491,Energy Expenditure,C147491,C70856
C198362,Enrolled in Daycare Indicator,C198362,C82515
C198362,Enrolled in Daycare Indicator,C198362,C70856
C198362,Enrolled in Daycare Indicator,C198362,C25372
C102631,Entry Date from Country of Potential Disease Exposure,C102631,C82515
C102631,Entry Date from Country of Potential Disease Exposure,C102631,C70856
C102631,Entry Date from Country of Potential Disease Exposure,C102631,C25372
C64550,Eosinophil Count,C64550,C67391
C64550,Eosinophil Count,C64550,C70713
C64550,Eosinophil Count,C64550,C93566
C64550,Eosinophil Count,C64550,C70856
C64550,Eosinophil Count,C64550,C82515
C171505,Epidemic or Pandemic Related Disruption Indicator,C171505,C83447
C171505,Epidemic or Pandemic Related Disruption Indicator,C171505,C49691
C171505,Epidemic or Pandemic Related Disruption Indicator,C171505,C117460
C171505,Epidemic or Pandemic Related Disruption Indicator,C171505,C117461
C171505,Epidemic or Pandemic Related Disruption Indicator,C171505,C83445
C171505,Epidemic or Pandemic Related Disruption Indicator,C171505,C117458
C154877,Erythema Indicator,C154877,C70856
C154877,Erythema Indicator,C154877,C25185
C154877,Erythema Indicator,C154877,C82515
C154877,Erythema Indicator,C154877,C13717
C51946,Erythrocyte Count,C51946,C67391
C51946,Erythrocyte Count,C51946,C70713
C51946,Erythrocyte Count,C51946,C82515
C51946,Erythrocyte Count,C51946,C70856
C51946,Erythrocyte Count,C51946,C93566
C51946,Erythrocyte Count,C51946,C82535
C64797,Erythrocyte Mean Corpuscular Hemoglobin,C64797,C25709
C64797,Erythrocyte Mean Corpuscular Hemoglobin,C64797,C70713
C64797,Erythrocyte Mean Corpuscular Hemoglobin,C64797,C82515
C64797,Erythrocyte Mean Corpuscular Hemoglobin,C64797,C70856
C64797,Erythrocyte Mean Corpuscular Hemoglobin,C64797,C93566
C64798,Erythrocyte Mean Corpuscular Hemoglobin Concentration,C64798,C70856
C64798,Erythrocyte Mean Corpuscular Hemoglobin Concentration,C64798,C48207
C64798,Erythrocyte Mean Corpuscular Hemoglobin Concentration,C64798,C70713
C64798,Erythrocyte Mean Corpuscular Hemoglobin Concentration,C64798,C93566
C64798,Erythrocyte Mean Corpuscular Hemoglobin Concentration,C64798,C82515
C64799,Erythrocyte Mean Corpuscular Volume,C64799,C70856
C64799,Erythrocyte Mean Corpuscular Volume,C64799,C70713
C64799,Erythrocyte Mean Corpuscular Volume,C64799,C93566
C64799,Erythrocyte Mean Corpuscular Volume,C64799,C82515
C64799,Erythrocyte Mean Corpuscular Volume,C64799,C44279
C132482,Estimated Body Weight,C132482,C82515
C132482,Estimated Body Weight,C132482,C48208
C132482,Estimated Body Weight,C132482,C70856
C120833,Estimated Date of Conception,C120833,C82515
C120833,Estimated Date of Conception,C120833,C70856
C122188,Estimated Gestational Age,C122188,C25372
C122188,Estimated Gestational Age,C122188,C70856
C122188,Estimated Gestational Age,C122188,C42574
C122188,Estimated Gestational Age,C122188,C82515
C158276,Estimated Next Menstrual Period Start Date,C158276,C70856
C158276,Estimated Next Menstrual Period Start Date,C158276,C82515
C81307,Estimation Method,C81307,
C112274,Estrogen Receptor Measurement,C112274,C82535
C112274,Estrogen Receptor Measurement,C112274,C70713
C112274,Estrogen Receptor Measurement,C112274,C170500
C112274,Estrogen Receptor Measurement,C112274,C82515
C112274,Estrogen Receptor Measurement,C112274,C70856
C112274,Estrogen Receptor Measurement,C112274,C117062
C15492,Estrogen Receptor Positive,C15492,C25692
C15492,Estrogen Receptor Positive,C15492,C171435
C15492,Estrogen Receptor Positive,C15492,C70713
C15492,Estrogen Receptor Positive,C15492,C82515
C15492,Estrogen Receptor Positive,C15492,C117062
C15492,Estrogen Receptor Positive,C15492,C70856
C15492,Estrogen Receptor Positive,C15492,C25372
C16150,Estrogen Receptor Status,C16150,C70713
C16150,Estrogen Receptor Status,C16150,C82515
C16150,Estrogen Receptor Status,C16150,C70856
C16150,Estrogen Receptor Status,C16150,C25372
C16150,Estrogen Receptor Status,C16150,C171435
C16150,Estrogen Receptor Status,C16150,C25692
C16150,Estrogen Receptor Status,C16150,C117062
C16564,Ethnic Group,C16564,C16564
C16564,Ethnic Group,C16564,C82515
C126060,EudraCT Resubmission Indicator,C126060,C49691
C126060,EudraCT Resubmission Indicator,C126060,C83445
C126060,EudraCT Resubmission Indicator,C126060,C83447
C126060,EudraCT Resubmission Indicator,C126060,C117458
C126060,EudraCT Resubmission Indicator,C126060,C117460
C126060,EudraCT Resubmission Indicator,C126060,C117461
C126061,EudraVigilance Sender Identifier,C126061,C83445
C126061,EudraVigilance Sender Identifier,C126061,C49691
C126061,EudraVigilance Sender Identifier,C126061,C83447
C126090,EudraVigilance Sender Organization Name,C126090,C83445
C126090,EudraVigilance Sender Organization Name,C126090,C117460
C126090,EudraVigilance Sender Organization Name,C126090,C83447
C126090,EudraVigilance Sender Organization Name,C126090,C49691
C102117,European Quality of Life Five Dimension Five Level Scale Questionnaire,C102117,C82556
C102117,European Quality of Life Five Dimension Five Level Scale Questionnaire,C102117,C25372
C102117,European Quality of Life Five Dimension Five Level Scale Questionnaire,C102117,C82534
C102117,European Quality of Life Five Dimension Five Level Scale Questionnaire,C102117,C82515
C102117,European Quality of Life Five Dimension Five Level Scale Questionnaire,C102117,C82525
C82438,Event Occurrence Indicator,C82438,
C161312,Evidence of Malignant Disease Description,C161312,C70856
C161312,Evidence of Malignant Disease Description,C161312,C82515
C25370,Exclusion Criteria,C25370,C25372
C25370,Exclusion Criteria,C25370,C82515
C25370,Exclusion Criteria,C25370,C181043
C25370,Exclusion Criteria,C25370,C25692
C25370,Exclusion Criteria,C25370,C83444
C85534,Excretion Rate,C85534,
C81247,Expected Date of Confinement,C81247,C82515
C81247,Expected Date of Confinement,C81247,C25372
C81247,Expected Date of Confinement,C81247,C70856
C93565,Expected Indicator,C93565,
C120931,Expiration Relaxation Time,C120931,C70856
C120931,Expiration Relaxation Time,C120931,C42574
C120931,Expiration Relaxation Time,C120931,C82515
C111200,Expiratory Reserve Volume,C111200,C44279
C111200,Expiratory Reserve Volume,C111200,C70856
C111200,Expiratory Reserve Volume,C111200,C82515
C120932,Expiratory Time,C120932,
C147484,Expiratory Vital Capacity,C147484,C82515
C147484,Expiratory Vital Capacity,C147484,C70856
C147484,Expiratory Vital Capacity,C147484,C44279
C98724,Exploratory Outcome Measure,C98724,C49691
C98724,Exploratory Outcome Measure,C98724,C83445
C98724,Exploratory Outcome Measure,C98724,C83447
C87885,Exposure Yes No Indicator,C87885,C82515
C87885,Exposure Yes No Indicator,C87885,C87885
C117466,Exposure as Collected Domain,C117466,C117489
C117466,Exposure as Collected Domain,C117466,C117490
C117466,Exposure as Collected Domain,C117466,C117485
C117466,Exposure as Collected Domain,C117466,C117483
C117466,Exposure as Collected Domain,C117466,C117497
C117466,Exposure as Collected Domain,C117466,C117486
C117466,Exposure as Collected Domain,C117466,C117482
C117466,Exposure as Collected Domain,C117466,C117481
C117466,Exposure as Collected Domain,C117466,C117480
C117466,Exposure as Collected Domain,C117466,C117479
C117466,Exposure as Collected Domain,C117466,C117473
C117466,Exposure as Collected Domain,C117466,C117469
C117466,Exposure as Collected Domain,C117466,C117496
C117466,Exposure as Collected Domain,C117466,C117488
C177692,Expression Positive,C177692,C70713
C177692,Expression Positive,C177692,C117062
C177692,Expression Positive,C177692,C82515
C177692,Expression Positive,C177692,C171435
C177692,Expression Positive,C177692,C25692
C177692,Expression Positive,C177692,C25372
C177692,Expression Positive,C177692,C70856
C139274,Extension Trial Indicator,C139274,C117461
C139274,Extension Trial Indicator,C139274,C83447
C139274,Extension Trial Indicator,C139274,C117458
C139274,Extension Trial Indicator,C139274,C117460
C139274,Extension Trial Indicator,C139274,C83445
C139274,Extension Trial Indicator,C139274,C49691
C191364,Extracellular Water Measurement,C191364,C82515
C191364,Extracellular Water Measurement,C191364,C44279
C191364,Extracellular Water Measurement,C191364,C70856
C191363,Extracellular Water to Total Body Water Ratio Measurement,C191363,C82515
C191363,Extracellular Water to Total Body Water Ratio Measurement,C191363,C48570
C191363,Extracellular Water to Total Body Water Ratio Measurement,C191363,C70856
C156603,FDA Technical Specification Name and Version,C156603,C117460
C156603,FDA Technical Specification Name and Version,C156603,C83445
C156603,FDA Technical Specification Name and Version,C156603,C49691
C156603,FDA Technical Specification Name and Version,C156603,C117458
C156603,FDA Technical Specification Name and Version,C156603,C83447
C156603,FDA Technical Specification Name and Version,C156603,C117461
C123629,FDA-Regulated Device Study Indicator,C123629,C49691
C123629,FDA-Regulated Device Study Indicator,C123629,C117461
C123629,FDA-Regulated Device Study Indicator,C123629,C117460
C123629,FDA-Regulated Device Study Indicator,C123629,C83445
C123629,FDA-Regulated Device Study Indicator,C123629,C117458
C123629,FDA-Regulated Device Study Indicator,C123629,C83447
C123630,FDA-Regulated Drug Study Indicator,C123630,C117460
C123630,FDA-Regulated Drug Study Indicator,C123630,C117461
C123630,FDA-Regulated Drug Study Indicator,C123630,C83447
C123630,FDA-Regulated Drug Study Indicator,C123630,C83445
C123630,FDA-Regulated Drug Study Indicator,C123630,C49691
C123630,FDA-Regulated Drug Study Indicator,C123630,C117458
C81959,Factor III Measurement,C81959,
C139236,Failure To Meet Continuation Criteria [RETIRED],C139236,
C105448,Failure to Meet Randomization Criteria [RETIRED],C105448,
C159204,Fanconi Anemia Complementation Group Gene Mutation,C159204,
C158256,Fat Mass,C158256,C82535
C158256,Fat Mass,C158256,C82515
C158256,Fat Mass,C158256,C70856
C158256,Fat Mass,C158256,C42579
C158256,Fat Mass,C158256,C13717
C158256,Fat Mass,C158256,C25185
C96648,Fat Measurement,C96648,
C117720,Female Reproductive System Finding,C117720,
C74737,Ferritin Measurement,C74737,C48207
C74737,Ferritin Measurement,C74737,C93566
C74737,Ferritin Measurement,C74737,C70856
C74737,Ferritin Measurement,C74737,C82515
C74737,Ferritin Measurement,C74737,C70713
C186214,Fertility Status,C186214,C70856
C186214,Fertility Status,C186214,C82515
C186214,Fertility Status,C186214,C25372
C124479,Fetal Body Weight,C124479,
C174372,Fetal Estimated Weight,C174372,C82515
C174372,Fetal Estimated Weight,C174372,C70856
C174372,Fetal Estimated Weight,C174372,C48208
C158297,Fetal Head Circumference,C158297,C42578
C158297,Fetal Head Circumference,C158297,C70856
C158297,Fetal Head Circumference,C158297,C82515
C92715,Fetal Heart Finding,C92715,
C92716,Fetal Heart Rate,C92716,C73688
C92716,Fetal Heart Rate,C92716,C70856
C92716,Fetal Heart Rate,C92716,C82515
C174375,Fetal Mandibular Length,C174375,C82515
C174375,Fetal Mandibular Length,C174375,C42578
C174375,Fetal Mandibular Length,C174375,C70856
C174373,Fetal Sagittal Abdominal Diameter,C174373,C82515
C174373,Fetal Sagittal Abdominal Diameter,C174373,C42578
C174373,Fetal Sagittal Abdominal Diameter,C174373,C70856
C214762,Fetal Size-for-Gestational Age Category,C214762,C82515
C214762,Fetal Size-for-Gestational Age Category,C214762,C70856
C174374,Fetal Weight-for-Gestational Age Percentile,C174374,C70856
C174374,Fetal Weight-for-Gestational Age Percentile,C174374,C82515
C36291,Finding by Cause,C36291,
C198357,First Menstrual Period Start Date,C198357,C70856
C198357,First Menstrual Period Start Date,C198357,C82515
C202446,First Ventilatory Threshold,C202446,C66973
C202446,First Ventilatory Threshold,C202446,C70856
C202446,First Ventilatory Threshold,C202446,C82515
C74563,Fitzpatrick Classification Scale,C74563,C82515
C74563,Fitzpatrick Classification Scale,C74563,C25372
C74563,Fitzpatrick Classification Scale,C74563,C70856
C82554,Flow Rate,C82554,
C74676,Folic Acid Measurement,C74676,C70856
C74676,Folic Acid Measurement,C74676,C70713
C74676,Folic Acid Measurement,C74676,C48207
C74676,Folic Acid Measurement,C74676,C82515
C74676,Folic Acid Measurement,C74676,C93566
C154909,Fontanelle Closure Indicator,C154909,C70856
C154909,Fontanelle Closure Indicator,C154909,C13717
C154909,Fontanelle Closure Indicator,C154909,C82535
C154909,Fontanelle Closure Indicator,C154909,C82515
C119545,Forced Expiratory Flow at 25-75 Percent,C119545,C82515
C119545,Forced Expiratory Flow at 25-75 Percent,C119545,C70856
C119545,Forced Expiratory Flow at 25-75 Percent,C119545,C48568
C139253,Forced Expiratory Flow at 50 Percent Forced Vital Capacity,C139253,C48568
C139253,Forced Expiratory Flow at 50 Percent Forced Vital Capacity,C139253,C70856
C139253,Forced Expiratory Flow at 50 Percent Forced Vital Capacity,C139253,C82515
C139250,Forced Expiratory Flow in 0.05 Second,C139250,C82515
C139250,Forced Expiratory Flow in 0.05 Second,C139250,C70856
C139250,Forced Expiratory Flow in 0.05 Second,C139250,C48568
C139251,Forced Expiratory Flow in 0.1 Second,C139251,C82515
C139251,Forced Expiratory Flow in 0.1 Second,C139251,C70856
C139251,Forced Expiratory Flow in 0.1 Second,C139251,C48568
C139252,Forced Expiratory Flow in 0.2 Second,C139252,C70856
C139252,Forced Expiratory Flow in 0.2 Second,C139252,C82515
C139252,Forced Expiratory Flow in 0.2 Second,C139252,C48568
C201471,Forced Expiratory Time,C201471,C70856
C201471,Forced Expiratory Time,C201471,C82515
C201471,Forced Expiratory Time,C201471,C42574
C120933,Forced Expiratory Volume,C120933,
C139249,Forced Expiratory Volume at Peak Expiratory Flow,C139249,C44279
C139249,Forced Expiratory Volume at Peak Expiratory Flow,C139249,C70856
C139249,Forced Expiratory Volume at Peak Expiratory Flow,C139249,C82515
C139246,Forced Expiratory Volume in 0.05 Second,C139246,C82515
C139246,Forced Expiratory Volume in 0.05 Second,C139246,C44279
C139246,Forced Expiratory Volume in 0.05 Second,C139246,C70856
C139243,Forced Expiratory Volume in 0.05 Second to FVC Ratio Measurement,C139243,C82515
C139243,Forced Expiratory Volume in 0.05 Second to FVC Ratio Measurement,C139243,C70856
C139243,Forced Expiratory Volume in 0.05 Second to FVC Ratio Measurement,C139243,C48570
C139247,Forced Expiratory Volume in 0.1 Second,C139247,C82515
C139247,Forced Expiratory Volume in 0.1 Second,C139247,C44279
C139247,Forced Expiratory Volume in 0.1 Second,C139247,C70856
C139244,Forced Expiratory Volume in 0.1 Second to FVC Ratio Measurement,C139244,C48570
C139244,Forced Expiratory Volume in 0.1 Second to FVC Ratio Measurement,C139244,C70856
C139244,Forced Expiratory Volume in 0.1 Second to FVC Ratio Measurement,C139244,C82515
C139248,Forced Expiratory Volume in 0.2 Second,C139248,C70856
C139248,Forced Expiratory Volume in 0.2 Second,C139248,C44279
C139248,Forced Expiratory Volume in 0.2 Second,C139248,C82515
C139245,Forced Expiratory Volume in 0.2 Second to FVC Ratio Measurement,C139245,C82515
C139245,Forced Expiratory Volume in 0.2 Second to FVC Ratio Measurement,C139245,C70856
C139245,Forced Expiratory Volume in 0.2 Second to FVC Ratio Measurement,C139245,C48570
C139262,Forced Expiratory Volume in 0.5 Second,C139262,C44279
C139262,Forced Expiratory Volume in 0.5 Second,C139262,C70856
C139262,Forced Expiratory Volume in 0.5 Second,C139262,C82515
C174362,Forced Expiratory Volume in 0.75 Second,C174362,C44279
C174362,Forced Expiratory Volume in 0.75 Second,C174362,C70856
C174362,Forced Expiratory Volume in 0.75 Second,C174362,C82515
C38084,Forced Expiratory Volume in 1 Second,C38084,C70856
C38084,Forced Expiratory Volume in 1 Second,C38084,C82515
C38084,Forced Expiratory Volume in 1 Second,C38084,C44279
C112285,Forced Expiratory Volume in 1 Second Reversibility,C112285,C82515
C112285,Forced Expiratory Volume in 1 Second Reversibility,C112285,C70856
C111359,Forced Expiratory Volume in 1 Second to Forced Vital Capacity Ratio Measurement,C111359,C82515
C111359,Forced Expiratory Volume in 1 Second to Forced Vital Capacity Ratio Measurement,C111359,C70856
C111359,Forced Expiratory Volume in 1 Second to Forced Vital Capacity Ratio Measurement,C111359,C48570
C123565,Forced Expiratory Volume in 1 Second to Forced Vital Capacity in 6 Seconds,C123565,C82515
C123565,Forced Expiratory Volume in 1 Second to Forced Vital Capacity in 6 Seconds,C123565,C70856
C123565,Forced Expiratory Volume in 1 Second to Forced Vital Capacity in 6 Seconds,C123565,C48570
C170626,Forced Expiratory Volume in 1 Second to Slow Vital Capacity Ratio Measurement,C170626,C82515
C170626,Forced Expiratory Volume in 1 Second to Slow Vital Capacity Ratio Measurement,C170626,C70856
C170626,Forced Expiratory Volume in 1 Second to Slow Vital Capacity Ratio Measurement,C170626,C48570
C132453,Forced Expiratory Volume in 3 Seconds,C132453,C44279
C132453,Forced Expiratory Volume in 3 Seconds,C132453,C70856
C132453,Forced Expiratory Volume in 3 Seconds,C132453,C82515
C170625,Forced Expiratory Volume in 3 Seconds to Forced Vital Capacity Ratio Measurement,C170625,C48570
C170625,Forced Expiratory Volume in 3 Seconds to Forced Vital Capacity Ratio Measurement,C170625,C70856
C170625,Forced Expiratory Volume in 3 Seconds to Forced Vital Capacity Ratio Measurement,C170625,C82515
C47843,Forced Expiratory Volume in 6 Seconds,C47843,C82515
C47843,Forced Expiratory Volume in 6 Seconds,C47843,C44279
C47843,Forced Expiratory Volume in 6 Seconds,C47843,C70856
C124418,Forced Inspiratory Flow at 25%,C124418,C48568
C124418,Forced Inspiratory Flow at 25%,C124418,C70856
C124418,Forced Inspiratory Flow at 25%,C124418,C82515
C124419,Forced Inspiratory Flow at 50%,C124419,C48568
C124419,Forced Inspiratory Flow at 50%,C124419,C70856
C124419,Forced Inspiratory Flow at 50%,C124419,C82515
C124420,Forced Inspiratory Flow at 75%,C124420,C70856
C124420,Forced Inspiratory Flow at 75%,C124420,C82515
C124420,Forced Inspiratory Flow at 75%,C124420,C48568
C139263,Forced Inspiratory Vital Capacity,C139263,C82515
C139263,Forced Inspiratory Vital Capacity,C139263,C44279
C139263,Forced Inspiratory Vital Capacity,C139263,C70856
C111360,Forced Inspiratory Volume in 1 Second,C111360,C82515
C111360,Forced Inspiratory Volume in 1 Second,C111360,C70856
C111360,Forced Inspiratory Volume in 1 Second,C111360,C44279
C111361,Forced Vital Capacity,C111361,C70856
C111361,Forced Vital Capacity,C111361,C44279
C111361,Forced Vital Capacity,C111361,C82515
C124421,Forced Vital Capacity in 6 Seconds,C124421,C70856
C124421,Forced Vital Capacity in 6 Seconds,C124421,C44279
C124421,Forced Vital Capacity in 6 Seconds,C124421,C82515
C100946,Forearm Circumference,C100946,C70856
C100946,Forearm Circumference,C100946,C82515
C100946,Forearm Circumference,C100946,C42578
C38082,Fraction of Inspired Oxygen,C38082,C82515
C38082,Fraction of Inspired Oxygen,C38082,C48570
C38082,Fraction of Inspired Oxygen,C38082,C70856
C170598,Free Thyroxine Index,C170598,C82515
C170598,Free Thyroxine Index,C170598,C70713
C170598,Free Thyroxine Index,C170598,C93566
C170598,Free Thyroxine Index,C170598,C70856
C74786,Free Thyroxine Measurement,C74786,C70856
C74786,Free Thyroxine Measurement,C74786,C93566
C74786,Free Thyroxine Measurement,C74786,C48207
C74786,Free Thyroxine Measurement,C74786,C70713
C74786,Free Thyroxine Measurement,C74786,C82515
C209682,Full-Time Student Indicator,C209682,C82515
C209682,Full-Time Student Indicator,C209682,C25372
C209682,Full-Time Student Indicator,C209682,C70856
C81250,Functional Assessment,C81250,
C89800,Functional Residual Capacity,C89800,C82515
C89800,Functional Residual Capacity,C89800,C44279
C89800,Functional Residual Capacity,C89800,C70856
C154876,Fundal Height,C154876,C42578
C154876,Fundal Height,C154876,C82515
C154876,Fundal Height,C154876,C70856
C174365,GPS Coordinates of Potential Disease Exposure,C174365,C82515
C174365,GPS Coordinates of Potential Disease Exposure,C174365,C25372
C174365,GPS Coordinates of Potential Disease Exposure,C174365,C70856
C64847,Gamma Glutamyl Transpeptidase Measurement,C64847,C82515
C64847,Gamma Glutamyl Transpeptidase Measurement,C64847,C70856
C64847,Gamma Glutamyl Transpeptidase Measurement,C64847,C93566
C64847,Gamma Glutamyl Transpeptidase Measurement,C64847,C67365
C64847,Gamma Glutamyl Transpeptidase Measurement,C64847,C70713
C82624,Gas Measurement,C82624,
C158277,Gender Identity,C158277,C25372
C158277,Gender Identity,C158277,C70856
C158277,Gender Identity,C158277,C82515
C63479,Gene Expression Analysis,C63479,
C21049,Gene Expression Process,C21049,
C181333,Gene Signature Assessment,C181333,C93423
C181333,Gene Signature Assessment,C181333,C204091
C181333,Gene Signature Assessment,C181333,C164815
C181333,Gene Signature Assessment,C181333,C117062
C181333,Gene Signature Assessment,C181333,C70856
C181333,Gene Signature Assessment,C181333,C117039
C181333,Gene Signature Assessment,C181333,C82535
C181333,Gene Signature Assessment,C181333,C164716
C181333,Gene Signature Assessment,C181333,C43568
C181333,Gene Signature Assessment,C181333,C25372
C181333,Gene Signature Assessment,C181333,C70713
C181333,Gene Signature Assessment,C181333,C204092
C181333,Gene Signature Assessment,C181333,C164528
C181333,Gene Signature Assessment,C181333,C82515
C181333,Gene Signature Assessment,C181333,C164533
C181333,Gene Signature Assessment,C181333,C164813
C181333,Gene Signature Assessment,C181333,C164811
C15709,Genetic Testing,C15709,C70713
C15709,Genetic Testing,C15709,C25372
C15709,Genetic Testing,C15709,C82515
C15709,Genetic Testing,C15709,C171435
C15709,Genetic Testing,C15709,C70856
C15709,Genetic Testing,C15709,C25692
C17248,Genetic Variation,C17248,
C18302,Genetic Variation Analysis,C18302,
C94411,Genomic Profile,C94411,C25372
C94411,Genomic Profile,C94411,C25692
C94411,Genomic Profile,C94411,C171435
C94411,Genomic Profile,C94411,C70856
C94411,Genomic Profile,C94411,C82515
C94411,Genomic Profile,C94411,C70713
C16632,Geographic Area,C16632,
C124435,Gestational Age at Birth,C124435,C82515
C124435,Gestational Age at Birth,C124435,C70856
C124435,Gestational Age at Birth,C124435,C25372
C124435,Gestational Age at Birth,C124435,C42574
C105585,Glucose Measurement,C105585,C70856
C105585,Glucose Measurement,C105585,C82535
C105585,Glucose Measurement,C105585,C93566
C105585,Glucose Measurement,C105585,C48207
C105585,Glucose Measurement,C105585,C82515
C105585,Glucose Measurement,C105585,C70713
C105585,Glucose Measurement,C105585,C215501
C48309,Grade,C48309,
C135522,Graft Status,C135522,C82515
C135522,Graft Status,C135522,C82535
C135522,Graft Status,C135522,C25185
C135522,Graft Status,C135522,C13717
C135522,Graft Status,C135522,C70856
C154812,Gram Negative Bacteria Measurement,C154812,
C73435,Gravida,C73435,C82515
C73435,Gravida,C73435,C70856
C181502,Greulich and Pyle Bone Age Estimation,C181502,C70856
C181502,Greulich and Pyle Bone Age Estimation,C181502,C50400
C181502,Greulich and Pyle Bone Age Estimation,C181502,C82515
C181502,Greulich and Pyle Bone Age Estimation,C181502,C82535
C181502,Greulich and Pyle Bone Age Estimation,C181502,C25185
C181502,Greulich and Pyle Bone Age Estimation,C181502,C13717
C139210,Grip Strength,C139210,C82515
C139210,Grip Strength,C139210,C82535
C139210,Grip Strength,C139210,C25185
C139210,Grip Strength,C139210,C13717
C139210,Grip Strength,C139210,C25709
C139210,Grip Strength,C139210,C70856
C18823,Group Affiliation,C18823,
C102073,HAMA - Anxious Mood,C102073,C25372
C102073,HAMA - Anxious Mood,C102073,C46126
C102073,HAMA - Anxious Mood,C102073,C91106
C102073,HAMA - Anxious Mood,C102073,C82515
C102085,HAMA - Autonomic Symptoms,C102085,C46126
C102085,HAMA - Autonomic Symptoms,C102085,C91106
C102085,HAMA - Autonomic Symptoms,C102085,C25372
C102085,HAMA - Autonomic Symptoms,C102085,C82515
C102086,HAMA - Behavior at Interview,C102086,C82515
C102086,HAMA - Behavior at Interview,C102086,C91106
C102086,HAMA - Behavior at Interview,C102086,C46126
C102086,HAMA - Behavior at Interview,C102086,C25372
C102081,HAMA - Cardiovascular Symptoms,C102081,C25372
C102081,HAMA - Cardiovascular Symptoms,C102081,C46126
C102081,HAMA - Cardiovascular Symptoms,C102081,C91106
C102081,HAMA - Cardiovascular Symptoms,C102081,C82515
C102078,HAMA - Depressed Mood,C102078,C82515
C102078,HAMA - Depressed Mood,C102078,C25372
C102078,HAMA - Depressed Mood,C102078,C46126
C102078,HAMA - Depressed Mood,C102078,C91106
C102075,HAMA - Fears,C102075,C25372
C102075,HAMA - Fears,C102075,C46126
C102075,HAMA - Fears,C102075,C91106
C102075,HAMA - Fears,C102075,C82515
C102083,HAMA - Gastrointestinal Symptoms,C102083,C46126
C102083,HAMA - Gastrointestinal Symptoms,C102083,C91106
C102083,HAMA - Gastrointestinal Symptoms,C102083,C25372
C102083,HAMA - Gastrointestinal Symptoms,C102083,C82515
C102084,HAMA - Genitourinary Symptoms,C102084,C46126
C102084,HAMA - Genitourinary Symptoms,C102084,C82515
C102084,HAMA - Genitourinary Symptoms,C102084,C25372
C102084,HAMA - Genitourinary Symptoms,C102084,C91106
C102076,HAMA - Insomnia,C102076,C25372
C102076,HAMA - Insomnia,C102076,C82515
C102076,HAMA - Insomnia,C102076,C91106
C102076,HAMA - Insomnia,C102076,C46126
C102077,HAMA - Intellectual,C102077,C82515
C102077,HAMA - Intellectual,C102077,C25372
C102077,HAMA - Intellectual,C102077,C46126
C102077,HAMA - Intellectual,C102077,C91106
C102082,HAMA - Respiratory Symptoms,C102082,C91106
C102082,HAMA - Respiratory Symptoms,C102082,C82515
C102082,HAMA - Respiratory Symptoms,C102082,C25372
C102082,HAMA - Respiratory Symptoms,C102082,C46126
C102079,HAMA - Somatic (Muscular),C102079,C46126
C102079,HAMA - Somatic (Muscular),C102079,C91106
C102079,HAMA - Somatic (Muscular),C102079,C25372
C102079,HAMA - Somatic (Muscular),C102079,C82515
C102080,HAMA - Somatic (Sensory),C102080,C91106
C102080,HAMA - Somatic (Sensory),C102080,C82515
C102080,HAMA - Somatic (Sensory),C102080,C46126
C102080,HAMA - Somatic (Sensory),C102080,C25372
C102074,HAMA - Tension,C102074,C91106
C102074,HAMA - Tension,C102074,C46126
C102074,HAMA - Tension,C102074,C25372
C102074,HAMA - Tension,C102074,C82515
C155646,HAMA - Total Score,C155646,C82515
C155646,HAMA - Total Score,C155646,C25372
C155646,HAMA - Total Score,C155646,C46126
C155646,HAMA - Total Score,C155646,C91106
C101876,HAMA Questionnaire Question,C101876,
C191047,HBI - Abdominal Mass,C191047,C46126
C191047,HBI - Abdominal Mass,C191047,C25372
C191047,HBI - Abdominal Mass,C191047,C82515
C191047,HBI - Abdominal Mass,C191047,C91106
C191045,HBI - Abdominal Pain,C191045,C46126
C191045,HBI - Abdominal Pain,C191045,C82515
C191045,HBI - Abdominal Pain,C191045,C25372
C191045,HBI - Abdominal Pain,C191045,C82534
C191045,HBI - Abdominal Pain,C191045,C91106
C191055,HBI - Complication: Abscess,C191055,C82515
C191055,HBI - Complication: Abscess,C191055,C25372
C191055,HBI - Complication: Abscess,C191055,C91106
C191055,HBI - Complication: Abscess,C191055,C46126
C191053,HBI - Complication: Anal Fissures,C191053,C46126
C191053,HBI - Complication: Anal Fissures,C191053,C82515
C191053,HBI - Complication: Anal Fissures,C191053,C25372
C191053,HBI - Complication: Anal Fissures,C191053,C91106
C191051,HBI - Complication: Aphthous Ulcers,C191051,C46126
C191051,HBI - Complication: Aphthous Ulcers,C191051,C91106
C191051,HBI - Complication: Aphthous Ulcers,C191051,C82515
C191051,HBI - Complication: Aphthous Ulcers,C191051,C25372
C191048,HBI - Complication: Arthralgia,C191048,C46126
C191048,HBI - Complication: Arthralgia,C191048,C91106
C191048,HBI - Complication: Arthralgia,C191048,C25372
C191048,HBI - Complication: Arthralgia,C191048,C82515
C191050,HBI - Complication: Erythema Nodosum,C191050,C91106
C191050,HBI - Complication: Erythema Nodosum,C191050,C46126
C191050,HBI - Complication: Erythema Nodosum,C191050,C25372
C191050,HBI - Complication: Erythema Nodosum,C191050,C82515
C191054,HBI - Complication: New Fistula,C191054,C91106
C191054,HBI - Complication: New Fistula,C191054,C25372
C191054,HBI - Complication: New Fistula,C191054,C46126
C191054,HBI - Complication: New Fistula,C191054,C82515
C191052,HBI - Complication: Pyoderma Gangrenosum,C191052,C82515
C191052,HBI - Complication: Pyoderma Gangrenosum,C191052,C46126
C191052,HBI - Complication: Pyoderma Gangrenosum,C191052,C91106
C191052,HBI - Complication: Pyoderma Gangrenosum,C191052,C25372
C191049,HBI - Complication: Uveitis,C191049,C82515
C191049,HBI - Complication: Uveitis,C191049,C25372
C191049,HBI - Complication: Uveitis,C191049,C91106
C191049,HBI - Complication: Uveitis,C191049,C46126
C191044,HBI - General Well-being,C191044,C25372
C191044,HBI - General Well-being,C191044,C82515
C191044,HBI - General Well-being,C191044,C82534
C191044,HBI - General Well-being,C191044,C91106
C191044,HBI - General Well-being,C191044,C46126
C191046,HBI - Number Liquid Stools,C191046,C82534
C191046,HBI - Number Liquid Stools,C191046,C82515
C191046,HBI - Number Liquid Stools,C191046,C46126
C191046,HBI - Number Liquid Stools,C191046,C91106
C191046,HBI - Number Liquid Stools,C191046,C25372
C191056,HBI - Total Score,C191056,C91106
C191056,HBI - Total Score,C191056,C82515
C191056,HBI - Total Score,C191056,C46126
C191056,HBI - Total Score,C191056,C25372
C53556,HER2-Positive Breast Carcinoma,C53556,C70713
C53556,HER2-Positive Breast Carcinoma,C53556,C25692
C53556,HER2-Positive Breast Carcinoma,C53556,C25372
C53556,HER2-Positive Breast Carcinoma,C53556,C171435
C53556,HER2-Positive Breast Carcinoma,C53556,C70856
C53556,HER2-Positive Breast Carcinoma,C53556,C117062
C68748,HER2/Neu Positive,C68748,C70856
C68748,HER2/Neu Positive,C68748,C117062
C68748,HER2/Neu Positive,C68748,C70713
C68748,HER2/Neu Positive,C68748,C171435
C68748,HER2/Neu Positive,C68748,C25372
C68748,HER2/Neu Positive,C68748,C25692
C16152,HER2/Neu Status,C16152,C25372
C16152,HER2/Neu Status,C16152,C171435
C16152,HER2/Neu Status,C16152,C25692
C16152,HER2/Neu Status,C16152,C70856
C16152,HER2/Neu Status,C16152,C117062
C16152,HER2/Neu Status,C16152,C70713
C16152,HER2/Neu Status,C16152,C82515
C102118,Hamilton Anxiety Rating Scale Clinical Classification,C102118,C82525
C102118,Hamilton Anxiety Rating Scale Clinical Classification,C102118,C25372
C102118,Hamilton Anxiety Rating Scale Clinical Classification,C102118,C82515
C102118,Hamilton Anxiety Rating Scale Clinical Classification,C102118,C82556
C191036,Harvey-Bradshaw Index Clinical Classification,C191036,C82556
C191036,Harvey-Bradshaw Index Clinical Classification,C191036,C82525
C191036,Harvey-Bradshaw Index Clinical Classification,C191036,C82515
C191036,Harvey-Bradshaw Index Clinical Classification,C191036,C25372
C190943,Harvey-Bradshaw Index Clinical Classification Question,C190943,
C184708,Has Menstrual Periods Indicator,C184708,C82515
C184708,Has Menstrual Periods Indicator,C184708,C70856
C81255,Head Circumference,C81255,C42578
C81255,Head Circumference,C81255,C82515
C81255,Head Circumference,C81255,C70856
C205753,Head Circumference-for-Age Percentile,C205753,C82515
C205753,Head Circumference-for-Age Percentile,C205753,C70856
C209446,Health Insurance Indicator,C209446,C25372
C209446,Health Insurance Indicator,C209446,C82515
C209446,Health Insurance Indicator,C209446,C70856
C199141,Health Issue Related Group,C199141,
C15367,Health Risk Assessment,C15367,
C16669,Health Status,C16669,
C119231,Healthcare Encounter Type,C119231,C117050
C119231,Healthcare Encounter Type,C119231,C82515
C119231,Healthcare Encounter Type,C119231,C70856
C119231,Healthcare Encounter Type,C119231,C82546
C119231,Healthcare Encounter Type,C119231,C25372
C119231,Healthcare Encounter Type,C119231,C25692
C98737,Healthy Subject Indicator,C98737,C49691
C98737,Healthy Subject Indicator,C98737,C83445
C98737,Healthy Subject Indicator,C98737,C83447
C98737,Healthy Subject Indicator,C98737,C117458
C98737,Healthy Subject Indicator,C98737,C117460
C98737,Healthy Subject Indicator,C98737,C117461
C119234,Heart Failure Therapy Intensification Type,C119234,C82515
C119234,Heart Failure Therapy Intensification Type,C119234,C70856
C119234,Heart Failure Therapy Intensification Type,C119234,C25692
C119234,Heart Failure Therapy Intensification Type,C119234,C117050
C119234,Heart Failure Therapy Intensification Type,C119234,C82546
C119234,Heart Failure Therapy Intensification Type,C119234,C25372
C49677,Heart Rate,C49677,C70856
C49677,Heart Rate,C49677,C73688
C49677,Heart Rate,C49677,C13717
C49677,Heart Rate,C49677,C25185
C49677,Heart Rate,C49677,C82535
C49677,Heart Rate,C49677,C62164
C49677,Heart Rate,C49677,C82515
C199998,"Heart Rate Variability, Average Standard Deviation NN Interval Measurement",C199998,C70856
C199998,"Heart Rate Variability, Average Standard Deviation NN Interval Measurement",C199998,C42574
C199998,"Heart Rate Variability, Average Standard Deviation NN Interval Measurement",C199998,C82515
C199682,"Heart Rate Variability, Standard Deviation NN Interval Measurement",C199682,C82515
C199682,"Heart Rate Variability, Standard Deviation NN Interval Measurement",C199682,C70856
C199682,"Heart Rate Variability, Standard Deviation NN Interval Measurement",C199682,C42574
C25347,Height,C25347,
C163568,Height-for-Age Percentile,C163568,C82515
C163568,Height-for-Age Percentile,C163568,C70856
C64796,Hematocrit Measurement,C64796,C93566
C64796,Hematocrit Measurement,C64796,C70856
C64796,Hematocrit Measurement,C64796,C82515
C64796,Hematocrit Measurement,C64796,C70713
C64796,Hematocrit Measurement,C64796,C69174
C49286,Hematology Test,C49286,
C179823,Hematoma Indicator,C179823,C82515
C179823,Hematoma Indicator,C179823,C70856
C179823,Hematoma Indicator,C179823,C82535
C179823,Hematoma Indicator,C179823,C13717
C179823,Hematoma Indicator,C179823,C54215
C179823,Hematoma Indicator,C179823,C25185
C64849,Hemoglobin A1C Measurement,C64849,C70856
C64849,Hemoglobin A1C Measurement,C64849,C93566
C64849,Hemoglobin A1C Measurement,C64849,C70713
C64849,Hemoglobin A1C Measurement,C64849,C82515
C64849,Hemoglobin A1C Measurement,C64849,C64571
C111207,Hemoglobin A1C to Hemoglobin Ratio Measurement,C111207,C70713
C111207,Hemoglobin A1C to Hemoglobin Ratio Measurement,C111207,C93566
C111207,Hemoglobin A1C to Hemoglobin Ratio Measurement,C111207,C82515
C111207,Hemoglobin A1C to Hemoglobin Ratio Measurement,C111207,C70856
C111207,Hemoglobin A1C to Hemoglobin Ratio Measurement,C111207,C81268
C120825,Hemoglobin Corrected Diffusion Capacity of the Lung for Carbon Monoxide,C120825,C82515
C120825,Hemoglobin Corrected Diffusion Capacity of the Lung for Carbon Monoxide,C120825,C70856
C120825,Hemoglobin Corrected Diffusion Capacity of the Lung for Carbon Monoxide,C120825,C44279
C120827,Hemoglobin Corrected Diffusion Capacity of the Lung for Carbon Monoxide/Alveolar Volume Ratio,C120827,C48570
C120827,Hemoglobin Corrected Diffusion Capacity of the Lung for Carbon Monoxide/Alveolar Volume Ratio,C120827,C70856
C120827,Hemoglobin Corrected Diffusion Capacity of the Lung for Carbon Monoxide/Alveolar Volume Ratio,C120827,C82515
C64848,Hemoglobin Measurement,C64848,C70856
C64848,Hemoglobin Measurement,C64848,C93566
C64848,Hemoglobin Measurement,C64848,C64571
C64848,Hemoglobin Measurement,C64848,C70713
C64848,Hemoglobin Measurement,C64848,C82535
C64848,Hemoglobin Measurement,C64848,C82515
C103404,Hepatitis B DNA Measurement,C103404,C117062
C103404,Hepatitis B DNA Measurement,C103404,C82535
C103404,Hepatitis B DNA Measurement,C103404,C70713
C103404,Hepatitis B DNA Measurement,C103404,C82515
C103404,Hepatitis B DNA Measurement,C103404,C70856
C103404,Hepatitis B DNA Measurement,C103404,C48207
C74711,Hepatitis B Surface Antibody Measurement,C74711,C82515
C74711,Hepatitis B Surface Antibody Measurement,C74711,C70856
C74711,Hepatitis B Surface Antibody Measurement,C74711,C48207
C74711,Hepatitis B Surface Antibody Measurement,C74711,C117062
C74711,Hepatitis B Surface Antibody Measurement,C74711,C82535
C74711,Hepatitis B Surface Antibody Measurement,C74711,C70713
C125944,Hepatitis B Virus Antibody Measurement,C125944,
C96660,Hepatitis B Virus Core Antibody Measurement,C96660,C70713
C96660,Hepatitis B Virus Core Antibody Measurement,C96660,C117062
C96660,Hepatitis B Virus Core Antibody Measurement,C96660,C82515
C96660,Hepatitis B Virus Core Antibody Measurement,C96660,C70856
C96660,Hepatitis B Virus Core Antibody Measurement,C96660,C48207
C96660,Hepatitis B Virus Core Antibody Measurement,C96660,C82535
C166039,Hepatitis B Virus Core Antigen Measurement,C166039,C70713
C166039,Hepatitis B Virus Core Antigen Measurement,C166039,C82535
C166039,Hepatitis B Virus Core Antigen Measurement,C166039,C117062
C166039,Hepatitis B Virus Core Antigen Measurement,C166039,C48207
C166039,Hepatitis B Virus Core Antigen Measurement,C166039,C82515
C166039,Hepatitis B Virus Core Antigen Measurement,C166039,C70856
C64850,Hepatitis B Virus Surface Antigen Measurement,C64850,C117062
C64850,Hepatitis B Virus Surface Antigen Measurement,C64850,C70856
C64850,Hepatitis B Virus Surface Antigen Measurement,C64850,C82515
C64850,Hepatitis B Virus Surface Antigen Measurement,C64850,C82535
C64850,Hepatitis B Virus Surface Antigen Measurement,C64850,C70713
C64850,Hepatitis B Virus Surface Antigen Measurement,C64850,C48207
C142330,Hepatitis C Virus RNA Measurement,C142330,C70856
C142330,Hepatitis C Virus RNA Measurement,C142330,C82535
C142330,Hepatitis C Virus RNA Measurement,C142330,C70713
C142330,Hepatitis C Virus RNA Measurement,C142330,C82515
C142330,Hepatitis C Virus RNA Measurement,C142330,C48207
C142330,Hepatitis C Virus RNA Measurement,C142330,C117062
C105587,High Density Lipoprotein Cholesterol Measurement,C105587,C70856
C105587,High Density Lipoprotein Cholesterol Measurement,C105587,C82515
C105587,High Density Lipoprotein Cholesterol Measurement,C105587,C70713
C105587,High Density Lipoprotein Cholesterol Measurement,C105587,C48207
C105587,High Density Lipoprotein Cholesterol Measurement,C105587,C93566
C100947,Hip Circumference,C100947,C70856
C100947,Hip Circumference,C100947,C42578
C100947,Hip Circumference,C100947,C82515
C18190,Histopathologic Examination,C18190,
C181760,History of Tobacco Use,C181760,C82574
C181760,History of Tobacco Use,C181760,C82558
C181760,History of Tobacco Use,C181760,C83431
C181760,History of Tobacco Use,C181760,C83092
C181760,History of Tobacco Use,C181760,C83416
C181760,History of Tobacco Use,C181760,C82560
C181760,History of Tobacco Use,C181760,C82559
C181760,History of Tobacco Use,C181760,C83041
C181760,History of Tobacco Use,C181760,C83162
C181760,History of Tobacco Use,C181760,C82520
C181760,History of Tobacco Use,C181760,C162326
C181760,History of Tobacco Use,C181760,C162330
C181760,History of Tobacco Use,C181760,C25372
C181760,History of Tobacco Use,C181760,C83419
C181760,History of Tobacco Use,C181760,C25692
C181760,History of Tobacco Use,C181760,C171000
C181760,History of Tobacco Use,C181760,C127786
C181760,History of Tobacco Use,C181760,C82557
C181760,History of Tobacco Use,C181760,C82575
C181760,History of Tobacco Use,C181760,C83044
C181760,History of Tobacco Use,C181760,C83038
C74742,Hormone Measurement,C74742,
C188928,Hormone Receptor Status,C188928,C70713
C188928,Hormone Receptor Status,C188928,C25692
C188928,Hormone Receptor Status,C188928,C25372
C188928,Hormone Receptor Status,C188928,C117062
C188928,Hormone Receptor Status,C188928,C82515
C188928,Hormone Receptor Status,C188928,C171435
C188928,Hormone Receptor Status,C188928,C70856
C147564,Hormone Resistance,C147564,C171435
C147564,Hormone Resistance,C147564,C25692
C147564,Hormone Resistance,C147564,C70856
C147564,Hormone Resistance,C147564,C82515
C147564,Hormone Resistance,C147564,C70713
C147564,Hormone Resistance,C147564,C25372
C135386,Hospital Medical Record Indicator,C135386,C70856
C135386,Hospital Medical Record Indicator,C135386,C82515
C176360,Hospitalized Due to Pregnancy Complication Indicator,C176360,C82515
C176360,Hospitalized Due to Pregnancy Complication Indicator,C176360,C70856
C198258,Hospitalized at Time of Death Indicator,C198258,C70856
C198258,Hospitalized at Time of Death Indicator,C198258,C82515
C112312,Human Epidermal Growth Factor Receptor 2 Measurement,C112312,C170500
C112312,Human Epidermal Growth Factor Receptor 2 Measurement,C112312,C82535
C112312,Human Epidermal Growth Factor Receptor 2 Measurement,C112312,C117062
C112312,Human Epidermal Growth Factor Receptor 2 Measurement,C112312,C70713
C112312,Human Epidermal Growth Factor Receptor 2 Measurement,C112312,C82515
C112312,Human Epidermal Growth Factor Receptor 2 Measurement,C112312,C82498
C112312,Human Epidermal Growth Factor Receptor 2 Measurement,C112312,C70856
C117976,Ideal Body Weight,C117976,C70856
C117976,Ideal Body Weight,C117976,C48208
C117976,Ideal Body Weight,C117976,C82515
C25364,Identifier,C25364,
C198280,IgM Autoantibody Measurement,C198280,C70856
C198280,IgM Autoantibody Measurement,C198280,C117062
C198280,IgM Autoantibody Measurement,C198280,C82535
C198280,IgM Autoantibody Measurement,C198280,C82515
C198280,IgM Autoantibody Measurement,C198280,C70713
C198280,IgM Autoantibody Measurement,C198280,C25372
C198280,IgM Autoantibody Measurement,C198280,C25692
C198280,IgM Autoantibody Measurement,C198280,C42647
C198280,IgM Autoantibody Measurement,C198280,C48207
C198280,IgM Autoantibody Measurement,C198280,C218437
C17369,Imaging Procedure,C17369,
C15260,Immunodiagnostic Procedure,C15260,
C81969,Immunoglobulin A Measurement,C81969,
C16723,Immunology Test,C16723,
C25532,Inclusion Criteria,C25532,C25372
C25532,Inclusion Criteria,C25532,C83444
C25532,Inclusion Criteria,C25532,C181043
C25532,Inclusion Criteria,C25532,C82515
C25532,Inclusion Criteria,C25532,C25692
C83063,Inclusion Exclusion Criteria Yes No Indicator,C83063,C83063
C83063,Inclusion Exclusion Criteria Yes No Indicator,C83063,C82515
C41150,Income,C41150,
C154890,Income Level,C154890,C25372
C154890,Income Level,C154890,C70856
C154890,Income Level,C154890,C82515
C209684,Indian Health Service Insurance Indicator,C209684,C82515
C209684,Indian Health Service Insurance Indicator,C209684,C70856
C209684,Indian Health Service Insurance Indicator,C209684,C25372
C41184,Indication,C41184,
C25180,Indicator,C25180,
C91372,Indirect Antiglobulin Test,C91372,C93566
C91372,Indirect Antiglobulin Test,C91372,C82515
C91372,Indirect Antiglobulin Test,C91372,C70856
C91372,Indirect Antiglobulin Test,C91372,C70713
C189355,Individual Surgically Sterile Indicator,C189355,C70856
C189355,Individual Surgically Sterile Indicator,C189355,C82515
C156588,Induced Abortion Indicator,C156588,C82515
C156588,Induced Abortion Indicator,C156588,C70856
C122196,Induration Longest Diameter,C122196,C82515
C122196,Induration Longest Diameter,C122196,C82535
C122196,Induration Longest Diameter,C122196,C70856
C122196,Induration Longest Diameter,C122196,C25185
C122196,Induration Longest Diameter,C122196,C13717
C122196,Induration Longest Diameter,C122196,C42578
C122196,Induration Longest Diameter,C122196,C82546
C171513,Infant Less Than One Year Indicator,C171513,C70856
C171513,Infant Less Than One Year Indicator,C171513,C82515
C171513,Infant Less Than One Year Indicator,C171513,C25372
C189356,Infertility Indicator,C189356,C70856
C189356,Infertility Indicator,C189356,C82515
C171512,Infiltrates Indicator,C171512,C82515
C171512,Infiltrates Indicator,C171512,C70856
C176287,Information Source for Cause of Death,C176287,C82515
C176287,Information Source for Cause of Death,C176287,C70856
C16735,Informed Consent,C16735,C25372
C16735,Informed Consent,C16735,C25692
C16735,Informed Consent,C16735,C82517
C16735,Informed Consent,C16735,C82977
C16735,Informed Consent,C16735,C82571
C111362,Inspiratory Capacity,C111362,C70856
C111362,Inspiratory Capacity,C111362,C44279
C111362,Inspiratory Capacity,C111362,C82515
C112321,Inspiratory Capacity Reversibility,C112321,C82515
C112321,Inspiratory Capacity Reversibility,C112321,C70856
C111237,Inspiratory Reserve Volume,C111237,C70856
C111237,Inspiratory Reserve Volume,C111237,C44279
C111237,Inspiratory Reserve Volume,C111237,C82515
C124423,Inspiratory Vital Capacity,C124423,C44279
C124423,Inspiratory Vital Capacity,C124423,C70856
C124423,Inspiratory Vital Capacity,C124423,C82515
C74834,Interleukin 6 Measurement,C74834,C70713
C74834,Interleukin 6 Measurement,C74834,C82515
C74834,Interleukin 6 Measurement,C74834,C70856
C74834,Interleukin 6 Measurement,C74834,C48207
C64805,International Normalized Ratio of Prothrombin Time,C64805,C82515
C64805,International Normalized Ratio of Prothrombin Time,C64805,C70856
C64805,International Normalized Ratio of Prothrombin Time,C64805,C93566
C64805,International Normalized Ratio of Prothrombin Time,C64805,C42574
C64805,International Normalized Ratio of Prothrombin Time,C64805,C70713
C41255,Interpretation,C41255,C70856
C41255,Interpretation,C41255,C82515
C209687,Intersex Diagnosis Indicator,C209687,C82515
C209687,Intersex Diagnosis Indicator,C209687,C70856
C209687,Intersex Diagnosis Indicator,C209687,C25372
C71465,Intervention Duration,C71465,
C98746,Intervention Model,C98746,C49691
C98746,Intervention Model,C98746,C117461
C98746,Intervention Model,C98746,C83447
C98746,Intervention Model,C98746,C117458
C98746,Intervention Model,C98746,C117460
C98746,Intervention Model,C98746,C83445
C98747,Intervention Type,C98747,C117458
C98747,Intervention Type,C98747,C49691
C98747,Intervention Type,C98747,C83445
C98747,Intervention Type,C98747,C83447
C98747,Intervention Type,C98747,C117460
C98747,Intervention Type,C98747,C117461
C111238,Intraventricular and Intraatrial Conduction ECG Assessment,C111238,C82515
C111238,Intraventricular and Intraatrial Conduction ECG Assessment,C111238,C25372
C111238,Intraventricular and Intraatrial Conduction ECG Assessment,C111238,C51824
C111238,Intraventricular and Intraatrial Conduction ECG Assessment,C111238,C62164
C111238,Intraventricular and Intraatrial Conduction ECG Assessment,C111238,C82535
C111238,Intraventricular and Intraatrial Conduction ECG Assessment,C111238,C50282
C111238,Intraventricular and Intraatrial Conduction ECG Assessment,C111238,C70856
C189353,Irregular Menstrual Periods Indicator,C189353,C82515
C189353,Irregular Menstrual Periods Indicator,C189353,C70856
C119236,Ischemic Evidence Type,C119236,C82546
C119236,Ischemic Evidence Type,C119236,C25372
C119236,Ischemic Evidence Type,C119236,C117050
C119236,Ischemic Evidence Type,C119236,C82515
C119236,Ischemic Evidence Type,C119236,C70856
C119236,Ischemic Evidence Type,C119236,C25692
C138967,Isometric Muscle Strength,C138967,
C181496,"Isometric Muscle Strength, Abduction",C181496,C82515
C181496,"Isometric Muscle Strength, Abduction",C181496,C82535
C181496,"Isometric Muscle Strength, Abduction",C181496,C25185
C181496,"Isometric Muscle Strength, Abduction",C181496,C13717
C181496,"Isometric Muscle Strength, Abduction",C181496,C25709
C181496,"Isometric Muscle Strength, Abduction",C181496,C70856
C181500,"Isometric Muscle Strength, Adduction",C181500,C70856
C181500,"Isometric Muscle Strength, Adduction",C181500,C25185
C181500,"Isometric Muscle Strength, Adduction",C181500,C25709
C181500,"Isometric Muscle Strength, Adduction",C181500,C13717
C181500,"Isometric Muscle Strength, Adduction",C181500,C82535
C181500,"Isometric Muscle Strength, Adduction",C181500,C82515
C181497,"Isometric Muscle Strength, Dorsiflexion",C181497,C25709
C181497,"Isometric Muscle Strength, Dorsiflexion",C181497,C82535
C181497,"Isometric Muscle Strength, Dorsiflexion",C181497,C82515
C181497,"Isometric Muscle Strength, Dorsiflexion",C181497,C70856
C181497,"Isometric Muscle Strength, Dorsiflexion",C181497,C25185
C181497,"Isometric Muscle Strength, Dorsiflexion",C181497,C13717
C139215,"Isometric Muscle Strength, Extension",C139215,C25185
C139215,"Isometric Muscle Strength, Extension",C139215,C70856
C139215,"Isometric Muscle Strength, Extension",C139215,C25709
C139215,"Isometric Muscle Strength, Extension",C139215,C13717
C139215,"Isometric Muscle Strength, Extension",C139215,C82535
C139215,"Isometric Muscle Strength, Extension",C139215,C82515
C181499,"Isometric Muscle Strength, External Rotation",C181499,C13717
C181499,"Isometric Muscle Strength, External Rotation",C181499,C70856
C181499,"Isometric Muscle Strength, External Rotation",C181499,C82535
C181499,"Isometric Muscle Strength, External Rotation",C181499,C25185
C181499,"Isometric Muscle Strength, External Rotation",C181499,C82515
C139216,"Isometric Muscle Strength, Flexion",C139216,C82515
C139216,"Isometric Muscle Strength, Flexion",C139216,C70856
C139216,"Isometric Muscle Strength, Flexion",C139216,C25709
C139216,"Isometric Muscle Strength, Flexion",C139216,C13717
C139216,"Isometric Muscle Strength, Flexion",C139216,C25185
C139216,"Isometric Muscle Strength, Flexion",C139216,C82535
C181498,"Isometric Muscle Strength, Internal Rotation",C181498,C82515
C181498,"Isometric Muscle Strength, Internal Rotation",C181498,C82535
C181498,"Isometric Muscle Strength, Internal Rotation",C181498,C25185
C181498,"Isometric Muscle Strength, Internal Rotation",C181498,C13717
C181498,"Isometric Muscle Strength, Internal Rotation",C181498,C70856
C112614,KFSS - Bowel and Bladder Functions,C112614,C82515
C112614,KFSS - Bowel and Bladder Functions,C112614,C25372
C112614,KFSS - Bowel and Bladder Functions,C112614,C46126
C112614,KFSS - Bowel and Bladder Functions,C112614,C91106
C112612,KFSS - Brain Stem Functions,C112612,C25372
C112612,KFSS - Brain Stem Functions,C112612,C91106
C112612,KFSS - Brain Stem Functions,C112612,C46126
C112612,KFSS - Brain Stem Functions,C112612,C82515
C112610,KFSS - Cerebellar Functions,C112610,C46126
C112610,KFSS - Cerebellar Functions,C112610,C25372
C112610,KFSS - Cerebellar Functions,C112610,C82515
C112610,KFSS - Cerebellar Functions,C112610,C91106
C112617,KFSS - Cerebral (or Mental) Functions,C112617,C82515
C112617,KFSS - Cerebral (or Mental) Functions,C112617,C25372
C112617,KFSS - Cerebral (or Mental) Functions,C112617,C91106
C112617,KFSS - Cerebral (or Mental) Functions,C112617,C46126
C113884,KFSS - Other Functions,C113884,C46126
C113884,KFSS - Other Functions,C113884,C82515
C113884,KFSS - Other Functions,C113884,C91106
C113884,KFSS - Other Functions,C113884,C25372
C113885,KFSS - Other Functions Specify,C113885,C91106
C113885,KFSS - Other Functions Specify,C113885,C82515
C113885,KFSS - Other Functions Specify,C113885,C25372
C112616,KFSS - Presence of Temporal Pallor,C112616,C91106
C112616,KFSS - Presence of Temporal Pallor,C112616,C82515
C112616,KFSS - Presence of Temporal Pallor,C112616,C25372
C112609,KFSS - Pyramidal Functions,C112609,C25372
C112609,KFSS - Pyramidal Functions,C112609,C82515
C112609,KFSS - Pyramidal Functions,C112609,C91106
C112609,KFSS - Pyramidal Functions,C112609,C46126
C112613,KFSS - Sensory Functions,C112613,C91106
C112613,KFSS - Sensory Functions,C112613,C25372
C112613,KFSS - Sensory Functions,C112613,C82515
C112613,KFSS - Sensory Functions,C112613,C46126
C112615,KFSS - Visual (or Optic) Functions,C112615,C91106
C112615,KFSS - Visual (or Optic) Functions,C112615,C25372
C112615,KFSS - Visual (or Optic) Functions,C112615,C82515
C112615,KFSS - Visual (or Optic) Functions,C112615,C46126
C112611,KFSS - Weakness Interferes With Testing,C112611,C25372
C112611,KFSS - Weakness Interferes With Testing,C112611,C91106
C112611,KFSS - Weakness Interferes With Testing,C112611,C82515
C112460,KFSS Questionnaire Question,C112460,
C100417,KPS Scale - Karnofsky Performance Status,C100417,C25372
C100417,KPS Scale - Karnofsky Performance Status,C100417,C91106
C100417,KPS Scale - Karnofsky Performance Status,C100417,C82515
C100417,KPS Scale - Karnofsky Performance Status,C100417,C46126
C100116,KPS Scale Questionnaire Question,C100116,
C100768,Karnofsky Performance Status Scale Clinical Classification,C100768,C82525
C100768,Karnofsky Performance Status Scale Clinical Classification,C100768,C25372
C100768,Karnofsky Performance Status Scale Clinical Classification,C100768,C82515
C100768,Karnofsky Performance Status Scale Clinical Classification,C100768,C82556
C64854,Ketone Measurement,C64854,C82515
C64854,Ketone Measurement,C64854,C70713
C64854,Ketone Measurement,C64854,C48207
C64854,Ketone Measurement,C64854,C93566
C64854,Ketone Measurement,C64854,C70856
C43513,Keyword,C43513,
C157250,Ki-67 Labeling Index,C157250,C25372
C157250,Ki-67 Labeling Index,C157250,C82515
C157250,Ki-67 Labeling Index,C157250,C171435
C157250,Ki-67 Labeling Index,C157250,C25692
C157250,Ki-67 Labeling Index,C157250,C70713
C157250,Ki-67 Labeling Index,C157250,C82535
C157250,Ki-67 Labeling Index,C157250,C117062
C157250,Ki-67 Labeling Index,C157250,C48570
C157250,Ki-67 Labeling Index,C157250,C70856
C84372,Knee to Heel Length Measurement,C84372,C82515
C84372,Knee to Heel Length Measurement,C84372,C42578
C84372,Knee to Heel Length Measurement,C84372,C70856
C70772,Knowledge Field,C70772,
C112522,Kurtzke Functional Systems Scores Clinical Classification,C112522,C82515
C112522,Kurtzke Functional Systems Scores Clinical Classification,C112522,C25372
C112522,Kurtzke Functional Systems Scores Clinical Classification,C112522,C82525
C112522,Kurtzke Functional Systems Scores Clinical Classification,C112522,C82556
C119232,Lab Findings of New or Worsening Heart Failure,C119232,C117050
C119232,Lab Findings of New or Worsening Heart Failure,C119232,C82546
C119232,Lab Findings of New or Worsening Heart Failure,C119232,C25372
C119232,Lab Findings of New or Worsening Heart Failure,C119232,C25692
C119232,Lab Findings of New or Worsening Heart Failure,C119232,C70856
C119232,Lab Findings of New or Worsening Heart Failure,C119232,C82515
C36292,Laboratory Test Result,C36292,
C48226,Lack of Efficacy [RETIRED],C48226,
C64855,Lactate Dehydrogenase Measurement,C64855,C82515
C64855,Lactate Dehydrogenase Measurement,C64855,C70856
C64855,Lactate Dehydrogenase Measurement,C64855,C70713
C64855,Lactate Dehydrogenase Measurement,C64855,C67365
C64855,Lactate Dehydrogenase Measurement,C64855,C93566
C81257,Last Menstrual Period,C81257,C82515
C81257,Last Menstrual Period,C81257,C70856
C50282,Lead Device,C50282,
C71258,Lean Body Mass,C71258,C48208
C71258,Lean Body Mass,C71258,C70856
C71258,Lean Body Mass,C71258,C82515
C139219,Lean Body Mass to Total Body Mass Ratio Measurement,C139219,C70856
C139219,Lean Body Mass to Total Body Mass Ratio Measurement,C139219,C48570
C139219,Lean Body Mass to Total Body Mass Ratio Measurement,C139219,C82515
C158257,Lean Mass,C158257,C25185
C158257,Lean Mass,C158257,C13717
C158257,Lean Mass,C158257,C42579
C158257,Lean Mass,C158257,C70856
C158257,Lean Mass,C158257,C82535
C158257,Lean Mass,C158257,C82515
C199997,Lean Tissue Mass Measurement,C199997,C70856
C199997,Lean Tissue Mass Measurement,C199997,C48208
C199997,Lean Tissue Mass Measurement,C199997,C82515
C25334,Length,C25334,C82515
C25334,Length,C25334,C25185
C25334,Length,C25334,C13717
C25334,Length,C25334,C42578
C25334,Length,C25334,C70856
C94189,Lesion Identification,C94189,
C51948,Leukocyte Count,C51948,C70713
C51948,Leukocyte Count,C51948,C70856
C51948,Leukocyte Count,C51948,C82515
C51948,Leukocyte Count,C51948,C93566
C51948,Leukocyte Count,C51948,C82535
C51948,Leukocyte Count,C51948,C67391
C16795,Lifestyle,C16795,
C74949,Lipid Measurement,C74949,
C135727,Liquid Biopsy,C135727,C25692
C135727,Liquid Biopsy,C135727,C70713
C135727,Liquid Biopsy,C135727,C82515
C135727,Liquid Biopsy,C135727,C70856
C135727,Liquid Biopsy,C135727,C25372
C156589,Live Birth Indicator,C156589,C70856
C156589,Live Birth Indicator,C156589,C82515
C74954,Liver Function Test,C74954,
C86029,Living Quarters,C86029,C82515
C86029,Living Quarters,C86029,C25372
C86029,Living Quarters,C86029,C70856
C135502,Living with Subject Indicator,C135502,C25372
C135502,Living with Subject Indicator,C135502,C70856
C135502,Living with Subject Indicator,C135502,C82515
C174232,Lobar Volume,C174232,C70856
C174232,Lobar Volume,C174232,C82515
C174232,Lobar Volume,C174232,C44279
C176551,Locally Recurrent Disease,C176551,C25372
C176551,Locally Recurrent Disease,C176551,C82515
C176551,Locally Recurrent Disease,C176551,C25692
C176551,Locally Recurrent Disease,C176551,C70856
C25341,Location,C25341,
C124331,Location of Death,C124331,C82515
C124331,Location of Death,C124331,C70856
C96684,Longest Diameter,C96684,C82535
C96684,Longest Diameter,C96684,C42578
C96684,Longest Diameter,C96684,C82515
C96684,Longest Diameter,C96684,C117412
C96684,Longest Diameter,C96684,C117419
C96684,Longest Diameter,C96684,C117411
C96684,Longest Diameter,C96684,C70856
C96684,Longest Diameter,C96684,C117413
C96684,Longest Diameter,C96684,C117043
C96684,Longest Diameter,C96684,C51824
C96685,Longest Perpendicular,C96685,C51824
C96685,Longest Perpendicular,C96685,C117419
C96685,Longest Perpendicular,C96685,C117412
C96685,Longest Perpendicular,C96685,C117413
C96685,Longest Perpendicular,C96685,C82535
C96685,Longest Perpendicular,C96685,C117043
C96685,Longest Perpendicular,C96685,C70856
C96685,Longest Perpendicular,C96685,C117411
C96685,Longest Perpendicular,C96685,C42578
C96685,Longest Perpendicular,C96685,C82515
C48227,Lost To Follow-Up [RETIRED],C48227,
C105588,Low Density Lipoprotein Cholesterol Measurement,C105588,C70713
C105588,Low Density Lipoprotein Cholesterol Measurement,C105588,C82515
C105588,Low Density Lipoprotein Cholesterol Measurement,C105588,C93566
C105588,Low Density Lipoprotein Cholesterol Measurement,C105588,C48207
C105588,Low Density Lipoprotein Cholesterol Measurement,C105588,C70856
C15755,Lumpectomy,C15755,C171000
C15755,Lumpectomy,C15755,C25185
C15755,Lumpectomy,C15755,C54215
C15755,Lumpectomy,C15755,C117512
C15755,Lumpectomy,C15755,C117530
C15755,Lumpectomy,C15755,C117511
C15755,Lumpectomy,C15755,C117529
C15755,Lumpectomy,C15755,C25692
C15755,Lumpectomy,C15755,C13717
C15755,Lumpectomy,C15755,C127786
C15755,Lumpectomy,C15755,C25372
C124425,Lung Clearance Index,C124425,C70856
C124425,Lung Clearance Index,C124425,C82515
C201473,Lung Clearance Index to 2.5% Initial Concentration,C201473,C82515
C201473,Lung Clearance Index to 2.5% Initial Concentration,C201473,C70856
C201472,Lung Clearance Index to 5% Initial Concentration,C201472,C82515
C201472,Lung Clearance Index to 5% Initial Concentration,C201472,C70856
C51900,Lymph Node Biopsy,C51900,C117511
C51900,Lymph Node Biopsy,C51900,C54215
C51900,Lymph Node Biopsy,C51900,C25372
C51900,Lymph Node Biopsy,C51900,C25692
C51900,Lymph Node Biopsy,C51900,C171000
C51900,Lymph Node Biopsy,C51900,C127786
C51900,Lymph Node Biopsy,C51900,C171435
C51900,Lymph Node Biopsy,C51900,C25185
C51900,Lymph Node Biopsy,C51900,C117529
C51900,Lymph Node Biopsy,C51900,C117530
C51900,Lymph Node Biopsy,C51900,C117512
C124448,Lymph Node State,C124448,C82515
C124448,Lymph Node State,C124448,C117043
C124448,Lymph Node State,C124448,C117412
C124448,Lymph Node State,C124448,C117411
C124448,Lymph Node State,C124448,C51824
C124448,Lymph Node State,C124448,C70856
C124448,Lymph Node State,C124448,C82535
C124448,Lymph Node State,C124448,C117413
C124448,Lymph Node State,C124448,C117419
C15275,Lymphadenectomy,C15275,C117530
C15275,Lymphadenectomy,C15275,C25372
C15275,Lymphadenectomy,C15275,C25692
C15275,Lymphadenectomy,C15275,C171000
C15275,Lymphadenectomy,C15275,C127786
C15275,Lymphadenectomy,C15275,C13717
C15275,Lymphadenectomy,C15275,C54215
C15275,Lymphadenectomy,C15275,C117512
C15275,Lymphadenectomy,C15275,C117529
C15275,Lymphadenectomy,C15275,C117511
C15275,Lymphadenectomy,C15275,C25185
C51949,Lymphocyte Count,C51949,C70856
C51949,Lymphocyte Count,C51949,C67391
C51949,Lymphocyte Count,C51949,C70713
C51949,Lymphocyte Count,C51949,C82515
C51949,Lymphocyte Count,C51949,C93566
C191064,MVAI - Dominant Feature,C191064,C25372
C191064,MVAI - Dominant Feature,C191064,C91106
C191064,MVAI - Dominant Feature,C191064,C82515
C191064,MVAI - Dominant Feature,C191064,C46126
C191060,MVAI - Extension,C191060,C46126
C191060,MVAI - Extension,C191060,C82515
C191060,MVAI - Extension,C191060,C91106
C191060,MVAI - Extension,C191060,C25372
C191061,MVAI - Hyperintensity T2-weighted Images,C191061,C82515
C191061,MVAI - Hyperintensity T2-weighted Images,C191061,C25372
C191061,MVAI - Hyperintensity T2-weighted Images,C191061,C46126
C191061,MVAI - Hyperintensity T2-weighted Images,C191061,C91106
C191063,MVAI - Inflammatory Mass,C191063,C25372
C191063,MVAI - Inflammatory Mass,C191063,C91106
C191063,MVAI - Inflammatory Mass,C191063,C82515
C191063,MVAI - Inflammatory Mass,C191063,C46126
C191062,MVAI - Rectal Wall Involvement,C191062,C82515
C191062,MVAI - Rectal Wall Involvement,C191062,C25372
C191062,MVAI - Rectal Wall Involvement,C191062,C91106
C191062,MVAI - Rectal Wall Involvement,C191062,C46126
C191065,MVAI - Total Score,C191065,C25372
C191065,MVAI - Total Score,C191065,C91106
C191065,MVAI - Total Score,C191065,C46126
C191065,MVAI - Total Score,C191065,C82515
C64821,Macrocyte Count,C64821,C70713
C64821,Macrocyte Count,C64821,C93566
C64821,Macrocyte Count,C64821,C82515
C64821,Macrocyte Count,C64821,C70856
C147390,Macroscopic Blood Measurement,C147390,C48207
C147390,Macroscopic Blood Measurement,C147390,C70856
C147390,Macroscopic Blood Measurement,C147390,C93566
C147390,Macroscopic Blood Measurement,C147390,C70713
C147390,Macroscopic Blood Measurement,C147390,C82515
C64840,Magnesium Measurement,C64840,C70713
C64840,Magnesium Measurement,C64840,C93566
C64840,Magnesium Measurement,C64840,C48207
C64840,Magnesium Measurement,C64840,C70856
C64840,Magnesium Measurement,C64840,C82515
C16809,Magnetic Resonance Imaging,C16809,C171000
C16809,Magnetic Resonance Imaging,C16809,C25692
C16809,Magnetic Resonance Imaging,C16809,C25372
C16809,Magnetic Resonance Imaging,C16809,C117511
C16809,Magnetic Resonance Imaging,C16809,C127786
C16809,Magnetic Resonance Imaging,C16809,C117530
C16809,Magnetic Resonance Imaging,C16809,C117529
C16809,Magnetic Resonance Imaging,C16809,C25185
C16809,Magnetic Resonance Imaging,C16809,C13717
C16809,Magnetic Resonance Imaging,C16809,C117512
C16809,Magnetic Resonance Imaging,C16809,C54215
C161423,Malignant Disease Indicator,C161423,C70856
C161423,Malignant Disease Indicator,C161423,C82515
C199199,MammaPrint Index,C199199,C82535
C199199,MammaPrint Index,C199199,C25692
C199199,MammaPrint Index,C199199,C70713
C199199,MammaPrint Index,C199199,C82515
C199199,MammaPrint Index,C199199,C171435
C199199,MammaPrint Index,C199199,C70856
C199199,MammaPrint Index,C199199,C25372
C16818,Mammography,C16818,C117530
C16818,Mammography,C16818,C117512
C16818,Mammography,C16818,C127786
C16818,Mammography,C16818,C54215
C16818,Mammography,C16818,C13717
C16818,Mammography,C16818,C25372
C16818,Mammography,C16818,C117529
C16818,Mammography,C16818,C25185
C16818,Mammography,C16818,C117511
C16818,Mammography,C16818,C171000
C16818,Mammography,C16818,C25692
C174233,Mandibular Length,C174233,C42578
C174233,Mandibular Length,C174233,C82515
C174233,Mandibular Length,C174233,C70856
C25188,Marital Status,C25188,C25372
C25188,Marital Status,C25188,C70856
C25188,Marital Status,C25188,C82515
C154886,Mass Indicator,C154886,C82515
C154886,Mass Indicator,C154886,C70856
C154886,Mass Indicator,C154886,C13717
C154886,Mass Indicator,C154886,C25185
C112025,Mass Measurement,C112025,
C15277,Mastectomy,C15277,C117529
C15277,Mastectomy,C15277,C25185
C15277,Mastectomy,C15277,C171000
C15277,Mastectomy,C15277,C117511
C15277,Mastectomy,C15277,C117512
C15277,Mastectomy,C15277,C127786
C15277,Mastectomy,C15277,C13717
C15277,Mastectomy,C15277,C25372
C15277,Mastectomy,C15277,C25692
C15277,Mastectomy,C15277,C117530
C94525,Matted Tumor Mass Present,C94525,C117436
C94525,Matted Tumor Mass Present,C94525,C25185
C94525,Matted Tumor Mass Present,C94525,C170500
C94525,Matted Tumor Mass Present,C94525,C117043
C94525,Matted Tumor Mass Present,C94525,C82515
C94525,Matted Tumor Mass Present,C94525,C51824
C94525,Matted Tumor Mass Present,C94525,C82535
C94525,Matted Tumor Mass Present,C94525,C117442
C94525,Matted Tumor Mass Present,C94525,C54215
C94525,Matted Tumor Mass Present,C94525,C70856
C98869,Mature Plasma Cell to Total Cell Ratio Measurement,C98869,C70856
C98869,Mature Plasma Cell to Total Cell Ratio Measurement,C98869,C82515
C98869,Mature Plasma Cell to Total Cell Ratio Measurement,C98869,C48570
C98869,Mature Plasma Cell to Total Cell Ratio Measurement,C98869,C93566
C98869,Mature Plasma Cell to Total Cell Ratio Measurement,C98869,C70713
C135494,Maximal Expiratory Pressure,C135494,C70856
C135494,Maximal Expiratory Pressure,C135494,C67332
C135494,Maximal Expiratory Pressure,C135494,C82515
C135496,Maximal Inspiratory Pressure,C135496,C67332
C135496,Maximal Inspiratory Pressure,C135496,C70856
C135496,Maximal Inspiratory Pressure,C135496,C82515
C174363,"Maximal Oxygen Consumption, Estimated",C174363,C48568
C174363,"Maximal Oxygen Consumption, Estimated",C174363,C82515
C174363,"Maximal Oxygen Consumption, Estimated",C174363,C70856
C178242,Maximal Oxygen Uptake,C178242,C82515
C178242,Maximal Oxygen Uptake,C178242,C70856
C178242,Maximal Oxygen Uptake,C178242,C48568
C112333,Maximum Forced Inspiratory Flow,C112333,C48568
C112333,Maximum Forced Inspiratory Flow,C112333,C70856
C112333,Maximum Forced Inspiratory Flow,C112333,C82515
C147492,Maximum Predicted Heart Rate,C147492,C82515
C147492,Maximum Predicted Heart Rate,C147492,C73688
C147492,Maximum Predicted Heart Rate,C147492,C70856
C49679,Mean Arterial Pressure,C49679,C82515
C49679,Mean Arterial Pressure,C49679,C70856
C49679,Mean Arterial Pressure,C49679,C49669
C123564,Mean Carbon Monoxide Diffusing Capability Test,C123564,C70856
C123564,Mean Carbon Monoxide Diffusing Capability Test,C123564,C82515
C123564,Mean Carbon Monoxide Diffusing Capability Test,C123564,C44279
C120716,Mean Diameter,C120716,
C119259,Mean Heart Rate by Electrocardiogram,C119259,C73688
C119259,Mean Heart Rate by Electrocardiogram,C119259,C25372
C119259,Mean Heart Rate by Electrocardiogram,C119259,C51824
C119259,Mean Heart Rate by Electrocardiogram,C119259,C82535
C119259,Mean Heart Rate by Electrocardiogram,C119259,C82515
C119259,Mean Heart Rate by Electrocardiogram,C119259,C82516
C119259,Mean Heart Rate by Electrocardiogram,C119259,C62164
C119259,Mean Heart Rate by Electrocardiogram,C119259,C70856
C209688,Medicaid Indicator,C209688,C70856
C209688,Medicaid Indicator,C209688,C82515
C209688,Medicaid Indicator,C209688,C25372
C25305,Medical Examination Assessment,C25305,
C83118,Medical History Reported Term [RETIRED],C83118,C87897
C83118,Medical History Reported Term [RETIRED],C83118,C83118
C83118,Medical History Reported Term [RETIRED],C83118,C83346
C83118,Medical History Reported Term [RETIRED],C83118,C83143
C83118,Medical History Reported Term [RETIRED],C83118,C83067
C83118,Medical History Reported Term [RETIRED],C83118,C83018
C85522,Medical History Yes No Indicator,C85522,C85522
C85522,Medical History Yes No Indicator,C85522,C82515
C219640,Medical Procedure Yes No Indicator,C219640,C219640
C219640,Medical Procedure Yes No Indicator,C219640,C82515
C139231,"Medical Research Council Manual Muscle Test Score, Abduction",C139231,C13717
C139231,"Medical Research Council Manual Muscle Test Score, Abduction",C139231,C46126
C139231,"Medical Research Council Manual Muscle Test Score, Abduction",C139231,C91106
C139231,"Medical Research Council Manual Muscle Test Score, Abduction",C139231,C25185
C139231,"Medical Research Council Manual Muscle Test Score, Abduction",C139231,C82515
C139233,"Medical Research Council Manual Muscle Test Score, Dorsiflexion",C139233,C13717
C139233,"Medical Research Council Manual Muscle Test Score, Dorsiflexion",C139233,C46126
C139233,"Medical Research Council Manual Muscle Test Score, Dorsiflexion",C139233,C91106
C139233,"Medical Research Council Manual Muscle Test Score, Dorsiflexion",C139233,C25185
C139233,"Medical Research Council Manual Muscle Test Score, Dorsiflexion",C139233,C82515
C139235,"Medical Research Council Manual Muscle Test Score, Eversion",C139235,C82515
C139235,"Medical Research Council Manual Muscle Test Score, Eversion",C139235,C25185
C139235,"Medical Research Council Manual Muscle Test Score, Eversion",C139235,C46126
C139235,"Medical Research Council Manual Muscle Test Score, Eversion",C139235,C91106
C139235,"Medical Research Council Manual Muscle Test Score, Eversion",C139235,C13717
C139228,"Medical Research Council Manual Muscle Test Score, Extension",C139228,C46126
C139228,"Medical Research Council Manual Muscle Test Score, Extension",C139228,C82515
C139228,"Medical Research Council Manual Muscle Test Score, Extension",C139228,C13717
C139228,"Medical Research Council Manual Muscle Test Score, Extension",C139228,C25185
C139228,"Medical Research Council Manual Muscle Test Score, Extension",C139228,C91106
C139230,"Medical Research Council Manual Muscle Test Score, Flexion",C139230,C46126
C139230,"Medical Research Council Manual Muscle Test Score, Flexion",C139230,C91106
C139230,"Medical Research Council Manual Muscle Test Score, Flexion",C139230,C13717
C139230,"Medical Research Council Manual Muscle Test Score, Flexion",C139230,C25185
C139230,"Medical Research Council Manual Muscle Test Score, Flexion",C139230,C82515
C139234,"Medical Research Council Manual Muscle Test Score, Inversion",C139234,C13717
C139234,"Medical Research Council Manual Muscle Test Score, Inversion",C139234,C82515
C139234,"Medical Research Council Manual Muscle Test Score, Inversion",C139234,C25185
C139234,"Medical Research Council Manual Muscle Test Score, Inversion",C139234,C91106
C139234,"Medical Research Council Manual Muscle Test Score, Inversion",C139234,C46126
C139232,"Medical Research Council Manual Muscle Test Score, Lateral Rotation",C139232,C46126
C139232,"Medical Research Council Manual Muscle Test Score, Lateral Rotation",C139232,C13717
C139232,"Medical Research Council Manual Muscle Test Score, Lateral Rotation",C139232,C91106
C139232,"Medical Research Council Manual Muscle Test Score, Lateral Rotation",C139232,C82515
C139232,"Medical Research Council Manual Muscle Test Score, Lateral Rotation",C139232,C25185
C139229,"Medical Research Council Manual Muscle Test Score, Plantar Flexion",C139229,C91106
C139229,"Medical Research Council Manual Muscle Test Score, Plantar Flexion",C139229,C13717
C139229,"Medical Research Council Manual Muscle Test Score, Plantar Flexion",C139229,C25185
C139229,"Medical Research Council Manual Muscle Test Score, Plantar Flexion",C139229,C82515
C139229,"Medical Research Council Manual Muscle Test Score, Plantar Flexion",C139229,C46126
C171082,Medical Status,C171082,
C209689,Medicare Indicator,C209689,C25372
C209689,Medicare Indicator,C209689,C82515
C209689,Medicare Indicator,C209689,C70856
C102666,Member of High Risk Population,C102666,C82515
C102666,Member of High Risk Population,C102666,C25372
C102666,Member of High Risk Population,C102666,C70856
C204694,Menarche Indicator,C204694,C70856
C204694,Menarche Indicator,C204694,C82515
C106541,Menopause Status,C106541,C82515
C106541,Menopause Status,C106541,C70856
C156586,Menses Duration,C156586,C82515
C156586,Menses Duration,C156586,C42574
C156586,Menses Duration,C156586,C70856
C156585,Menses Flow Rate Description,C156585,C70856
C156585,Menses Flow Rate Description,C156585,C82515
C119549,Menstrual Cycle Duration,C119549,C70856
C119549,Menstrual Cycle Duration,C119549,C42574
C119549,Menstrual Cycle Duration,C119549,C82515
C156587,Menstrual Cycle Regularity,C156587,C70856
C156587,Menstrual Cycle Regularity,C156587,C82515
C123623,Metabolic Response,C123623,C25372
C123623,Metabolic Response,C123623,C70856
C123623,Metabolic Response,C123623,C51824
C123623,Metabolic Response,C123623,C117043
C123623,Metabolic Response,C123623,C82515
C132456,Metastatic Disease Indicator,C132456,C70713
C132456,Metastatic Disease Indicator,C132456,C171435
C132456,Metastatic Disease Indicator,C132456,C25692
C132456,Metastatic Disease Indicator,C132456,C82515
C132456,Metastatic Disease Indicator,C132456,C25372
C132456,Metastatic Disease Indicator,C132456,C70856
C71460,Method,C71460,
C18477,Microarray Analysis,C18477,C70856
C18477,Microarray Analysis,C18477,C117062
C18477,Microarray Analysis,C18477,C82515
C18477,Microarray Analysis,C18477,C25372
C18477,Microarray Analysis,C18477,C25692
C18477,Microarray Analysis,C18477,C171435
C18477,Microarray Analysis,C18477,C70713
C187780,Microbial-induced Antibody Measurement,C187780,
C181394,Microbial-induced IgG Antibody Measurement,C181394,C82515
C181394,Microbial-induced IgG Antibody Measurement,C181394,C48207
C181394,Microbial-induced IgG Antibody Measurement,C181394,C70856
C181394,Microbial-induced IgG Antibody Measurement,C181394,C46126
C181394,Microbial-induced IgG Antibody Measurement,C181394,C117062
C181394,Microbial-induced IgG Antibody Measurement,C181394,C82535
C181394,Microbial-induced IgG Antibody Measurement,C181394,C218437
C181394,Microbial-induced IgG Antibody Measurement,C181394,C42647
C181394,Microbial-induced IgG Antibody Measurement,C181394,C25692
C181394,Microbial-induced IgG Antibody Measurement,C181394,C25372
C181394,Microbial-induced IgG Antibody Measurement,C181394,C70713
C187786,Microbial-induced IgM Antibody Measurement,C187786,C48207
C187786,Microbial-induced IgM Antibody Measurement,C187786,C70713
C187786,Microbial-induced IgM Antibody Measurement,C187786,C70856
C187786,Microbial-induced IgM Antibody Measurement,C187786,C42647
C187786,Microbial-induced IgM Antibody Measurement,C187786,C82535
C187786,Microbial-induced IgM Antibody Measurement,C187786,C218437
C187786,Microbial-induced IgM Antibody Measurement,C187786,C25372
C187786,Microbial-induced IgM Antibody Measurement,C187786,C25692
C187786,Microbial-induced IgM Antibody Measurement,C187786,C82515
C49188,Microbiology Test,C49188,
C64822,Microcyte Count,C64822,C70856
C64822,Microcyte Count,C64822,C93566
C64822,Microcyte Count,C64822,C82515
C64822,Microcyte Count,C64822,C70713
C201227,Microcyte to Erythrocyte Ratio Measurement,C201227,C93566
C201227,Microcyte to Erythrocyte Ratio Measurement,C201227,C70713
C201227,Microcyte to Erythrocyte Ratio Measurement,C201227,C82515
C201227,Microcyte to Erythrocyte Ratio Measurement,C201227,C48570
C201227,Microcyte to Erythrocyte Ratio Measurement,C201227,C70856
C202140,Micrometastasis Present Indicator,C202140,C25372
C202140,Micrometastasis Present Indicator,C202140,C25692
C202140,Micrometastasis Present Indicator,C202140,C70856
C202140,Micrometastasis Present Indicator,C202140,C82515
C202140,Micrometastasis Present Indicator,C202140,C70713
C202140,Micrometastasis Present Indicator,C202140,C171435
C63331,Microsatellite Instability Analysis,C63331,
C181332,Microsatellite Instability Length Assessment,C181332,C25372
C181332,Microsatellite Instability Length Assessment,C181332,C164533
C181332,Microsatellite Instability Length Assessment,C181332,C70713
C181332,Microsatellite Instability Length Assessment,C181332,C82535
C181332,Microsatellite Instability Length Assessment,C181332,C117039
C181332,Microsatellite Instability Length Assessment,C181332,C82515
C181332,Microsatellite Instability Length Assessment,C181332,C117062
C181332,Microsatellite Instability Length Assessment,C181332,C70856
C181332,Microsatellite Instability Length Assessment,C181332,C164528
C124475,Mid-Upper Arm Circumference,C124475,C70856
C124475,Mid-Upper Arm Circumference,C124475,C42578
C124475,Mid-Upper Arm Circumference,C124475,C82515
C209685,Military Health Insurance Indicator,C209685,C25372
C209685,Military Health Insurance Indicator,C209685,C70856
C209685,Military Health Insurance Indicator,C209685,C82515
C171085,Military Status,C171085,C82515
C171085,Military Status,C171085,C70856
C171085,Military Status,C171085,C25372
C120936,Minute Volume,C120936,C82515
C120936,Minute Volume,C120936,C70856
C120936,Minute Volume,C120936,C48568
C122191,Miscarriage Indicator,C122191,C70856
C122191,Miscarriage Indicator,C122191,C82515
C74957,Mixed Category Laboratory Procedure,C74957,
C191038,Modified Van Assche Index Clinical Classification,C191038,C25372
C191038,Modified Van Assche Index Clinical Classification,C191038,C82525
C191038,Modified Van Assche Index Clinical Classification,C191038,C82556
C191038,Modified Van Assche Index Clinical Classification,C191038,C82515
C190945,Modified Van Assche Index Clinical Classification Question,C190945,
C19770,Molecular Analysis,C19770,
C18194,Molecular Diagnostic Method,C18194,
C64823,Monocyte Count,C64823,C70856
C64823,Monocyte Count,C64823,C67391
C64823,Monocyte Count,C64823,C70713
C64823,Monocyte Count,C64823,C82515
C64823,Monocyte Count,C64823,C93566
C35867,Morphologic Finding,C35867,
C154887,Motion Tenderness Indicator,C154887,C70856
C154887,Motion Tenderness Indicator,C154887,C82515
C154887,Motion Tenderness Indicator,C154887,C25185
C154887,Motion Tenderness Indicator,C154887,C13717
C127794,Multiple Site European Union State Trial Indicator,C127794,C117460
C127794,Multiple Site European Union State Trial Indicator,C127794,C117461
C127794,Multiple Site European Union State Trial Indicator,C127794,C117458
C127794,Multiple Site European Union State Trial Indicator,C127794,C83445
C127794,Multiple Site European Union State Trial Indicator,C127794,C49691
C127794,Multiple Site European Union State Trial Indicator,C127794,C83447
C181501,Muscle Endurance Measurement,C181501,C13717
C181501,Muscle Endurance Measurement,C181501,C25185
C181501,Muscle Endurance Measurement,C181501,C82535
C181501,Muscle Endurance Measurement,C181501,C70856
C181501,Muscle Endurance Measurement,C181501,C42574
C181501,Muscle Endurance Measurement,C181501,C82515
C167264,Musculoskeletal Examination,C167264,C82515
C167264,Musculoskeletal Examination,C167264,C51824
C167264,Musculoskeletal Examination,C167264,C82535
C167264,Musculoskeletal Examination,C167264,C25185
C167264,Musculoskeletal Examination,C167264,C13717
C167264,Musculoskeletal Examination,C167264,C70856
C110937,Musculoskeletal Finding,C110937,
C111280,Myocardial Infarction ECG Assessment,C111280,C25372
C111280,Myocardial Infarction ECG Assessment,C111280,C70856
C111280,Myocardial Infarction ECG Assessment,C111280,C62164
C111280,Myocardial Infarction ECG Assessment,C111280,C82535
C111280,Myocardial Infarction ECG Assessment,C111280,C51824
C111280,Myocardial Infarction ECG Assessment,C111280,C82515
C111280,Myocardial Infarction ECG Assessment,C111280,C50282
C42614,Name,C42614,
C156472,Name and Version,C156472,
C171506,Name of Epidemic or Pandemic,C171506,C49691
C171506,Name of Epidemic or Pandemic,C171506,C83447
C171506,Name of Epidemic or Pandemic,C171506,C83445
C28407,National Origin,C28407,C25372
C28407,National Origin,C28407,C70856
C28407,National Origin,C28407,C82515
C98762,Natural Killer Cell Count,C98762,C70856
C98762,Natural Killer Cell Count,C98762,C93566
C98762,Natural Killer Cell Count,C98762,C67391
C98762,Natural Killer Cell Count,C98762,C70713
C98762,Natural Killer Cell Count,C98762,C82515
C154891,Neck Circumference,C154891,C82515
C154891,Neck Circumference,C154891,C42578
C154891,Neck Circumference,C154891,C70856
C15190,Needle Biopsy,C15190,C117511
C15190,Needle Biopsy,C15190,C171435
C15190,Needle Biopsy,C15190,C127786
C15190,Needle Biopsy,C15190,C117512
C15190,Needle Biopsy,C15190,C25692
C15190,Needle Biopsy,C15190,C117530
C15190,Needle Biopsy,C15190,C25372
C15190,Needle Biopsy,C15190,C117529
C15190,Needle Biopsy,C15190,C25185
C15190,Needle Biopsy,C15190,C171000
C15190,Needle Biopsy,C15190,C54215
C64830,Neutrophil Band Form Count,C64830,C82515
C64830,Neutrophil Band Form Count,C64830,C70713
C64830,Neutrophil Band Form Count,C64830,C93566
C64830,Neutrophil Band Form Count,C64830,C70856
C64830,Neutrophil Band Form Count,C64830,C67391
C64831,Neutrophil Band Form to Leukocyte Ratio,C64831,C82515
C64831,Neutrophil Band Form to Leukocyte Ratio,C64831,C70713
C64831,Neutrophil Band Form to Leukocyte Ratio,C64831,C48570
C64831,Neutrophil Band Form to Leukocyte Ratio,C64831,C70856
C64831,Neutrophil Band Form to Leukocyte Ratio,C64831,C93566
C51950,Neutrophil Count,C51950,C70713
C51950,Neutrophil Count,C51950,C67391
C51950,Neutrophil Count,C51950,C93566
C51950,Neutrophil Count,C51950,C70856
C51950,Neutrophil Count,C51950,C82515
C64827,Neutrophil to Leukocyte Ratio Measurement,C64827,C82515
C64827,Neutrophil to Leukocyte Ratio Measurement,C64827,C70713
C64827,Neutrophil to Leukocyte Ratio Measurement,C64827,C48570
C64827,Neutrophil to Leukocyte Ratio Measurement,C64827,C93566
C64827,Neutrophil to Leukocyte Ratio Measurement,C64827,C70856
C142362,New Lesion Indicator,C142362,C25372
C142362,New Lesion Indicator,C142362,C70856
C142362,New Lesion Indicator,C142362,C82515
C142362,New Lesion Indicator,C142362,C117043
C142362,New Lesion Indicator,C142362,C51824
C103420,New Lesion Progression,C103420,C51824
C103420,New Lesion Progression,C103420,C82515
C103420,New Lesion Progression,C103420,C117043
C103420,New Lesion Progression,C103420,C70856
C103420,New Lesion Progression,C103420,C25372
C119238,New or Worsening Symptom,C119238,C25372
C119238,New or Worsening Symptom,C119238,C82546
C119238,New or Worsening Symptom,C119238,C25692
C119238,New or Worsening Symptom,C119238,C82515
C119238,New or Worsening Symptom,C119238,C117050
C119238,New or Worsening Symptom,C119238,C70856
C147403,Nicotine Measurement,C147403,C82515
C147403,Nicotine Measurement,C147403,C70713
C147403,Nicotine Measurement,C147403,C70856
C147403,Nicotine Measurement,C147403,C48207
C64810,Nitrite Measurement,C64810,C93566
C64810,Nitrite Measurement,C64810,C70856
C64810,Nitrite Measurement,C64810,C70713
C64810,Nitrite Measurement,C64810,C48207
C64810,Nitrite Measurement,C64810,C82515
C44414,Nitrosonornicotine,C44414,C70856
C44414,Nitrosonornicotine,C44414,C48207
C44414,Nitrosonornicotine,C44414,C70713
C150824,Non-Protocol Disposition Event,C150824,
C135480,Non-Target Enhancing Lesion Response,C135480,C70856
C135480,Non-Target Enhancing Lesion Response,C135480,C51824
C135480,Non-Target Enhancing Lesion Response,C135480,C117043
C135480,Non-Target Enhancing Lesion Response,C135480,C82515
C135480,Non-Target Enhancing Lesion Response,C135480,C25372
C161483,Non-Target Indicator,C161483,C51824
C161483,Non-Target Indicator,C161483,C82515
C161483,Non-Target Indicator,C161483,C70856
C161483,Non-Target Indicator,C161483,C117043
C135481,Non-Target Non-Enhancing Lesion Response,C135481,C70856
C135481,Non-Target Non-Enhancing Lesion Response,C135481,C25372
C135481,Non-Target Non-Enhancing Lesion Response,C135481,C51824
C135481,Non-Target Non-Enhancing Lesion Response,C135481,C117043
C135481,Non-Target Non-Enhancing Lesion Response,C135481,C82515
C147406,Nornicotine Measurement,C147406,C64571
C147406,Nornicotine Measurement,C147406,C70713
C147406,Nornicotine Measurement,C147406,C82515
C147406,Nornicotine Measurement,C147406,C70856
C25337,Number,C25337,
C106550,Number of Abortions,C106550,C82515
C106550,Number of Abortions,C106550,C70856
C135500,Number of Biological Brothers,C135500,C70856
C135500,Number of Biological Brothers,C135500,C82515
C135500,Number of Biological Brothers,C135500,C25372
C135501,Number of Biological Sisters,C135501,C70856
C135501,Number of Biological Sisters,C135501,C82515
C135501,Number of Biological Sisters,C135501,C25372
C158275,Number of Births,C158275,C82515
C158275,Number of Births,C158275,C70856
C189358,Number of Cesarean Sections,C189358,C82515
C189358,Number of Cesarean Sections,C189358,C70856
C19309,Number of Children in Household,C19309,C25372
C19309,Number of Children in Household,C19309,C70856
C19309,Number of Children in Household,C19309,C82515
C181528,Number of Continuous Days of Menstrual Bleeding and/or Spotting,C181528,C70856
C181528,Number of Continuous Days of Menstrual Bleeding and/or Spotting,C181528,C82515
C122189,Number of Early Term Births,C122189,C82515
C122189,Number of Early Term Births,C122189,C70856
C120832,Number of Ectopic Pregnancies,C120832,C82515
C120832,Number of Ectopic Pregnancies,C120832,C70856
C201478,Number of Female Sexual Partners,C201478,C70856
C201478,Number of Female Sexual Partners,C201478,C82515
C198360,Number of First Degree Biological Relatives,C198360,C82515
C198360,Number of First Degree Biological Relatives,C198360,C25372
C198360,Number of First Degree Biological Relatives,C198360,C70856
C122190,Number of Full Term Births,C122190,C82515
C122190,Number of Full Term Births,C122190,C70856
C139265,Number of Full Term Live Births,C139265,C82515
C139265,Number of Full Term Live Births,C139265,C70856
C126063,Number of Groups or Cohorts,C126063,C49691
C126063,Number of Groups or Cohorts,C126063,C83445
C126063,Number of Groups or Cohorts,C126063,C83447
C120835,Number of Induced Abortions,C120835,C70856
C120835,Number of Induced Abortions,C120835,C82515
C120834,Number of Late Fetal Deaths,C120834,C82515
C120834,Number of Late Fetal Deaths,C120834,C70856
C178141,Number of Live Births,C178141,C70856
C178141,Number of Live Births,C178141,C82515
C201477,Number of Male Sexual Partners,C201477,C70856
C201477,Number of Male Sexual Partners,C201477,C82515
C201475,Number of New Female Sexual Partners,C201475,C82515
C201475,Number of New Female Sexual Partners,C201475,C70856
C201474,Number of New Male Sexual Partners,C201474,C70856
C201474,Number of New Male Sexual Partners,C201474,C82515
C201476,Number of New Oral Sexual Partners,C201476,C70856
C201476,Number of New Oral Sexual Partners,C201476,C82515
C201479,Number of Oral Sexual Partners,C201479,C70856
C201479,Number of Oral Sexual Partners,C201479,C82515
C198363,Number of People in Household,C198363,C70856
C198363,Number of People in Household,C198363,C25372
C198363,Number of People in Household,C198363,C82515
C106551,Number of Pregnancies,C106551,C70856
C106551,Number of Pregnancies,C106551,C82515
C122193,Number of Premature Births,C122193,C82515
C122193,Number of Premature Births,C122193,C70856
C139266,Number of Premature Live Births,C139266,C82515
C139266,Number of Premature Live Births,C139266,C70856
C120836,Number of Previous Pregnancies,C120836,C82515
C120836,Number of Previous Pregnancies,C120836,C70856
C130195,Number of Renal Arteries,C130195,C13717
C130195,Number of Renal Arteries,C130195,C70856
C130195,Number of Renal Arteries,C130195,C25185
C130195,Number of Renal Arteries,C130195,C82535
C130195,Number of Renal Arteries,C130195,C82515
C130196,Number of Renal Veins,C130196,C13717
C130196,Number of Renal Veins,C130196,C82515
C130196,Number of Renal Veins,C130196,C82535
C130196,Number of Renal Veins,C130196,C70856
C130196,Number of Renal Veins,C130196,C25185
C120837,Number of Spontaneous Abortions,C120837,C70856
C120837,Number of Spontaneous Abortions,C120837,C82515
C139267,Number of Stillbirths,C139267,C82515
C139267,Number of Stillbirths,C139267,C70856
C127795,Number of Trial Sites within European Union State,C127795,C49691
C127795,Number of Trial Sites within European Union State,C127795,C83445
C127795,Number of Trial Sites within European Union State,C127795,C83447
C189359,Number of Vaginal Deliveries,C189359,C82515
C189359,Number of Vaginal Deliveries,C189359,C70856
C209695,Number of Work Days Per Week Question,C209695,C82515
C209695,Number of Work Days Per Week Question,C209695,C25372
C209695,Number of Work Days Per Week Question,C209695,C70856
C122393,Number of Years of Education,C122393,C25372
C122393,Number of Years of Education,C122393,C82515
C122393,Number of Years of Education,C122393,C70856
C126064,Observational Model,C126064,C117460
C126064,Observational Model,C126064,C117461
C126064,Observational Model,C126064,C117458
C126064,Observational Model,C126064,C83447
C126064,Observational Model,C126064,C83445
C126064,Observational Model,C126064,C49691
C126066,Observational Study Population Description,C126066,C49691
C126066,Observational Study Population Description,C126066,C83445
C126066,Observational Study Population Description,C126066,C83447
C126067,Observational Study Sampling Method,C126067,C117460
C126067,Observational Study Sampling Method,C126067,C117461
C126067,Observational Study Sampling Method,C126067,C83445
C126067,Observational Study Sampling Method,C126067,C83447
C126067,Observational Study Sampling Method,C126067,C117458
C126067,Observational Study Sampling Method,C126067,C49691
C126068,Observational Study Sampling Method Description,C126068,C117458
C126068,Observational Study Sampling Method Description,C126068,C49691
C126068,Observational Study Sampling Method Description,C126068,C83445
C126068,Observational Study Sampling Method Description,C126068,C83447
C126068,Observational Study Sampling Method Description,C126068,C117460
C126068,Observational Study Sampling Method Description,C126068,C117461
C126065,Observational Time Perspective of Study,C126065,C117460
C126065,Observational Time Perspective of Study,C126065,C117461
C126065,Observational Time Perspective of Study,C126065,C83447
C126065,Observational Time Perspective of Study,C126065,C49691
C126065,Observational Time Perspective of Study,C126065,C83445
C126065,Observational Time Perspective of Study,C126065,C117458
C89340,Obstetric Procedure,C89340,
C74686,Occult Blood Measurement,C74686,C70713
C74686,Occult Blood Measurement,C74686,C82515
C74686,Occult Blood Measurement,C74686,C70856
C74686,Occult Blood Measurement,C74686,C93566
C74686,Occult Blood Measurement,C74686,C48207
C25193,Occupation,C25193,C25372
C25193,Occupation,C25193,C70856
C25193,Occupation,C25193,C82515
C209690,Occupational Industry,C209690,C70856
C209690,Occupational Industry,C209690,C82515
C209690,Occupational Industry,C209690,C25372
C52159,Oncotype DX Breast Cancer Assay,C52159,C70713
C52159,Oncotype DX Breast Cancer Assay,C52159,C171435
C52159,Oncotype DX Breast Cancer Assay,C52159,C25372
C52159,Oncotype DX Breast Cancer Assay,C52159,C82535
C52159,Oncotype DX Breast Cancer Assay,C52159,C70856
C52159,Oncotype DX Breast Cancer Assay,C52159,C25692
C204699,Ongoing Study Indicator,C204699,C117461
C204699,Ongoing Study Indicator,C204699,C49691
C204699,Ongoing Study Indicator,C204699,C83445
C204699,Ongoing Study Indicator,C204699,C83447
C204699,Ongoing Study Indicator,C204699,C117460
C204699,Ongoing Study Indicator,C204699,C117458
C135509,Organ Craniocaudal Length Measurement,C135509,C70856
C135509,Organ Craniocaudal Length Measurement,C135509,C82515
C135509,Organ Craniocaudal Length Measurement,C135509,C82535
C135509,Organ Craniocaudal Length Measurement,C135509,C25185
C135509,Organ Craniocaudal Length Measurement,C135509,C13717
C135509,Organ Craniocaudal Length Measurement,C135509,C42578
C135508,Organ State,C135508,
C171083,Organism Characteristic,C171083,
C93874,Organization Name,C93874,
C96613,Overall Response,C96613,C51824
C96613,Overall Response,C96613,C117394
C96613,Overall Response,C96613,C82515
C96613,Overall Response,C96613,C117043
C96613,Overall Response,C96613,C25372
C96613,Overall Response,C96613,C70856
C125201,Overall Survival,C125201,C25692
C125201,Overall Survival,C125201,C70856
C125201,Overall Survival,C125201,C82515
C125201,Overall Survival,C125201,C42574
C125201,Overall Survival,C125201,C25372
C123570,Oxygen Consumption,C123570,C82515
C123570,Oxygen Consumption,C123570,C70856
C123570,Oxygen Consumption,C123570,C48568
C123566,Oxygen Pulse,C123566,C67415
C123566,Oxygen Pulse,C123566,C82515
C123566,Oxygen Pulse,C123566,C70856
C60832,Oxygen Saturation Measurement,C60832,C82515
C60832,Oxygen Saturation Measurement,C60832,C25185
C60832,Oxygen Saturation Measurement,C60832,C70856
C60832,Oxygen Saturation Measurement,C60832,C48570
C60832,Oxygen Saturation Measurement,C60832,C82535
C60832,Oxygen Saturation Measurement,C60832,C13717
C174311,Oxygen Saturation/Fraction Inspired O2,C174311,C82515
C174311,Oxygen Saturation/Fraction Inspired O2,C174311,C48570
C174311,Oxygen Saturation/Fraction Inspired O2,C174311,C70856
C189635,Oxygenation Index,C189635,C70856
C189635,Oxygenation Index,C189635,C82515
C191069,PASI Fredriksson Version - Head: Area Score,C191069,C51824
C191069,PASI Fredriksson Version - Head: Area Score,C191069,C46126
C191069,PASI Fredriksson Version - Head: Area Score,C191069,C82556
C191069,PASI Fredriksson Version - Head: Area Score,C191069,C82515
C191069,PASI Fredriksson Version - Head: Area Score,C191069,C41202
C191069,PASI Fredriksson Version - Head: Area Score,C191069,C25372
C191069,PASI Fredriksson Version - Head: Area Score,C191069,C25692
C191069,PASI Fredriksson Version - Head: Area Score,C191069,C91106
C191068,PASI Fredriksson Version - Head: Desquamation/Scaling,C191068,C91106
C191068,PASI Fredriksson Version - Head: Desquamation/Scaling,C191068,C41202
C191068,PASI Fredriksson Version - Head: Desquamation/Scaling,C191068,C25692
C191068,PASI Fredriksson Version - Head: Desquamation/Scaling,C191068,C51824
C191068,PASI Fredriksson Version - Head: Desquamation/Scaling,C191068,C82515
C191068,PASI Fredriksson Version - Head: Desquamation/Scaling,C191068,C46126
C191068,PASI Fredriksson Version - Head: Desquamation/Scaling,C191068,C25372
C191068,PASI Fredriksson Version - Head: Desquamation/Scaling,C191068,C82556
C191066,PASI Fredriksson Version - Head: Erythema/Redness,C191066,C91106
C191066,PASI Fredriksson Version - Head: Erythema/Redness,C191066,C25372
C191066,PASI Fredriksson Version - Head: Erythema/Redness,C191066,C25692
C191066,PASI Fredriksson Version - Head: Erythema/Redness,C191066,C46126
C191066,PASI Fredriksson Version - Head: Erythema/Redness,C191066,C51824
C191066,PASI Fredriksson Version - Head: Erythema/Redness,C191066,C41202
C191066,PASI Fredriksson Version - Head: Erythema/Redness,C191066,C82556
C191066,PASI Fredriksson Version - Head: Erythema/Redness,C191066,C82515
C191067,PASI Fredriksson Version - Head: Thickness/Induration,C191067,C25372
C191067,PASI Fredriksson Version - Head: Thickness/Induration,C191067,C82515
C191067,PASI Fredriksson Version - Head: Thickness/Induration,C191067,C51824
C191067,PASI Fredriksson Version - Head: Thickness/Induration,C191067,C82556
C191067,PASI Fredriksson Version - Head: Thickness/Induration,C191067,C41202
C191067,PASI Fredriksson Version - Head: Thickness/Induration,C191067,C25692
C191067,PASI Fredriksson Version - Head: Thickness/Induration,C191067,C91106
C191067,PASI Fredriksson Version - Head: Thickness/Induration,C191067,C46126
C191081,PASI Fredriksson Version - Lower Extremities: Area Score,C191081,C51824
C191081,PASI Fredriksson Version - Lower Extremities: Area Score,C191081,C82515
C191081,PASI Fredriksson Version - Lower Extremities: Area Score,C191081,C46126
C191081,PASI Fredriksson Version - Lower Extremities: Area Score,C191081,C91106
C191081,PASI Fredriksson Version - Lower Extremities: Area Score,C191081,C41202
C191081,PASI Fredriksson Version - Lower Extremities: Area Score,C191081,C25692
C191081,PASI Fredriksson Version - Lower Extremities: Area Score,C191081,C25372
C191081,PASI Fredriksson Version - Lower Extremities: Area Score,C191081,C82556
C191080,PASI Fredriksson Version - Lower Extremities: Desquamation/Scaling,C191080,C41202
C191080,PASI Fredriksson Version - Lower Extremities: Desquamation/Scaling,C191080,C25692
C191080,PASI Fredriksson Version - Lower Extremities: Desquamation/Scaling,C191080,C82515
C191080,PASI Fredriksson Version - Lower Extremities: Desquamation/Scaling,C191080,C46126
C191080,PASI Fredriksson Version - Lower Extremities: Desquamation/Scaling,C191080,C82556
C191080,PASI Fredriksson Version - Lower Extremities: Desquamation/Scaling,C191080,C51824
C191080,PASI Fredriksson Version - Lower Extremities: Desquamation/Scaling,C191080,C91106
C191080,PASI Fredriksson Version - Lower Extremities: Desquamation/Scaling,C191080,C25372
C191078,PASI Fredriksson Version - Lower Extremities: Erythema/Redness,C191078,C51824
C191078,PASI Fredriksson Version - Lower Extremities: Erythema/Redness,C191078,C25372
C191078,PASI Fredriksson Version - Lower Extremities: Erythema/Redness,C191078,C82515
C191078,PASI Fredriksson Version - Lower Extremities: Erythema/Redness,C191078,C41202
C191078,PASI Fredriksson Version - Lower Extremities: Erythema/Redness,C191078,C82556
C191078,PASI Fredriksson Version - Lower Extremities: Erythema/Redness,C191078,C46126
C191078,PASI Fredriksson Version - Lower Extremities: Erythema/Redness,C191078,C25692
C191078,PASI Fredriksson Version - Lower Extremities: Erythema/Redness,C191078,C91106
C191079,PASI Fredriksson Version - Lower Extremities: Thickness/Induration,C191079,C46126
C191079,PASI Fredriksson Version - Lower Extremities: Thickness/Induration,C191079,C25372
C191079,PASI Fredriksson Version - Lower Extremities: Thickness/Induration,C191079,C91106
C191079,PASI Fredriksson Version - Lower Extremities: Thickness/Induration,C191079,C25692
C191079,PASI Fredriksson Version - Lower Extremities: Thickness/Induration,C191079,C41202
C191079,PASI Fredriksson Version - Lower Extremities: Thickness/Induration,C191079,C82556
C191079,PASI Fredriksson Version - Lower Extremities: Thickness/Induration,C191079,C82515
C191079,PASI Fredriksson Version - Lower Extremities: Thickness/Induration,C191079,C51824
C191077,PASI Fredriksson Version - Trunk: Area Score,C191077,C82515
C191077,PASI Fredriksson Version - Trunk: Area Score,C191077,C51824
C191077,PASI Fredriksson Version - Trunk: Area Score,C191077,C82556
C191077,PASI Fredriksson Version - Trunk: Area Score,C191077,C41202
C191077,PASI Fredriksson Version - Trunk: Area Score,C191077,C25692
C191077,PASI Fredriksson Version - Trunk: Area Score,C191077,C25372
C191077,PASI Fredriksson Version - Trunk: Area Score,C191077,C91106
C191077,PASI Fredriksson Version - Trunk: Area Score,C191077,C46126
C191076,PASI Fredriksson Version - Trunk: Desquamation/Scaling,C191076,C91106
C191076,PASI Fredriksson Version - Trunk: Desquamation/Scaling,C191076,C41202
C191076,PASI Fredriksson Version - Trunk: Desquamation/Scaling,C191076,C82556
C191076,PASI Fredriksson Version - Trunk: Desquamation/Scaling,C191076,C82515
C191076,PASI Fredriksson Version - Trunk: Desquamation/Scaling,C191076,C25372
C191076,PASI Fredriksson Version - Trunk: Desquamation/Scaling,C191076,C51824
C191076,PASI Fredriksson Version - Trunk: Desquamation/Scaling,C191076,C25692
C191076,PASI Fredriksson Version - Trunk: Desquamation/Scaling,C191076,C46126
C191074,PASI Fredriksson Version - Trunk: Erythema/Redness,C191074,C51824
C191074,PASI Fredriksson Version - Trunk: Erythema/Redness,C191074,C46126
C191074,PASI Fredriksson Version - Trunk: Erythema/Redness,C191074,C25692
C191074,PASI Fredriksson Version - Trunk: Erythema/Redness,C191074,C25372
C191074,PASI Fredriksson Version - Trunk: Erythema/Redness,C191074,C41202
C191074,PASI Fredriksson Version - Trunk: Erythema/Redness,C191074,C91106
C191074,PASI Fredriksson Version - Trunk: Erythema/Redness,C191074,C82556
C191074,PASI Fredriksson Version - Trunk: Erythema/Redness,C191074,C82515
C191075,PASI Fredriksson Version - Trunk: Thickness/Induration,C191075,C25372
C191075,PASI Fredriksson Version - Trunk: Thickness/Induration,C191075,C91106
C191075,PASI Fredriksson Version - Trunk: Thickness/Induration,C191075,C46126
C191075,PASI Fredriksson Version - Trunk: Thickness/Induration,C191075,C41202
C191075,PASI Fredriksson Version - Trunk: Thickness/Induration,C191075,C82556
C191075,PASI Fredriksson Version - Trunk: Thickness/Induration,C191075,C82515
C191075,PASI Fredriksson Version - Trunk: Thickness/Induration,C191075,C51824
C191075,PASI Fredriksson Version - Trunk: Thickness/Induration,C191075,C25692
C191073,PASI Fredriksson Version - Upper Extremities: Area Score,C191073,C51824
C191073,PASI Fredriksson Version - Upper Extremities: Area Score,C191073,C91106
C191073,PASI Fredriksson Version - Upper Extremities: Area Score,C191073,C82515
C191073,PASI Fredriksson Version - Upper Extremities: Area Score,C191073,C25692
C191073,PASI Fredriksson Version - Upper Extremities: Area Score,C191073,C41202
C191073,PASI Fredriksson Version - Upper Extremities: Area Score,C191073,C25372
C191073,PASI Fredriksson Version - Upper Extremities: Area Score,C191073,C46126
C191073,PASI Fredriksson Version - Upper Extremities: Area Score,C191073,C82556
C191072,PASI Fredriksson Version - Upper Extremities: Desquamation/Scaling,C191072,C82556
C191072,PASI Fredriksson Version - Upper Extremities: Desquamation/Scaling,C191072,C82515
C191072,PASI Fredriksson Version - Upper Extremities: Desquamation/Scaling,C191072,C51824
C191072,PASI Fredriksson Version - Upper Extremities: Desquamation/Scaling,C191072,C25692
C191072,PASI Fredriksson Version - Upper Extremities: Desquamation/Scaling,C191072,C25372
C191072,PASI Fredriksson Version - Upper Extremities: Desquamation/Scaling,C191072,C91106
C191072,PASI Fredriksson Version - Upper Extremities: Desquamation/Scaling,C191072,C41202
C191072,PASI Fredriksson Version - Upper Extremities: Desquamation/Scaling,C191072,C46126
C191070,PASI Fredriksson Version - Upper Extremities: Erythema/Redness,C191070,C25372
C191070,PASI Fredriksson Version - Upper Extremities: Erythema/Redness,C191070,C46126
C191070,PASI Fredriksson Version - Upper Extremities: Erythema/Redness,C191070,C82515
C191070,PASI Fredriksson Version - Upper Extremities: Erythema/Redness,C191070,C51824
C191070,PASI Fredriksson Version - Upper Extremities: Erythema/Redness,C191070,C82556
C191070,PASI Fredriksson Version - Upper Extremities: Erythema/Redness,C191070,C41202
C191070,PASI Fredriksson Version - Upper Extremities: Erythema/Redness,C191070,C91106
C191070,PASI Fredriksson Version - Upper Extremities: Erythema/Redness,C191070,C25692
C191071,PASI Fredriksson Version - Upper Extremities: Thickness/Induration,C191071,C41202
C191071,PASI Fredriksson Version - Upper Extremities: Thickness/Induration,C191071,C51824
C191071,PASI Fredriksson Version - Upper Extremities: Thickness/Induration,C191071,C82556
C191071,PASI Fredriksson Version - Upper Extremities: Thickness/Induration,C191071,C82515
C191071,PASI Fredriksson Version - Upper Extremities: Thickness/Induration,C191071,C25372
C191071,PASI Fredriksson Version - Upper Extremities: Thickness/Induration,C191071,C91106
C191071,PASI Fredriksson Version - Upper Extremities: Thickness/Induration,C191071,C46126
C191071,PASI Fredriksson Version - Upper Extremities: Thickness/Induration,C191071,C25692
C128554,PD-L1 Positive,C128554,C25372
C128554,PD-L1 Positive,C128554,C171435
C128554,PD-L1 Positive,C128554,C25692
C128554,PD-L1 Positive,C128554,C117062
C128554,PD-L1 Positive,C128554,C82515
C128554,PD-L1 Positive,C128554,C70856
C128554,PD-L1 Positive,C128554,C70713
C135818,PGI Generic Modification Version - Change,C135818,C25372
C135818,PGI Generic Modification Version - Change,C135818,C82535
C135818,PGI Generic Modification Version - Change,C135818,C91106
C135818,PGI Generic Modification Version - Change,C135818,C82515
C135818,PGI Generic Modification Version - Change,C135818,C46126
C135819,PGI Generic Modification Version - Improvement,C135819,C46126
C135819,PGI Generic Modification Version - Improvement,C135819,C91106
C135819,PGI Generic Modification Version - Improvement,C135819,C82535
C135819,PGI Generic Modification Version - Improvement,C135819,C25372
C135819,PGI Generic Modification Version - Improvement,C135819,C82515
C135817,PGI Generic Modification Version - Severity,C135817,C82515
C135817,PGI Generic Modification Version - Severity,C135817,C82535
C135817,PGI Generic Modification Version - Severity,C135817,C25372
C135817,PGI Generic Modification Version - Severity,C135817,C91106
C135817,PGI Generic Modification Version - Severity,C135817,C46126
C135706,PGI Generic Modification Version Questionnaire Question,C135706,
C111285,Pacemaker ECG Assessment,C111285,C25372
C111285,Pacemaker ECG Assessment,C111285,C82515
C111285,Pacemaker ECG Assessment,C111285,C50282
C111285,Pacemaker ECG Assessment,C111285,C51824
C111285,Pacemaker ECG Assessment,C111285,C82535
C111285,Pacemaker ECG Assessment,C111285,C62164
C111285,Pacemaker ECG Assessment,C111285,C70856
C119293,Partial Pressure Arterial Oxygen to Fraction Inspired Oxygen Ratio Measurement,C119293,C82515
C119293,Partial Pressure Arterial Oxygen to Fraction Inspired Oxygen Ratio Measurement,C119293,C70856
C119293,Partial Pressure Arterial Oxygen to Fraction Inspired Oxygen Ratio Measurement,C119293,C70713
C119293,Partial Pressure Arterial Oxygen to Fraction Inspired Oxygen Ratio Measurement,C119293,C49669
C71251,Partial Pressure of Oxygen Measurement,C71251,C82515
C71251,Partial Pressure of Oxygen Measurement,C71251,C70713
C71251,Partial Pressure of Oxygen Measurement,C71251,C70856
C71251,Partial Pressure of Oxygen Measurement,C71251,C49669
C125581,Pathology Result,C125581,
C135739,Patient Global Impression Generic Modification Version Questionnaire,C135739,C25372
C135739,Patient Global Impression Generic Modification Version Questionnaire,C135739,C82525
C135739,Patient Global Impression Generic Modification Version Questionnaire,C135739,C82556
C135739,Patient Global Impression Generic Modification Version Questionnaire,C135739,C82515
C135498,Peak Cough Flow,C135498,C48568
C135498,Peak Cough Flow,C135498,C82515
C135498,Peak Cough Flow,C135498,C70856
C41372,Peak Expiratory Flow,C41372,C82515
C41372,Peak Expiratory Flow,C41372,C48568
C41372,Peak Expiratory Flow,C41372,C70856
C112368,Peak Expiratory Flow Reversibility,C112368,C70856
C112368,Peak Expiratory Flow Reversibility,C112368,C82515
C139259,Peak Expiratory Flow Time,C139259,C42574
C139259,Peak Expiratory Flow Time,C139259,C82515
C139259,Peak Expiratory Flow Time,C139259,C70856
C120939,Peak Inspiratory Flow Rate,C120939,C48568
C120939,Peak Inspiratory Flow Rate,C120939,C70856
C120939,Peak Inspiratory Flow Rate,C120939,C82515
C119547,Peak Nasal Inspiratory Flow,C119547,C48568
C119547,Peak Nasal Inspiratory Flow,C119547,C70856
C119547,Peak Nasal Inspiratory Flow,C119547,C82515
C126069,Pediatric Investigation Plan Indicator,C126069,C49691
C126069,Pediatric Investigation Plan Indicator,C126069,C83445
C126069,Pediatric Investigation Plan Indicator,C126069,C83447
C126069,Pediatric Investigation Plan Indicator,C126069,C117458
C126069,Pediatric Investigation Plan Indicator,C126069,C117460
C126069,Pediatric Investigation Plan Indicator,C126069,C117461
C123631,Pediatric Postmarket Study Indicator,C123631,C117458
C123631,Pediatric Postmarket Study Indicator,C123631,C117460
C123631,Pediatric Postmarket Study Indicator,C123631,C117461
C123631,Pediatric Postmarket Study Indicator,C123631,C49691
C123631,Pediatric Postmarket Study Indicator,C123631,C83445
C123631,Pediatric Postmarket Study Indicator,C123631,C83447
C123632,Pediatric Study Indicator,C123632,C117458
C123632,Pediatric Study Indicator,C123632,C117460
C123632,Pediatric Study Indicator,C123632,C49691
C123632,Pediatric Study Indicator,C123632,C83445
C123632,Pediatric Study Indicator,C123632,C83447
C123632,Pediatric Study Indicator,C123632,C117461
C154883,Peeling Indicator,C154883,C82515
C154883,Peeling Indicator,C154883,C70856
C154883,Peeling Indicator,C154883,C13717
C154883,Peeling Indicator,C154883,C25185
C75385,Peptide Hormone Measurement,C75385,
C170623,Percent Predicted Airway Resistance,C170623,C82515
C170623,Percent Predicted Airway Resistance,C170623,C70856
C170623,Percent Predicted Airway Resistance,C170623,C48570
C170621,Percent Predicted Airway Volume,C170621,C82515
C170621,Percent Predicted Airway Volume,C170621,C70856
C170621,Percent Predicted Airway Volume,C170621,C48570
C120829,Percent Predicted Diffusion Capacity of the Lung for Carbon Monoxide,C120829,C82515
C120829,Percent Predicted Diffusion Capacity of the Lung for Carbon Monoxide,C120829,C48570
C120829,Percent Predicted Diffusion Capacity of the Lung for Carbon Monoxide,C120829,C70856
C120831,Percent Predicted Diffusion Capacity of the Lung for Carbon Monoxide/Alveolar Volume Ratio,C120831,C48570
C120831,Percent Predicted Diffusion Capacity of the Lung for Carbon Monoxide/Alveolar Volume Ratio,C120831,C70856
C120831,Percent Predicted Diffusion Capacity of the Lung for Carbon Monoxide/Alveolar Volume Ratio,C120831,C82515
C112375,Percent Predicted Expiratory Reserve Volume,C112375,C48570
C112375,Percent Predicted Expiratory Reserve Volume,C112375,C70856
C112375,Percent Predicted Expiratory Reserve Volume,C112375,C82515
C199984,Percent Predicted Expiratory Vital Capacity,C199984,C48570
C199984,Percent Predicted Expiratory Vital Capacity,C199984,C70856
C199984,Percent Predicted Expiratory Vital Capacity,C199984,C82515
C119546,Percent Predicted Forced Expiratory Flow at 25-75 Percent,C119546,C48570
C119546,Percent Predicted Forced Expiratory Flow at 25-75 Percent,C119546,C70856
C119546,Percent Predicted Forced Expiratory Flow at 25-75 Percent,C119546,C82515
C112376,Percent Predicted Forced Expiratory Volume in 1 Second,C112376,C82515
C112376,Percent Predicted Forced Expiratory Volume in 1 Second,C112376,C70856
C112376,Percent Predicted Forced Expiratory Volume in 1 Second,C112376,C48570
C112377,Percent Predicted Forced Expiratory Volume in 1 Second Divided by Forced Vital Capacity,C112377,C48570
C112377,Percent Predicted Forced Expiratory Volume in 1 Second Divided by Forced Vital Capacity,C112377,C70856
C112377,Percent Predicted Forced Expiratory Volume in 1 Second Divided by Forced Vital Capacity,C112377,C82515
C170627,Percent Predicted Forced Expiratory Volume in 3 Seconds,C170627,C48570
C170627,Percent Predicted Forced Expiratory Volume in 3 Seconds,C170627,C82515
C170627,Percent Predicted Forced Expiratory Volume in 3 Seconds,C170627,C70856
C112378,Percent Predicted Forced Expiratory Volume in 6 Seconds,C112378,C48570
C112378,Percent Predicted Forced Expiratory Volume in 6 Seconds,C112378,C82515
C112378,Percent Predicted Forced Expiratory Volume in 6 Seconds,C112378,C70856
C112379,Percent Predicted Forced Inspiratory Flow Maximum,C112379,C82515
C112379,Percent Predicted Forced Inspiratory Flow Maximum,C112379,C70856
C112379,Percent Predicted Forced Inspiratory Flow Maximum,C112379,C48570
C112380,Percent Predicted Forced Inspiratory Volume in 1 Second,C112380,C48570
C112380,Percent Predicted Forced Inspiratory Volume in 1 Second,C112380,C82515
C112380,Percent Predicted Forced Inspiratory Volume in 1 Second,C112380,C70856
C112381,Percent Predicted Forced Vital Capacity,C112381,C82515
C112381,Percent Predicted Forced Vital Capacity,C112381,C48570
C112381,Percent Predicted Forced Vital Capacity,C112381,C70856
C126052,Percent Predicted Functional Residual Capacity,C126052,C82515
C126052,Percent Predicted Functional Residual Capacity,C126052,C48570
C126052,Percent Predicted Functional Residual Capacity,C126052,C70856
C120826,Percent Predicted Hemoglobin Corrected Diffusion Capacity of the Lung for Carbon Monoxide,C120826,C48570
C120826,Percent Predicted Hemoglobin Corrected Diffusion Capacity of the Lung for Carbon Monoxide,C120826,C82515
C120826,Percent Predicted Hemoglobin Corrected Diffusion Capacity of the Lung for Carbon Monoxide,C120826,C70856
C120828,Percent Predicted Hemoglobin Corrected Diffusion Capacity of the Lung for Carbon Monoxide/Alveolar Volume Ratio,C120828,C48570
C120828,Percent Predicted Hemoglobin Corrected Diffusion Capacity of the Lung for Carbon Monoxide/Alveolar Volume Ratio,C120828,C82515
C120828,Percent Predicted Hemoglobin Corrected Diffusion Capacity of the Lung for Carbon Monoxide/Alveolar Volume Ratio,C120828,C70856
C112382,Percent Predicted Inspiratory Capacity,C112382,C48570
C112382,Percent Predicted Inspiratory Capacity,C112382,C82515
C112382,Percent Predicted Inspiratory Capacity,C112382,C70856
C112383,Percent Predicted Inspiratory Reserve Volume,C112383,C48570
C112383,Percent Predicted Inspiratory Reserve Volume,C112383,C70856
C112383,Percent Predicted Inspiratory Reserve Volume,C112383,C82515
C124424,Percent Predicted Inspiratory Vital Capacity,C124424,C48570
C124424,Percent Predicted Inspiratory Vital Capacity,C124424,C82515
C124424,Percent Predicted Inspiratory Vital Capacity,C124424,C70856
C174361,Percent Predicted Lobar Volume,C174361,C82515
C174361,Percent Predicted Lobar Volume,C174361,C70856
C174361,Percent Predicted Lobar Volume,C174361,C48570
C135495,Percent Predicted Maximal Expiratory Pressure,C135495,C48570
C135495,Percent Predicted Maximal Expiratory Pressure,C135495,C82515
C135495,Percent Predicted Maximal Expiratory Pressure,C135495,C70856
C135497,Percent Predicted Maximal Inspiratory Pressure,C135497,C70856
C135497,Percent Predicted Maximal Inspiratory Pressure,C135497,C48570
C135497,Percent Predicted Maximal Inspiratory Pressure,C135497,C82515
C112384,Percent Predicted Peak Expiratory Flow,C112384,C82515
C112384,Percent Predicted Peak Expiratory Flow,C112384,C48570
C112384,Percent Predicted Peak Expiratory Flow,C112384,C70856
C112385,Percent Predicted Residual Volume,C112385,C82515
C112385,Percent Predicted Residual Volume,C112385,C70856
C112385,Percent Predicted Residual Volume,C112385,C48570
C112386,Percent Predicted Slow Vital Capacity,C112386,C70856
C112386,Percent Predicted Slow Vital Capacity,C112386,C82515
C112386,Percent Predicted Slow Vital Capacity,C112386,C48570
C170624,Percent Predicted Specific Airway Resistance,C170624,C48570
C170624,Percent Predicted Specific Airway Resistance,C170624,C70856
C170624,Percent Predicted Specific Airway Resistance,C170624,C82515
C170622,Percent Predicted Specific Airway Volume,C170622,C82515
C170622,Percent Predicted Specific Airway Volume,C170622,C70856
C170622,Percent Predicted Specific Airway Volume,C170622,C48570
C112387,Percent Predicted Tidal Volume,C112387,C82515
C112387,Percent Predicted Tidal Volume,C112387,C48570
C112387,Percent Predicted Tidal Volume,C112387,C70856
C112388,Percent Predicted Total Lung Capacity,C112388,C70856
C112388,Percent Predicted Total Lung Capacity,C112388,C82515
C112388,Percent Predicted Total Lung Capacity,C112388,C48570
C123559,Percentage of in situ Carcinoma,C123559,C70713
C123559,Percentage of in situ Carcinoma,C123559,C25372
C123559,Percentage of in situ Carcinoma,C123559,C25692
C123559,Percentage of in situ Carcinoma,C123559,C82515
C123559,Percentage of in situ Carcinoma,C123559,C48570
C123559,Percentage of in situ Carcinoma,C123559,C171435
C123559,Percentage of in situ Carcinoma,C123559,C70856
C174371,Peripheral Body Temperature,C174371,C82515
C174371,Peripheral Body Temperature,C174371,C13717
C174371,Peripheral Body Temperature,C174371,C70856
C174371,Peripheral Body Temperature,C174371,C44276
C96557,Perpendicular,C96557,
C41085,Person Contact Information,C41085,
C171086,Person Status,C171086,
C19332,Personal Attribute,C19332,
C42636,Pharmaceutical Dosage Form,C42636,C83445
C42636,Pharmaceutical Dosage Form,C42636,C83447
C42636,Pharmaceutical Dosage Form,C42636,C117458
C42636,Pharmaceutical Dosage Form,C42636,C117460
C42636,Pharmaceutical Dosage Form,C42636,C117461
C42636,Pharmaceutical Dosage Form,C42636,C49691
C98768,Pharmacological Class of Investigational Therapy,C98768,C83447
C98768,Pharmacological Class of Investigational Therapy,C98768,C117458
C98768,Pharmacological Class of Investigational Therapy,C98768,C83445
C98768,Pharmacological Class of Investigational Therapy,C98768,C49691
C98768,Pharmacological Class of Investigational Therapy,C98768,C117460
C25257,Phase,C25257,
C64857,Phosphate Measurement,C64857,C70856
C64857,Phosphate Measurement,C64857,C93566
C64857,Phosphate Measurement,C64857,C48207
C64857,Phosphate Measurement,C64857,C70713
C64857,Phosphate Measurement,C64857,C82515
C94527,Photography,C94527,C117511
C94527,Photography,C94527,C13717
C94527,Photography,C94527,C25185
C94527,Photography,C94527,C117529
C94527,Photography,C94527,C117530
C94527,Photography,C94527,C117512
C94527,Photography,C94527,C25372
C94527,Photography,C94527,C25692
C94527,Photography,C94527,C171000
C94527,Photography,C94527,C127786
C179818,Physical Activity Lifestyle,C179818,C70856
C179818,Physical Activity Lifestyle,C179818,C25372
C179818,Physical Activity Lifestyle,C179818,C82515
C20989,Physical Examination,C20989,
C83119,Physical Examination Finding,C83119,
C119233,Physical Examination Findings of New or Worsening Heart Failure,C119233,C70856
C119233,Physical Examination Findings of New or Worsening Heart Failure,C119233,C25372
C119233,Physical Examination Findings of New or Worsening Heart Failure,C119233,C82515
C119233,Physical Examination Findings of New or Worsening Heart Failure,C119233,C25692
C119233,Physical Examination Findings of New or Worsening Heart Failure,C119233,C82546
C119233,Physical Examination Findings of New or Worsening Heart Failure,C119233,C117050
C158424,Physical Property,C158424,
C87802,Physical Strength,C87802,
C48250,Physician Decision [RETIRED],C48250,
C139211,Pinch Strength,C139211,C82535
C139211,Pinch Strength,C139211,C82515
C139211,Pinch Strength,C139211,C13717
C139211,Pinch Strength,C139211,C25709
C139211,Pinch Strength,C139211,C70856
C139211,Pinch Strength,C139211,C25185
C98770,Planned Country of Investigational Site,C98770,C83445
C98770,Planned Country of Investigational Site,C98770,C83447
C98770,Planned Country of Investigational Site,C98770,C117460
C98770,Planned Country of Investigational Site,C98770,C117458
C98770,Planned Country of Investigational Site,C98770,C49691
C93625,Planned Duration,C93625,
C126077,Planned Follow-Up Duration,C126077,C83447
C126077,Planned Follow-Up Duration,C126077,C49691
C126077,Planned Follow-Up Duration,C126077,C117460
C126077,Planned Follow-Up Duration,C126077,C83445
C49694,Planned Maximum Age of Subjects,C49694,C83445
C49694,Planned Maximum Age of Subjects,C49694,C49691
C49694,Planned Maximum Age of Subjects,C49694,C117460
C49694,Planned Maximum Age of Subjects,C49694,C83447
C49693,Planned Minimum Age of Subjects,C49693,C83445
C49693,Planned Minimum Age of Subjects,C49693,C83447
C49693,Planned Minimum Age of Subjects,C49693,C117460
C49693,Planned Minimum Age of Subjects,C49693,C49691
C98771,Planned Number of Arms,C98771,C49691
C98771,Planned Number of Arms,C98771,C83445
C98771,Planned Number of Arms,C98771,C83447
C49692,Planned Subject Number,C49692,C49691
C49692,Planned Subject Number,C49692,C83447
C49692,Planned Subject Number,C49692,C83445
C139276,Planned Treatment Duration,C139276,C117460
C139276,Planned Treatment Duration,C139276,C83447
C139276,Planned Treatment Duration,C139276,C83445
C139276,Planned Treatment Duration,C139276,C49691
C127796,Planned Trial Duration,C127796,C117460
C127796,Planned Trial Duration,C127796,C83447
C127796,Planned Trial Duration,C127796,C83445
C127796,Planned Trial Duration,C127796,C49691
C51951,Platelet Count,C51951,C70856
C51951,Platelet Count,C51951,C70713
C51951,Platelet Count,C51951,C93566
C51951,Platelet Count,C51951,C82515
C51951,Platelet Count,C51951,C67391
C171521,Pneumonia Indicator,C171521,C82515
C171521,Pneumonia Indicator,C171521,C82535
C171521,Pneumonia Indicator,C171521,C70856
C79602,Poikilocyte Measurement,C79602,C70713
C79602,Poikilocyte Measurement,C79602,C70856
C79602,Poikilocyte Measurement,C79602,C93566
C79602,Poikilocyte Measurement,C79602,C82515
C64803,Polychromasia,C64803,C70856
C64803,Polychromasia,C64803,C93566
C64803,Polychromasia,C64803,C70713
C64803,Polychromasia,C64803,C82515
C199683,Polychromatic Erythrocyte Count,C199683,C82515
C199683,Polychromatic Erythrocyte Count,C199683,C70713
C199683,Polychromatic Erythrocyte Count,C199683,C93566
C199683,Polychromatic Erythrocyte Count,C199683,C70856
C200008,Polychromatic Erythrocytes to Erythrocytes Ratio Measurement,C200008,C70713
C200008,Polychromatic Erythrocytes to Erythrocytes Ratio Measurement,C200008,C82515
C200008,Polychromatic Erythrocytes to Erythrocytes Ratio Measurement,C200008,C48570
C200008,Polychromatic Erythrocytes to Erythrocytes Ratio Measurement,C200008,C93566
C200008,Polychromatic Erythrocytes to Erythrocytes Ratio Measurement,C200008,C70856
C17007,Positron Emission Tomography,C17007,C13717
C17007,Positron Emission Tomography,C17007,C171000
C17007,Positron Emission Tomography,C17007,C25185
C17007,Positron Emission Tomography,C17007,C117511
C17007,Positron Emission Tomography,C17007,C117529
C17007,Positron Emission Tomography,C17007,C25692
C17007,Positron Emission Tomography,C17007,C25372
C17007,Positron Emission Tomography,C17007,C117530
C17007,Positron Emission Tomography,C17007,C127786
C17007,Positron Emission Tomography,C17007,C117512
C139275,Post Authorization Safety Study Indicator,C139275,C83447
C139275,Post Authorization Safety Study Indicator,C139275,C49691
C139275,Post Authorization Safety Study Indicator,C139275,C117458
C139275,Post Authorization Safety Study Indicator,C139275,C117460
C139275,Post Authorization Safety Study Indicator,C139275,C117461
C139275,Post Authorization Safety Study Indicator,C139275,C83445
C198358,Post-Partum Indicator,C198358,C70856
C198358,Post-Partum Indicator,C198358,C82515
C70946,Postal Address,C70946,
C64853,Potassium Measurement,C64853,C93566
C64853,Potassium Measurement,C64853,C70713
C64853,Potassium Measurement,C64853,C64567
C64853,Potassium Measurement,C64853,C82515
C64853,Potassium Measurement,C64853,C70856
C48470,Potency Unit,C48470,
C122192,Pregnancy Confirmed Indicator,C122192,C82515
C122192,Pregnancy Confirmed Indicator,C122192,C70856
C163558,Pregnancy End Date,C163558,C82515
C163558,Pregnancy End Date,C163558,C70856
C92720,Pregnancy Finding,C92720,
C139264,Pregnancy Indicator,C139264,C70856
C139264,Pregnancy Indicator,C139264,C82515
C90491,Pregnancy Outcome,C90491,C82515
C90491,Pregnancy Outcome,C90491,C70856
C186213,Pregnancy Suspected Indicator,C186213,C82515
C186213,Pregnancy Suspected Indicator,C186213,C70856
C106561,Pregnant During the Study,C106561,C70856
C106561,Pregnant During the Study,C106561,C82515
C191656,Pregnant Subject [RETIRED],C191656,
C112400,Premature Birth Indicator,C112400,C82515
C112400,Premature Birth Indicator,C112400,C70856
C112400,Premature Birth Indicator,C112400,C25372
C99531,Primary Cause of Death,C99531,C70856
C99531,Primary Cause of Death,C99531,C82515
C132459,Primary Language Spoken,C132459,C25372
C132459,Primary Language Spoken,C132459,C70856
C132459,Primary Language Spoken,C132459,C82515
C98772,Primary Outcome Measure,C98772,C83445
C98772,Primary Outcome Measure,C98772,C49691
C98772,Primary Outcome Measure,C98772,C83447
C102699,Priority of Disease Contact,C102699,C25372
C102699,Priority of Disease Contact,C102699,C70856
C102699,Priority of Disease Contact,C102699,C82515
C209686,Private Health Insurance Indicator,C209686,C70856
C209686,Private Health Insurance Indicator,C209686,C82515
C209686,Private Health Insurance Indicator,C209686,C25372
C163557,Products of Conception Examined Indicator,C163557,C82515
C163557,Products of Conception Examined Indicator,C163557,C70856
C117846,Progesterone Receptor Measurement,C117846,C82535
C117846,Progesterone Receptor Measurement,C117846,C82515
C117846,Progesterone Receptor Measurement,C117846,C170500
C117846,Progesterone Receptor Measurement,C117846,C70713
C117846,Progesterone Receptor Measurement,C117846,C117062
C117846,Progesterone Receptor Measurement,C117846,C70856
C15496,Progesterone Receptor Positive,C15496,C171435
C15496,Progesterone Receptor Positive,C15496,C25692
C15496,Progesterone Receptor Positive,C15496,C25372
C15496,Progesterone Receptor Positive,C15496,C70713
C15496,Progesterone Receptor Positive,C15496,C70856
C15496,Progesterone Receptor Positive,C15496,C82515
C15496,Progesterone Receptor Positive,C15496,C117062
C16149,Progesterone Receptor Status,C16149,C117062
C16149,Progesterone Receptor Status,C16149,C70713
C16149,Progesterone Receptor Status,C16149,C25692
C16149,Progesterone Receptor Status,C16149,C171435
C16149,Progesterone Receptor Status,C16149,C70856
C16149,Progesterone Receptor Status,C16149,C25372
C16149,Progesterone Receptor Status,C16149,C82515
C28234,Progression-free Survival,C28234,C25372
C28234,Progression-free Survival,C28234,C70856
C28234,Progression-free Survival,C28234,C25692
C28234,Progression-free Survival,C28234,C42574
C28234,Progression-free Survival,C28234,C82515
C35571,Progressive Disease [RETIRED],C35571,
C28042,Proliferative Index,C28042,
C20189,Property or Attribute,C20189,
C64430,Protein or Enzyme Type Measurement,C64430,
C79463,Protein to Creatinine Ratio Measurement,C79463,C70856
C79463,Protein to Creatinine Ratio Measurement,C79463,C93566
C79463,Protein to Creatinine Ratio Measurement,C79463,C82515
C79463,Protein to Creatinine Ratio Measurement,C79463,C48207
C79463,Protein to Creatinine Ratio Measurement,C79463,C70713
C98774,Prothrombin Activity Measurement,C98774,
C62656,Prothrombin Time,C62656,C70713
C62656,Prothrombin Time,C62656,C42574
C62656,Prothrombin Time,C62656,C93566
C62656,Prothrombin Time,C62656,C70856
C62656,Prothrombin Time,C62656,C82515
C41161,Protocol Agent,C41161,C117460
C41161,Protocol Agent,C41161,C117458
C41161,Protocol Agent,C41161,C83447
C41161,Protocol Agent,C41161,C83445
C41161,Protocol Agent,C41161,C49691
C50996,Protocol Deviation [RETIRED],C50996,
C74590,Protocol Disposition Event,C74590,
C126062,Protocol Keyword,C126062,C117460
C126062,Protocol Keyword,C126062,C117458
C126062,Protocol Keyword,C126062,C83447
C126062,Protocol Keyword,C126062,C83445
C126062,Protocol Keyword,C126062,C49691
C74588,Protocol Milestone,C74588,
C139277,Protocol Risk Assessment,C139277,C117461
C139277,Protocol Risk Assessment,C139277,C49691
C139277,Protocol Risk Assessment,C139277,C83445
C139277,Protocol Risk Assessment,C139277,C83447
C139277,Protocol Risk Assessment,C139277,C117460
C139277,Protocol Risk Assessment,C139277,C117458
C189437,Proton Density Fat Fraction,C189437,C13717
C189437,Proton Density Fat Fraction,C189437,C48570
C189437,Proton Density Fat Fraction,C189437,C70856
C189437,Proton Density Fat Fraction,C189437,C82535
C189437,Proton Density Fat Fraction,C189437,C82515
C189437,Proton Density Fat Fraction,C189437,C25185
C191040,Psoriasis Area and Severity Index Fredriksson Version Clinical Classification,C191040,C25372
C191040,Psoriasis Area and Severity Index Fredriksson Version Clinical Classification,C191040,C82556
C191040,Psoriasis Area and Severity Index Fredriksson Version Clinical Classification,C191040,C82515
C191040,Psoriasis Area and Severity Index Fredriksson Version Clinical Classification,C191040,C82525
C190947,Psoriasis Area and Severity Index Fredriksson Version Clinical Classification Question,C190947,
C127797,PubMed Unique Identifier,C127797,C49691
C127797,PubMed Unique Identifier,C127797,C83445
C127797,PubMed Unique Identifier,C127797,C83447
C127797,PubMed Unique Identifier,C127797,C117460
C93638,Publication Identifier,C93638,
C38081,Pulmonary Function Test,C38081,
C139254,Pulmonary Inertance,C139254,C82515
C139254,Pulmonary Inertance,C139254,C70856
C123567,Pulmonary Reactance,C123567,C70856
C123567,Pulmonary Reactance,C123567,C82515
C100945,Pulse Pressure,C100945,C82515
C100945,Pulse Pressure,C100945,C49669
C100945,Pulse Pressure,C100945,C62164
C100945,Pulse Pressure,C100945,C70856
C49676,Pulse Rate,C49676,C62164
C49676,Pulse Rate,C49676,C13717
C49676,Pulse Rate,C49676,C70856
C49676,Pulse Rate,C49676,C82515
C49676,Pulse Rate,C49676,C82535
C49676,Pulse Rate,C49676,C73688
C49676,Pulse Rate,C49676,C25185
C154882,Pustule Indicator,C154882,C82515
C154882,Pustule Indicator,C154882,C25185
C154882,Pustule Indicator,C154882,C13717
C154882,Pustule Indicator,C154882,C70856
C118165,QRS Axis,C118165,C82515
C118165,QRS Axis,C118165,C68667
C118165,QRS Axis,C118165,C62164
C118165,QRS Axis,C118165,C70856
C118165,QRS Axis,C118165,C82535
C118165,QRS Axis,C118165,C51824
C118165,QRS Axis,C118165,C82516
C118165,QRS Axis,C118165,C25372
C174285,"QTc Correction Method Unspecified, Aggregate",C174285,C25330
C174285,"QTc Correction Method Unspecified, Aggregate",C174285,C42574
C174285,"QTc Correction Method Unspecified, Aggregate",C174285,C82535
C174285,"QTc Correction Method Unspecified, Aggregate",C174285,C82516
C174285,"QTc Correction Method Unspecified, Aggregate",C174285,C62164
C174285,"QTc Correction Method Unspecified, Aggregate",C174285,C51824
C174285,"QTc Correction Method Unspecified, Aggregate",C174285,C50282
C174285,"QTc Correction Method Unspecified, Aggregate",C174285,C25372
C174285,"QTc Correction Method Unspecified, Aggregate",C174285,C82515
C174286,"QTc Correction Method Unspecified, Single Beat",C174286,C25330
C174286,"QTc Correction Method Unspecified, Single Beat",C174286,C42574
C174286,"QTc Correction Method Unspecified, Single Beat",C174286,C51824
C174286,"QTc Correction Method Unspecified, Single Beat",C174286,C82535
C174286,"QTc Correction Method Unspecified, Single Beat",C174286,C25372
C174286,"QTc Correction Method Unspecified, Single Beat",C174286,C82515
C174286,"QTc Correction Method Unspecified, Single Beat",C174286,C62164
C174286,"QTc Correction Method Unspecified, Single Beat",C174286,C82516
C174286,"QTc Correction Method Unspecified, Single Beat",C174286,C50282
C139255,Quasi-Static Compliance,C139255,C82515
C139255,Quasi-Static Compliance,C139255,C70856
C139255,Quasi-Static Compliance,C139255,C49669
C63521,Quick Freeze,C63521,C82571
C63521,Quick Freeze,C63521,C82977
C63521,Quick Freeze,C63521,C25372
C63521,Quick Freeze,C63521,C25692
C63521,Quick Freeze,C63521,C117052
C63521,Quick Freeze,C63521,C70713
C71610,Quotient,C71610,
C117792,RR Interval Single Measurement,C117792,C25330
C117792,RR Interval Single Measurement,C117792,C82516
C117792,RR Interval Single Measurement,C117792,C82535
C117792,RR Interval Single Measurement,C117792,C50282
C117792,RR Interval Single Measurement,C117792,C82515
C117792,RR Interval Single Measurement,C117792,C25372
C117792,RR Interval Single Measurement,C117792,C51824
C117792,RR Interval Single Measurement,C117792,C62164
C117792,RR Interval Single Measurement,C117792,C42574
C17049,Race,C17049,C82515
C17049,Race,C17049,C17049
C15313,Radiation Therapy,C15313,C41184
C15313,Radiation Therapy,C15313,C117530
C15313,Radiation Therapy,C15313,C117511
C15313,Radiation Therapy,C15313,C117529
C15313,Radiation Therapy,C15313,C13717
C15313,Radiation Therapy,C15313,C25185
C15313,Radiation Therapy,C15313,C171000
C15313,Radiation Therapy,C15313,C25692
C15313,Radiation Therapy,C15313,C210652
C15313,Radiation Therapy,C15313,C25488
C15313,Radiation Therapy,C15313,C117512
C15313,Radiation Therapy,C15313,C127786
C15313,Radiation Therapy,C15313,C124444
C15313,Radiation Therapy,C15313,C18068
C15313,Radiation Therapy,C15313,C25372
C123627,Radiologic Response,C123627,C25372
C123627,Radiologic Response,C123627,C82515
C123627,Radiologic Response,C123627,C51824
C123627,Radiologic Response,C123627,C70856
C123627,Radiologic Response,C123627,C117394
C123627,Radiologic Response,C123627,C117043
C62667,Radionuclide Imaging,C62667,C117530
C62667,Radionuclide Imaging,C62667,C171000
C62667,Radionuclide Imaging,C62667,C25185
C62667,Radionuclide Imaging,C62667,C25692
C62667,Radionuclide Imaging,C62667,C127786
C62667,Radionuclide Imaging,C62667,C25372
C62667,Radionuclide Imaging,C62667,C117512
C62667,Radionuclide Imaging,C62667,C117511
C62667,Radionuclide Imaging,C62667,C117529
C62667,Radionuclide Imaging,C62667,C13717
C25196,Randomization,C25196,C49691
C25196,Randomization,C25196,C83445
C25196,Randomization,C25196,C117461
C25196,Randomization,C25196,C117460
C25196,Randomization,C25196,C83447
C25196,Randomization,C25196,C117458
C98775,Randomization Quotient,C98775,C83445
C98775,Randomization Quotient,C98775,C49691
C98775,Randomization Quotient,C98775,C83447
C63507,Range of Motion,C63507,
C139212,"Range of Motion, Abduction",C139212,C70856
C139212,"Range of Motion, Abduction",C139212,C13717
C139212,"Range of Motion, Abduction",C139212,C25185
C139212,"Range of Motion, Abduction",C139212,C82535
C139212,"Range of Motion, Abduction",C139212,C82515
C139212,"Range of Motion, Abduction",C139212,C68667
C139214,"Range of Motion, Dorsiflexion",C139214,C82535
C139214,"Range of Motion, Dorsiflexion",C139214,C25185
C139214,"Range of Motion, Dorsiflexion",C139214,C68667
C139214,"Range of Motion, Dorsiflexion",C139214,C70856
C139214,"Range of Motion, Dorsiflexion",C139214,C13717
C139214,"Range of Motion, Dorsiflexion",C139214,C82515
C139213,"Range of Motion, Extension",C139213,C25185
C139213,"Range of Motion, Extension",C139213,C82535
C139213,"Range of Motion, Extension",C139213,C68667
C139213,"Range of Motion, Extension",C139213,C13717
C139213,"Range of Motion, Extension",C139213,C70856
C139213,"Range of Motion, Extension",C139213,C82515
C126070,Rare Disease Indicator,C126070,C83447
C126070,Rare Disease Indicator,C126070,C83445
C126070,Rare Disease Indicator,C126070,C117458
C126070,Rare Disease Indicator,C126070,C117460
C126070,Rare Disease Indicator,C126070,C117461
C126070,Rare Disease Indicator,C126070,C49691
C154878,Rash Indicator,C154878,C70856
C154878,Rash Indicator,C154878,C25185
C154878,Rash Indicator,C154878,C13717
C154878,Rash Indicator,C154878,C82515
C179819,Reaction Grade,C179819,C13717
C179819,Reaction Grade,C179819,C70856
C179819,Reaction Grade,C179819,C82546
C179819,Reaction Grade,C179819,C82535
C179819,Reaction Grade,C179819,C25185
C179819,Reaction Grade,C179819,C82515
C94299,Receptor Status,C94299,
C93645,Recurrence Indicator,C93645,C82515
C93645,Recurrence Indicator,C93645,C25692
C93645,Recurrence Indicator,C93645,C70856
C93645,Recurrence Indicator,C93645,C25372
C190808,Recurrence Risk Score,C190808,
C192424,Recurrence in Distant Nodes,C192424,C70856
C192424,Recurrence in Distant Nodes,C192424,C25372
C192424,Recurrence in Distant Nodes,C192424,C82515
C192424,Recurrence in Distant Nodes,C192424,C25692
C38155,Recurrent Disease,C38155,C25692
C38155,Recurrent Disease,C38155,C25372
C38155,Recurrent Disease,C38155,C82515
C38155,Recurrent Disease,C38155,C70856
C55073,"Recurrent Disease, Distant Site",C55073,
C117961,Relapse Criteria,C117961,C83447
C117961,Relapse Criteria,C117961,C83445
C117961,Relapse Criteria,C117961,C49691
C82571,Reported Event Term [RETIRED],C82571,
C127799,Requires Secure Email Delivery of XML Indicator,C127799,C49691
C127799,Requires Secure Email Delivery of XML Indicator,C127799,C83447
C127799,Requires Secure Email Delivery of XML Indicator,C127799,C117460
C127799,Requires Secure Email Delivery of XML Indicator,C127799,C117461
C127799,Requires Secure Email Delivery of XML Indicator,C127799,C83445
C127799,Requires Secure Email Delivery of XML Indicator,C127799,C117458
C160722,Residual Cancer Burden,C160722,C171435
C160722,Residual Cancer Burden,C160722,C25692
C160722,Residual Cancer Burden,C160722,C70713
C160722,Residual Cancer Burden,C160722,C70856
C160722,Residual Cancer Burden,C160722,C25372
C160722,Residual Cancer Burden,C160722,C82515
C160724,Residual Cancer Burden Class,C160724,C171435
C160724,Residual Cancer Burden Class,C160724,C70713
C160724,Residual Cancer Burden Class,C160724,C82515
C160724,Residual Cancer Burden Class,C160724,C25692
C160724,Residual Cancer Burden Class,C160724,C70856
C160724,Residual Cancer Burden Class,C160724,C25372
C160723,Residual Cancer Burden Index,C160723,C70713
C160723,Residual Cancer Burden Index,C160723,C70856
C160723,Residual Cancer Burden Index,C160723,C82515
C160723,Residual Cancer Burden Index,C160723,C171435
C160723,Residual Cancer Burden Index,C160723,C25372
C160723,Residual Cancer Burden Index,C160723,C25692
C89836,Residual Volume,C89836,C82515
C89836,Residual Volume,C89836,C70856
C89836,Residual Volume,C89836,C44279
C123568,Respiratory Exchange Ratio,C123568,C82515
C123568,Respiratory Exchange Ratio,C123568,C70856
C123568,Respiratory Exchange Ratio,C123568,C48570
C49678,Respiratory Rate,C49678,C70856
C49678,Respiratory Rate,C49678,C73688
C49678,Respiratory Rate,C49678,C82515
C198356,Respiratory System Examination,C198356,C70856
C198356,Respiratory System Examination,C198356,C82515
C45233,Respiratory System Finding,C45233,
C94535,Response in Non-Target Lesion,C94535,C117043
C94535,Response in Non-Target Lesion,C94535,C51824
C94535,Response in Non-Target Lesion,C94535,C25372
C94535,Response in Non-Target Lesion,C94535,C70856
C94535,Response in Non-Target Lesion,C94535,C82515
C94534,Response in Target Lesion,C94534,C117043
C94534,Response in Target Lesion,C94534,C82515
C94534,Response in Target Lesion,C94534,C25372
C94534,Response in Target Lesion,C94534,C70856
C94534,Response in Target Lesion,C94534,C51824
C126071,Resubmission Letter,C126071,C83447
C126071,Resubmission Letter,C126071,C83445
C126071,Resubmission Letter,C126071,C49691
C127777,Retained Biospecimen Contains DNA Indicator,C127777,C49691
C127777,Retained Biospecimen Contains DNA Indicator,C127777,C83447
C127777,Retained Biospecimen Contains DNA Indicator,C127777,C83445
C127777,Retained Biospecimen Contains DNA Indicator,C127777,C117460
C127777,Retained Biospecimen Contains DNA Indicator,C127777,C117458
C127777,Retained Biospecimen Contains DNA Indicator,C127777,C117461
C126072,Retained Biospecimen Description,C126072,C83447
C126072,Retained Biospecimen Description,C126072,C83445
C126072,Retained Biospecimen Description,C126072,C49691
C111307,Rhythm Not Otherwise Specified ECG Assessment,C111307,C70856
C111307,Rhythm Not Otherwise Specified ECG Assessment,C111307,C25372
C111307,Rhythm Not Otherwise Specified ECG Assessment,C111307,C51824
C111307,Rhythm Not Otherwise Specified ECG Assessment,C111307,C62164
C111307,Rhythm Not Otherwise Specified ECG Assessment,C111307,C82515
C111307,Rhythm Not Otherwise Specified ECG Assessment,C111307,C82535
C111307,Rhythm Not Otherwise Specified ECG Assessment,C111307,C50282
C132301,Ribonucleic Acid Measurement,C132301,
C17103,Risk Factor,C17103,
C25169,Route,C25169,
C38114,Route of Administration,C38114,C83447
C38114,Route of Administration,C38114,C83445
C38114,Route of Administration,C38114,C49691
C38114,Route of Administration,C38114,C117458
C38114,Route of Administration,C38114,C117460
C38114,Route of Administration,C38114,C117461
C191153,Rutgeerts Score - Rutgeerts Score,C191153,C25372
C191153,Rutgeerts Score - Rutgeerts Score,C191153,C91106
C191153,Rutgeerts Score - Rutgeerts Score,C191153,C82515
C191153,Rutgeerts Score - Rutgeerts Score,C191153,C46126
C191039,Rutgeerts Score Clinical Classification,C191039,C82556
C191039,Rutgeerts Score Clinical Classification,C191039,C82515
C191039,Rutgeerts Score Clinical Classification,C191039,C25372
C191039,Rutgeerts Score Clinical Classification,C191039,C82525
C190946,Rutgeerts Score Clinical Classification Question,C190946,
C171531,SARS-CoV-2 RNA Measurement,C171531,C171435
C171531,SARS-CoV-2 RNA Measurement,C171531,C117062
C171531,SARS-CoV-2 RNA Measurement,C171531,C70856
C171531,SARS-CoV-2 RNA Measurement,C171531,C82515
C171531,SARS-CoV-2 RNA Measurement,C171531,C82535
C171531,SARS-CoV-2 RNA Measurement,C171531,C70713
C171531,SARS-CoV-2 RNA Measurement,C171531,C70700
C171531,SARS-CoV-2 RNA Measurement,C171531,C67391
C189317,SDTM Implementation Guide Medical Device Version,C189317,C117461
C189317,SDTM Implementation Guide Medical Device Version,C189317,C117458
C189317,SDTM Implementation Guide Medical Device Version,C189317,C83445
C189317,SDTM Implementation Guide Medical Device Version,C189317,C83447
C189317,SDTM Implementation Guide Medical Device Version,C189317,C117460
C189317,SDTM Implementation Guide Medical Device Version,C189317,C49691
C111363,"ST Segment, T wave, and U wave ECG Assessment",C111363,C50282
C111363,"ST Segment, T wave, and U wave ECG Assessment",C111363,C25372
C111363,"ST Segment, T wave, and U wave ECG Assessment",C111363,C62164
C111363,"ST Segment, T wave, and U wave ECG Assessment",C111363,C51824
C111363,"ST Segment, T wave, and U wave ECG Assessment",C111363,C82535
C111363,"ST Segment, T wave, and U wave ECG Assessment",C111363,C70856
C111363,"ST Segment, T wave, and U wave ECG Assessment",C111363,C82515
C126073,SUSAR Reporting to EudraVigiliance Clinical Trial Module Indicator,C126073,C49691
C126073,SUSAR Reporting to EudraVigiliance Clinical Trial Module Indicator,C126073,C83445
C126073,SUSAR Reporting to EudraVigiliance Clinical Trial Module Indicator,C126073,C83447
C126073,SUSAR Reporting to EudraVigiliance Clinical Trial Module Indicator,C126073,C117460
C126073,SUSAR Reporting to EudraVigiliance Clinical Trial Module Indicator,C126073,C117458
C126073,SUSAR Reporting to EudraVigiliance Clinical Trial Module Indicator,C126073,C117461
C126074,SUSAR Reporting to National Competent Authority Indicator,C126074,C117461
C126074,SUSAR Reporting to National Competent Authority Indicator,C126074,C117460
C126074,SUSAR Reporting to National Competent Authority Indicator,C126074,C117458
C126074,SUSAR Reporting to National Competent Authority Indicator,C126074,C83447
C126074,SUSAR Reporting to National Competent Authority Indicator,C126074,C83445
C126074,SUSAR Reporting to National Competent Authority Indicator,C126074,C49691
C87054,Sagittal Abdominal Diameter,C87054,C82515
C87054,Sagittal Abdominal Diameter,C87054,C70856
C87054,Sagittal Abdominal Diameter,C87054,C42578
C139256,Salazar-Knowles Equation Parameter A,C139256,C82515
C139256,Salazar-Knowles Equation Parameter A,C139256,C70856
C139257,Salazar-Knowles Equation Parameter B,C139257,C82515
C139257,Salazar-Knowles Equation Parameter B,C139257,C70856
C139258,"Salazar-Knowles Equation, K Parameter",C139258,C70856
C139258,"Salazar-Knowles Equation, K Parameter",C139258,C82515
C71492,Sampling Method,C71492,
C25338,Score,C25338,
C204693,Second Ventilatory Threshold,C204693,C66973
C204693,Second Ventilatory Threshold,C204693,C70856
C204693,Second Ventilatory Threshold,C204693,C82515
C116142,Secondary Cause of Death,C116142,C82515
C116142,Secondary Cause of Death,C116142,C70856
C132460,Secondary Language Spoken,C132460,C25372
C132460,Secondary Language Spoken,C132460,C82515
C132460,Secondary Language Spoken,C132460,C70856
C98781,Secondary Outcome Measure,C98781,C83447
C98781,Secondary Outcome Measure,C98781,C83445
C98781,Secondary Outcome Measure,C98781,C49691
C81997,Segmented Neutrophil Count,C81997,C70713
C81997,Segmented Neutrophil Count,C81997,C82515
C81997,Segmented Neutrophil Count,C81997,C93566
C81997,Segmented Neutrophil Count,C81997,C70856
C81997,Segmented Neutrophil Count,C81997,C67391
C82045,Segmented Neutrophil to Leukocyte Ratio Measurement,C82045,C93566
C82045,Segmented Neutrophil to Leukocyte Ratio Measurement,C82045,C48570
C82045,Segmented Neutrophil to Leukocyte Ratio Measurement,C82045,C70713
C82045,Segmented Neutrophil to Leukocyte Ratio Measurement,C82045,C82515
C82045,Segmented Neutrophil to Leukocyte Ratio Measurement,C82045,C70856
C15667,Sentinel Lymph Node Biopsy,C15667,C54215
C15667,Sentinel Lymph Node Biopsy,C15667,C25372
C15667,Sentinel Lymph Node Biopsy,C15667,C25185
C15667,Sentinel Lymph Node Biopsy,C15667,C117512
C15667,Sentinel Lymph Node Biopsy,C15667,C171435
C15667,Sentinel Lymph Node Biopsy,C15667,C127786
C15667,Sentinel Lymph Node Biopsy,C15667,C171000
C15667,Sentinel Lymph Node Biopsy,C15667,C117530
C15667,Sentinel Lymph Node Biopsy,C15667,C117511
C15667,Sentinel Lymph Node Biopsy,C15667,C117529
C15667,Sentinel Lymph Node Biopsy,C15667,C25692
C189439,Sequence Rearrangement,C189439,C70856
C189439,Sequence Rearrangement,C189439,C93423
C189439,Sequence Rearrangement,C189439,C204091
C189439,Sequence Rearrangement,C189439,C164815
C189439,Sequence Rearrangement,C189439,C164716
C189439,Sequence Rearrangement,C189439,C43568
C189439,Sequence Rearrangement,C189439,C164813
C189439,Sequence Rearrangement,C189439,C164528
C189439,Sequence Rearrangement,C189439,C164533
C189439,Sequence Rearrangement,C189439,C164811
C189439,Sequence Rearrangement,C189439,C70713
C189439,Sequence Rearrangement,C189439,C82535
C189439,Sequence Rearrangement,C189439,C82515
C189439,Sequence Rearrangement,C189439,C204092
C189439,Sequence Rearrangement,C189439,C117062
C189439,Sequence Rearrangement,C189439,C25372
C73495,Serum HCG Measurement,C73495,C82515
C73495,Serum HCG Measurement,C73495,C70713
C73495,Serum HCG Measurement,C73495,C48207
C73495,Serum HCG Measurement,C73495,C70856
C102708,Setting of Disease Contact,C102708,C70856
C102708,Setting of Disease Contact,C102708,C82515
C102708,Setting of Disease Contact,C102708,C25372
C171439,Severe Acute Respiratory Syndrome Coronavirus 2 Antibody Measurement,C171439,C70713
C171439,Severe Acute Respiratory Syndrome Coronavirus 2 Antibody Measurement,C171439,C70856
C171439,Severe Acute Respiratory Syndrome Coronavirus 2 Antibody Measurement,C171439,C82515
C171439,Severe Acute Respiratory Syndrome Coronavirus 2 Antibody Measurement,C171439,C82535
C171439,Severe Acute Respiratory Syndrome Coronavirus 2 Antibody Measurement,C171439,C117062
C171532,Severe Acute Respiratory Syndrome Coronavirus 2 Measurement,C171532,C171435
C171532,Severe Acute Respiratory Syndrome Coronavirus 2 Measurement,C171532,C117062
C171532,Severe Acute Respiratory Syndrome Coronavirus 2 Measurement,C171532,C70713
C171532,Severe Acute Respiratory Syndrome Coronavirus 2 Measurement,C171532,C82535
C171532,Severe Acute Respiratory Syndrome Coronavirus 2 Measurement,C171532,C70856
C171532,Severe Acute Respiratory Syndrome Coronavirus 2 Measurement,C171532,C70700
C171532,Severe Acute Respiratory Syndrome Coronavirus 2 Measurement,C171532,C82515
C117962,Severity Criteria,C117962,C49691
C117962,Severity Criteria,C117962,C83447
C117962,Severity Criteria,C117962,C83445
C28421,Sex,C28421,C82515
C28421,Sex,C28421,C28421
C205472,Sex Assigned at Birth,C205472,C82515
C205472,Sex Assigned at Birth,C205472,C70856
C205472,Sex Assigned at Birth,C205472,C25372
C209693,Sex Assigned for Clinical Purpose,C209693,C25372
C209693,Sex Assigned for Clinical Purpose,C209693,C82515
C209693,Sex Assigned for Clinical Purpose,C209693,C70856
C49696,Sex of Study Group,C49696,C49691
C49696,Sex of Study Group,C49696,C83445
C49696,Sex of Study Group,C49696,C83447
C49696,Sex of Study Group,C49696,C117458
C49696,Sex of Study Group,C49696,C117460
C49696,Sex of Study Group,C49696,C117461
C84361,Sexual Orientation,C84361,C25372
C84361,Sexual Orientation,C84361,C70856
C84361,Sexual Orientation,C84361,C82515
C128986,Sharp Genant Bone Erosion Score,C128986,C82535
C128986,Sharp Genant Bone Erosion Score,C128986,C25185
C128986,Sharp Genant Bone Erosion Score,C128986,C13717
C128986,Sharp Genant Bone Erosion Score,C128986,C91106
C128986,Sharp Genant Bone Erosion Score,C128986,C46126
C128986,Sharp Genant Bone Erosion Score,C128986,C82515
C128987,Sharp Genant Joint Space Narrowing Score,C128987,C82515
C128987,Sharp Genant Joint Space Narrowing Score,C128987,C51824
C128987,Sharp Genant Joint Space Narrowing Score,C128987,C82535
C128987,Sharp Genant Joint Space Narrowing Score,C128987,C25185
C128987,Sharp Genant Joint Space Narrowing Score,C128987,C13717
C128987,Sharp Genant Joint Space Narrowing Score,C128987,C91106
C128987,Sharp Genant Joint Space Narrowing Score,C128987,C46126
C128987,Sharp Genant Joint Space Narrowing Score,C128987,C117043
C128988,Sharp van der Heijde Bone Erosion Score,C128988,C46126
C128988,Sharp van der Heijde Bone Erosion Score,C128988,C91106
C128988,Sharp van der Heijde Bone Erosion Score,C128988,C13717
C128988,Sharp van der Heijde Bone Erosion Score,C128988,C25185
C128988,Sharp van der Heijde Bone Erosion Score,C128988,C82535
C128988,Sharp van der Heijde Bone Erosion Score,C128988,C82515
C128989,Sharp van der Heijde Joint Space Narrowing Score,C128989,C82515
C128989,Sharp van der Heijde Joint Space Narrowing Score,C128989,C46126
C128989,Sharp van der Heijde Joint Space Narrowing Score,C128989,C82535
C128989,Sharp van der Heijde Joint Space Narrowing Score,C128989,C25185
C128989,Sharp van der Heijde Joint Space Narrowing Score,C128989,C13717
C128989,Sharp van der Heijde Joint Space Narrowing Score,C128989,C91106
C181334,Short Variation Assessment,C181334,C204092
C181334,Short Variation Assessment,C181334,C117062
C181334,Short Variation Assessment,C181334,C82515
C181334,Short Variation Assessment,C181334,C164528
C181334,Short Variation Assessment,C181334,C70713
C181334,Short Variation Assessment,C181334,C164813
C181334,Short Variation Assessment,C181334,C164533
C181334,Short Variation Assessment,C181334,C82535
C181334,Short Variation Assessment,C181334,C70856
C181334,Short Variation Assessment,C181334,C93423
C181334,Short Variation Assessment,C181334,C25709
C181334,Short Variation Assessment,C181334,C164815
C181334,Short Variation Assessment,C181334,C164716
C181334,Short Variation Assessment,C181334,C43568
C181334,Short Variation Assessment,C181334,C25372
C117776,Single Beat P Wave Duration,C117776,C25372
C117776,Single Beat P Wave Duration,C117776,C25330
C117776,Single Beat P Wave Duration,C117776,C82515
C117776,Single Beat P Wave Duration,C117776,C82516
C117776,Single Beat P Wave Duration,C117776,C51824
C117776,Single Beat P Wave Duration,C117776,C42574
C117776,Single Beat P Wave Duration,C117776,C62164
C117776,Single Beat P Wave Duration,C117776,C82535
C117776,Single Beat P Wave Duration,C117776,C50282
C117774,Single Beat PR Interval,C117774,C62164
C117774,Single Beat PR Interval,C117774,C42574
C117774,Single Beat PR Interval,C117774,C82535
C117774,Single Beat PR Interval,C117774,C50282
C117774,Single Beat PR Interval,C117774,C82516
C117774,Single Beat PR Interval,C117774,C82515
C117774,Single Beat PR Interval,C117774,C25372
C117774,Single Beat PR Interval,C117774,C51824
C117774,Single Beat PR Interval,C117774,C25330
C117780,Single Beat QRS Duration,C117780,C82515
C117780,Single Beat QRS Duration,C117780,C25372
C117780,Single Beat QRS Duration,C117780,C51824
C117780,Single Beat QRS Duration,C117780,C82535
C117780,Single Beat QRS Duration,C117780,C50282
C117780,Single Beat QRS Duration,C117780,C82516
C117780,Single Beat QRS Duration,C117780,C25330
C117780,Single Beat QRS Duration,C117780,C42574
C117780,Single Beat QRS Duration,C117780,C62164
C117788,Single Beat QT Interval,C117788,C25372
C117788,Single Beat QT Interval,C117788,C82515
C117788,Single Beat QT Interval,C117788,C82535
C117788,Single Beat QT Interval,C117788,C51824
C117788,Single Beat QT Interval,C117788,C50282
C117788,Single Beat QT Interval,C117788,C82516
C117788,Single Beat QT Interval,C117788,C25330
C117788,Single Beat QT Interval,C117788,C62164
C117788,Single Beat QT Interval,C117788,C42574
C117785,Single Beat QTCB Interval,C117785,C51824
C117785,Single Beat QTCB Interval,C117785,C82516
C117785,Single Beat QTCB Interval,C117785,C82535
C117785,Single Beat QTCB Interval,C117785,C62164
C117785,Single Beat QTCB Interval,C117785,C82515
C117785,Single Beat QTCB Interval,C117785,C25372
C117785,Single Beat QTCB Interval,C117785,C50282
C117785,Single Beat QTCB Interval,C117785,C42574
C117785,Single Beat QTCB Interval,C117785,C25330
C117787,Single Beat QTCF Interval,C117787,C50282
C117787,Single Beat QTCF Interval,C117787,C51824
C117787,Single Beat QTCF Interval,C117787,C82515
C117787,Single Beat QTCF Interval,C117787,C62164
C117787,Single Beat QTCF Interval,C117787,C82516
C117787,Single Beat QTCF Interval,C117787,C42574
C117787,Single Beat QTCF Interval,C117787,C25372
C117787,Single Beat QTCF Interval,C117787,C25330
C117787,Single Beat QTCF Interval,C117787,C82535
C117772,Single Measurement PP Interval,C117772,C62164
C117772,Single Measurement PP Interval,C117772,C25330
C117772,Single Measurement PP Interval,C117772,C82516
C117772,Single Measurement PP Interval,C117772,C42574
C117772,Single Measurement PP Interval,C117772,C25372
C117772,Single Measurement PP Interval,C117772,C82515
C117772,Single Measurement PP Interval,C117772,C50282
C117772,Single Measurement PP Interval,C117772,C51824
C117772,Single Measurement PP Interval,C117772,C82535
C181331,Single Nucleotide Variation Assessment,C181331,C164813
C181331,Single Nucleotide Variation Assessment,C181331,C164815
C181331,Single Nucleotide Variation Assessment,C181331,C82515
C181331,Single Nucleotide Variation Assessment,C181331,C117039
C181331,Single Nucleotide Variation Assessment,C181331,C82535
C181331,Single Nucleotide Variation Assessment,C181331,C204092
C181331,Single Nucleotide Variation Assessment,C181331,C93423
C181331,Single Nucleotide Variation Assessment,C181331,C70856
C181331,Single Nucleotide Variation Assessment,C181331,C25372
C181331,Single Nucleotide Variation Assessment,C181331,C117062
C181331,Single Nucleotide Variation Assessment,C181331,C117060
C181331,Single Nucleotide Variation Assessment,C181331,C70713
C181331,Single Nucleotide Variation Assessment,C181331,C204090
C181331,Single Nucleotide Variation Assessment,C181331,C25709
C181331,Single Nucleotide Variation Assessment,C181331,C204091
C181331,Single Nucleotide Variation Assessment,C181331,C164716
C181331,Single Nucleotide Variation Assessment,C181331,C43568
C181331,Single Nucleotide Variation Assessment,C181331,C164528
C181331,Single Nucleotide Variation Assessment,C181331,C164533
C181331,Single Nucleotide Variation Assessment,C181331,C164811
C127800,Single Site European Union State Trial Indicator,C127800,C83445
C127800,Single Site European Union State Trial Indicator,C127800,C49691
C127800,Single Site European Union State Trial Indicator,C127800,C117461
C127800,Single Site European Union State Trial Indicator,C127800,C117460
C127800,Single Site European Union State Trial Indicator,C127800,C117458
C127800,Single Site European Union State Trial Indicator,C127800,C83447
C111312,Sinus Node Rhythm and Arrhythmia ECG Assessment,C111312,C82515
C111312,Sinus Node Rhythm and Arrhythmia ECG Assessment,C111312,C70856
C111312,Sinus Node Rhythm and Arrhythmia ECG Assessment,C111312,C62164
C111312,Sinus Node Rhythm and Arrhythmia ECG Assessment,C111312,C82535
C111312,Sinus Node Rhythm and Arrhythmia ECG Assessment,C111312,C51824
C111312,Sinus Node Rhythm and Arrhythmia ECG Assessment,C111312,C25372
C111312,Sinus Node Rhythm and Arrhythmia ECG Assessment,C111312,C50282
C124598,Skeletal Examination,C124598,
C178017,Skeletal Muscle Mass Measurement,C178017,C70856
C178017,Skeletal Muscle Mass Measurement,C178017,C25185
C178017,Skeletal Muscle Mass Measurement,C178017,C42579
C178017,Skeletal Muscle Mass Measurement,C178017,C13717
C178017,Skeletal Muscle Mass Measurement,C178017,C82535
C178017,Skeletal Muscle Mass Measurement,C178017,C82515
C154879,Skene's Gland Abnormality Indicator,C154879,C82515
C154879,Skene's Gland Abnormality Indicator,C154879,C70856
C74562,Skin Classification Scheme,C74562,
C77537,Skinfold Thickness Analysis,C77537,
C111315,Slow Vital Capacity,C111315,C82515
C111315,Slow Vital Capacity,C111315,C70856
C111315,Slow Vital Capacity,C111315,C44279
C156662,Small for Gestational Age Indicator,C156662,C70856
C156662,Small for Gestational Age Indicator,C156662,C82515
C156662,Small for Gestational Age Indicator,C156662,C25372
C102711,Social Risk Factor,C102711,C82515
C102711,Social Risk Factor,C102711,C70856
C102711,Social Risk Factor,C102711,C25372
C198364,Socioeconomic Class,C198364,C70856
C198364,Socioeconomic Class,C198364,C25372
C198364,Socioeconomic Class,C198364,C82515
C17468,Socioeconomic Factors,C17468,
C106568,Sodium Clearance Measurement,C106568,C93566
C106568,Sodium Clearance Measurement,C106568,C82515
C106568,Sodium Clearance Measurement,C106568,C70856
C106568,Sodium Clearance Measurement,C106568,C70713
C106568,Sodium Clearance Measurement,C106568,C48567
C106568,Sodium Clearance Measurement,C106568,C83308
C150823,Sodium Excretion Rate,C150823,C82515
C150823,Sodium Excretion Rate,C150823,C70856
C150823,Sodium Excretion Rate,C150823,C93566
C150823,Sodium Excretion Rate,C150823,C70713
C150823,Sodium Excretion Rate,C150823,C48567
C150823,Sodium Excretion Rate,C150823,C83308
C64809,Sodium Measurement,C64809,C64567
C64809,Sodium Measurement,C64809,C70856
C64809,Sodium Measurement,C64809,C70713
C64809,Sodium Measurement,C64809,C82515
C64809,Sodium Measurement,C64809,C93566
C179175,Solicited Adverse Event,C179175,C83051
C179175,Solicited Adverse Event,C179175,C82557
C179175,Solicited Adverse Event,C179175,C83053
C179175,Solicited Adverse Event,C179175,C82574
C179175,Solicited Adverse Event,C179175,C83210
C179175,Solicited Adverse Event,C179175,C82558
C179175,Solicited Adverse Event,C179175,C41358
C179175,Solicited Adverse Event,C179175,C83199
C179175,Solicited Adverse Event,C179175,C83215
C179175,Solicited Adverse Event,C179175,C84266
C179175,Solicited Adverse Event,C179175,C83052
C179175,Solicited Adverse Event,C179175,C48275
C179175,Solicited Adverse Event,C179175,C113380
C179175,Solicited Adverse Event,C179175,C83205
C179175,Solicited Adverse Event,C179175,C53253
C179175,Solicited Adverse Event,C179175,C53252
C179175,Solicited Adverse Event,C179175,C83117
C179175,Solicited Adverse Event,C179175,C83211
C179175,Solicited Adverse Event,C179175,C49489
C179175,Solicited Adverse Event,C179175,C78605
C179175,Solicited Adverse Event,C179175,C83013
C179175,Solicited Adverse Event,C179175,C87840
C179175,Solicited Adverse Event,C179175,C83212
C179175,Solicited Adverse Event,C179175,C83198
C179175,Solicited Adverse Event,C179175,C83109
C179175,Solicited Adverse Event,C179175,C83214
C179175,Solicited Adverse Event,C179175,C83201
C179175,Solicited Adverse Event,C179175,C83344
C179175,Solicited Adverse Event,C179175,C83208
C179175,Solicited Adverse Event,C179175,C78541
C200145,Solicited Medical History,C200145,C171000
C200145,Solicited Medical History,C200145,C25372
C200145,Solicited Medical History,C200145,C83068
C200145,Solicited Medical History,C200145,C83330
C200145,Solicited Medical History,C200145,C82558
C200145,Solicited Medical History,C200145,C83338
C200145,Solicited Medical History,C200145,C219752
C200145,Solicited Medical History,C200145,C25692
C200145,Solicited Medical History,C200145,C82557
C200145,Solicited Medical History,C200145,C83346
C200145,Solicited Medical History,C200145,C83118
C200145,Solicited Medical History,C200145,C82574
C200145,Solicited Medical History,C200145,C127786
C200145,Solicited Medical History,C200145,C82534
C200249,Soluble Interleukin-6 Receptor Subunit Alpha Measurement,C200249,C70713
C200249,Soluble Interleukin-6 Receptor Subunit Alpha Measurement,C200249,C64571
C200249,Soluble Interleukin-6 Receptor Subunit Alpha Measurement,C200249,C70856
C200249,Soluble Interleukin-6 Receptor Subunit Alpha Measurement,C200249,C82515
C25683,Source,C25683,
C122186,Specific Airway Conductance,C122186,C82515
C122186,Specific Airway Conductance,C122186,C70856
C123569,Specific Airway Resistance,C123569,C82515
C123569,Specific Airway Resistance,C123569,C70856
C123569,Specific Airway Resistance,C123569,C67332
C170618,Specific Airway Volume,C170618,C82515
C170618,Specific Airway Volume,C170618,C70856
C170618,Specific Airway Volume,C170618,C44279
C64832,Specific Gravity,C64832,C82515
C64832,Specific Gravity,C64832,C70856
C64832,Specific Gravity,C64832,C70713
C64832,Specific Gravity,C64832,C93566
C128947,Specimen Isolation,C128947,C25372
C128947,Specimen Isolation,C128947,C117052
C128947,Specimen Isolation,C128947,C25692
C128947,Specimen Isolation,C128947,C82977
C128947,Specimen Isolation,C128947,C82571
C128947,Specimen Isolation,C128947,C70713
C48355,Sponsor,C48355,
C127789,Sponsor Commercial Status,C127789,C117461
C127789,Sponsor Commercial Status,C127789,C117460
C127789,Sponsor Commercial Status,C127789,C83447
C127789,Sponsor Commercial Status,C127789,C83445
C127789,Sponsor Commercial Status,C127789,C49691
C127789,Sponsor Commercial Status,C127789,C117458
C135009,Sponsor Study Reference Identifier,C135009,C49691
C135009,Sponsor Study Reference Identifier,C135009,C83445
C135009,Sponsor Study Reference Identifier,C135009,C83447
C98783,Stable Disease Minimum Duration,C98783,C83445
C98783,Stable Disease Minimum Duration,C98783,C83447
C98783,Stable Disease Minimum Duration,C98783,C117460
C98783,Stable Disease Minimum Duration,C98783,C49691
C68616,Start Date,C68616,
C209447,State-Specific Health Insurance Program Name,C209447,C25372
C209447,State-Specific Health Insurance Program Name,C209447,C70856
C209447,State-Specific Health Insurance Program Name,C209447,C82515
C209691,State-Specific Medicaid Program Name,C209691,C25372
C209691,State-Specific Medicaid Program Name,C209691,C70856
C209691,State-Specific Medicaid Program Name,C209691,C82515
C209692,State-Specific Medicare Program Name,C209692,C25372
C209692,State-Specific Medicare Program Name,C209692,C70856
C209692,State-Specific Medicare Program Name,C209692,C82515
C25688,Status,C25688,
C135483,Steroid Use Status,C135483,C51824
C135483,Steroid Use Status,C135483,C70856
C135483,Steroid Use Status,C135483,C82515
C135483,Steroid Use Status,C135483,C25372
C135483,Steroid Use Status,C135483,C117043
C122194,Stillbirth Indicator,C122194,C82515
C122194,Stillbirth Indicator,C122194,C70856
C16153,Stratification Factors,C16153,C83447
C16153,Stratification Factors,C16153,C83445
C16153,Stratification Factors,C16153,C49691
C119579,Stroke Type,C119579,C117050
C119579,Stroke Type,C119579,C82515
C119579,Stroke Type,C119579,C70856
C119579,Stroke Type,C119579,C25372
C119579,Stroke Type,C119579,C82546
C119579,Stroke Type,C119579,C25692
C147485,Student Indicator,C147485,C82515
C147485,Student Indicator,C147485,C70856
C147485,Student Indicator,C147485,C25372
C176375,Study Contact E-mail Address,C176375,C83447
C176375,Study Contact E-mail Address,C176375,C83445
C176375,Study Contact E-mail Address,C176375,C49691
C176373,Study Contact Name,C176373,C49691
C176373,Study Contact Name,C176373,C83447
C176373,Study Contact Name,C176373,C83445
C176376,Study Contact Postal Address,C176376,C49691
C176376,Study Contact Postal Address,C176376,C83445
C176376,Study Contact Postal Address,C176376,C83447
C176372,Study Contact Role,C176372,C117461
C176372,Study Contact Role,C176372,C117460
C176372,Study Contact Role,C176372,C117458
C176372,Study Contact Role,C176372,C83447
C176372,Study Contact Role,C176372,C83445
C176372,Study Contact Role,C176372,C49691
C176374,Study Contact Telephone Number,C176374,C83445
C176374,Study Contact Telephone Number,C176374,C83447
C176374,Study Contact Telephone Number,C176374,C49691
C156604,Study Data Tabulation Model Implementation Guide Version,C156604,C49691
C156604,Study Data Tabulation Model Implementation Guide Version,C156604,C83445
C156604,Study Data Tabulation Model Implementation Guide Version,C156604,C83447
C156604,Study Data Tabulation Model Implementation Guide Version,C156604,C117458
C156604,Study Data Tabulation Model Implementation Guide Version,C156604,C117460
C156604,Study Data Tabulation Model Implementation Guide Version,C156604,C117461
C156605,Study Data Tabulation Model Version,C156605,C83445
C156605,Study Data Tabulation Model Version,C156605,C117460
C156605,Study Data Tabulation Model Version,C156605,C117461
C156605,Study Data Tabulation Model Version,C156605,C49691
C156605,Study Data Tabulation Model Version,C156605,C83447
C156605,Study Data Tabulation Model Version,C156605,C117458
C15320,Study Design,C15320,
C224898,Study Participation Disposition,C224898,C82517
C224898,Study Participation Disposition,C224898,C25692
C224898,Study Participation Disposition,C224898,C25638
C224898,Study Participation Disposition,C224898,C25372
C70834,Study Population Description,C70834,
C177924,Study Product Administration,C177924,C83039
C177924,Study Product Administration,C177924,C83091
C177924,Study Product Administration,C177924,C113358
C177924,Study Product Administration,C177924,C83288
C177924,Study Product Administration,C177924,C93566
C177924,Study Product Administration,C177924,C54215
C177924,Study Product Administration,C177924,C13717
C177924,Study Product Administration,C177924,C25185
C177924,Study Product Administration,C177924,C83277
C177924,Study Product Administration,C177924,C83043
C177924,Study Product Administration,C177924,C83111
C177924,Study Product Administration,C177924,C83035
C177924,Study Product Administration,C177924,C83279
C177924,Study Product Administration,C177924,C83121
C177924,Study Product Administration,C177924,C83282
C127801,Study Protocol Uniform Resource Locator,C127801,C49691
C127801,Study Protocol Uniform Resource Locator,C127801,C83445
C127801,Study Protocol Uniform Resource Locator,C127801,C83447
C127802,Study Protocol Uniform Resource Locator Description,C127802,C83447
C127802,Study Protocol Uniform Resource Locator Description,C127802,C83445
C127802,Study Protocol Uniform Resource Locator Description,C127802,C49691
C127798,Study Saved as XML Indicator,C127798,C49691
C127798,Study Saved as XML Indicator,C127798,C83445
C127798,Study Saved as XML Indicator,C127798,C83447
C127798,Study Saved as XML Indicator,C127798,C117461
C127798,Study Saved as XML Indicator,C127798,C117458
C127798,Study Saved as XML Indicator,C127798,C117460
C186208,Study Site Transfer,C186208,C82571
C186208,Study Site Transfer,C186208,C82977
C186208,Study Site Transfer,C186208,C25372
C186208,Study Site Transfer,C186208,C25692
C186208,Study Site Transfer,C186208,C82517
C69208,Study Start Date,C69208,C83445
C69208,Study Start Date,C69208,C83447
C69208,Study Start Date,C69208,C49691
C69208,Study Start Date,C69208,C117460
C171103,Study Status,C171103,
C49698,Study Stop Rule,C49698,C83445
C49698,Study Stop Rule,C49698,C83447
C49698,Study Stop Rule,C49698,C49691
C49695,Study Subject Group Characteristics,C49695,
C49632,Study Terminated By Sponsor [RETIRED],C49632,
C224899,Study Treatment Disposition,C224899,C82517
C224899,Study Treatment Disposition,C224899,C25692
C224899,Study Treatment Disposition,C224899,C25372
C224899,Study Treatment Disposition,C224899,C25638
C142175,Study Type,C142175,C117461
C142175,Study Type,C142175,C117460
C142175,Study Type,C142175,C83447
C142175,Study Type,C142175,C83445
C142175,Study Type,C142175,C49691
C142175,Study Type,C142175,C117458
C69260,Subject Age,C69260,C82515
C69260,Subject Age,C69260,C170981
C69260,Subject Age,C69260,C50400
C189360,Subject Currently Breastfeeding a Child Indicator,C189360,C82515
C189360,Subject Currently Breastfeeding a Child Indicator,C189360,C70856
C161410,Subject Removed at Sponsor Request [RETIRED],C161410,
C114209,Subject is Randomized,C114209,C82517
C114209,Subject is Randomized,C114209,C82977
C114209,Subject is Randomized,C114209,C25372
C114209,Subject is Randomized,C114209,C25692
C114209,Subject is Randomized,C114209,C82571
C98785,Subscapular Skinfold Thickness,C98785,C82515
C98785,Subscapular Skinfold Thickness,C98785,C70856
C98785,Subscapular Skinfold Thickness,C98785,C42578
C83430,Substance Use Status,C83430,
C219639,Substance Use Yes No Indicator,C219639,C219639
C219639,Substance Use Yes No Indicator,C219639,C82515
C126075,Substudy Details,C126075,C49691
C126075,Substudy Details,C126075,C83447
C126075,Substudy Details,C126075,C83445
C126076,Substudy Planned Indicator,C126076,C117458
C126076,Substudy Planned Indicator,C126076,C117460
C126076,Substudy Planned Indicator,C126076,C117461
C126076,Substudy Planned Indicator,C126076,C49691
C126076,Substudy Planned Indicator,C126076,C83445
C126076,Substudy Planned Indicator,C126076,C83447
C174284,Sudden Death Indicator,C174284,C70856
C174284,Sudden Death Indicator,C174284,C82515
C111320,Supraventricular Arrhythmia ECG Assessment,C111320,C25372
C111320,Supraventricular Arrhythmia ECG Assessment,C111320,C82515
C111320,Supraventricular Arrhythmia ECG Assessment,C111320,C70856
C111320,Supraventricular Arrhythmia ECG Assessment,C111320,C62164
C111320,Supraventricular Arrhythmia ECG Assessment,C111320,C82535
C111320,Supraventricular Arrhythmia ECG Assessment,C111320,C50282
C111320,Supraventricular Arrhythmia ECG Assessment,C111320,C51824
C111321,Supraventricular Tachyarrhythmia ECG Assessment,C111321,C70856
C111321,Supraventricular Tachyarrhythmia ECG Assessment,C111321,C51824
C111321,Supraventricular Tachyarrhythmia ECG Assessment,C111321,C82535
C111321,Supraventricular Tachyarrhythmia ECG Assessment,C111321,C82515
C111321,Supraventricular Tachyarrhythmia ECG Assessment,C111321,C50282
C111321,Supraventricular Tachyarrhythmia ECG Assessment,C111321,C62164
C111321,Supraventricular Tachyarrhythmia ECG Assessment,C111321,C25372
C179824,Surgical Damage Indicator,C179824,C70856
C179824,Surgical Damage Indicator,C179824,C54215
C179824,Surgical Damage Indicator,C179824,C82535
C179824,Surgical Damage Indicator,C179824,C25185
C179824,Surgical Damage Indicator,C179824,C13717
C179824,Surgical Damage Indicator,C179824,C82515
C123560,Surgical Margins Status,C123560,C25372
C123560,Surgical Margins Status,C123560,C70856
C123560,Surgical Margins Status,C123560,C54215
C123560,Surgical Margins Status,C123560,C70713
C123560,Surgical Margins Status,C123560,C82515
C123560,Surgical Margins Status,C123560,C171435
C123560,Surgical Margins Status,C123560,C51824
C123560,Surgical Margins Status,C123560,C25692
C123560,Surgical Margins Status,C123560,
C123560,Surgical Margins Status,C123560,
C123560,Surgical Margins Status,C123560,C25185
C15329,Surgical Procedure,C15329,C117529
C15329,Surgical Procedure,C15329,C117511
C15329,Surgical Procedure,C15329,C41184
C15329,Surgical Procedure,C15329,C13717
C15329,Surgical Procedure,C15329,C127786
C15329,Surgical Procedure,C15329,C171000
C15329,Surgical Procedure,C15329,C54215
C15329,Surgical Procedure,C15329,C117530
C15329,Surgical Procedure,C15329,C25185
C15329,Surgical Procedure,C15329,C25692
C15329,Surgical Procedure,C15329,C25372
C15329,Surgical Procedure,C15329,C117512
C127774,Swollen Indicator,C127774,C82515
C127774,Swollen Indicator,C127774,C70856
C127774,Swollen Indicator,C127774,C82535
C127774,Swollen Indicator,C127774,C13717
C127774,Swollen Indicator,C127774,C25185
C4876,Symptom,C4876,C82515
C4876,Symptom,C4876,C25372
C4876,Symptom,C4876,C70856
C119241,Symptom Indicator,C119241,
C25298,Systolic Blood Pressure,C25298,C82535
C25298,Systolic Blood Pressure,C25298,C82515
C25298,Systolic Blood Pressure,C25298,C25185
C25298,Systolic Blood Pressure,C25298,C13717
C25298,Systolic Blood Pressure,C25298,C62164
C25298,Systolic Blood Pressure,C25298,C70856
C25298,Systolic Blood Pressure,C25298,C49669
C172608,Systolic Blood Pressure-for-Age Percentile,C172608,C82515
C172608,Systolic Blood Pressure-for-Age Percentile,C172608,C70856
C172607,Systolic Blood Pressure-for-Height Percentile,C172607,C70856
C172607,Systolic Blood Pressure-for-Height Percentile,C172607,C82515
C122157,T-Lymphocyte Count,C122157,C70856
C122157,T-Lymphocyte Count,C122157,C67391
C122157,T-Lymphocyte Count,C122157,C70713
C122157,T-Lymphocyte Count,C122157,C82515
C122157,T-Lymphocyte Count,C122157,C93566
C120401,T-Score,C120401,
C82394,Tanner Scale,C82394,
C124703,Tanner Scale Boy Version,C124703,C82525
C124703,Tanner Scale Boy Version,C124703,C25372
C124703,Tanner Scale Boy Version,C124703,C82515
C124703,Tanner Scale Boy Version,C124703,C82556
C124704,Tanner Scale Girl Version,C124704,C82515
C124704,Tanner Scale Girl Version,C124704,C25372
C124704,Tanner Scale Girl Version,C124704,C82525
C124704,Tanner Scale Girl Version,C124704,C82556
C124716,Tanner Scale-Boy - Genitalia Stages,C124716,C82515
C124716,Tanner Scale-Boy - Genitalia Stages,C124716,C25372
C124716,Tanner Scale-Boy - Genitalia Stages,C124716,C91106
C124717,Tanner Scale-Boy - Pubic Hair Stages,C124717,C91106
C124717,Tanner Scale-Boy - Pubic Hair Stages,C124717,C82515
C124717,Tanner Scale-Boy - Pubic Hair Stages,C124717,C25372
C124689,Tanner Scale-Boy Clinical Classification Question,C124689,
C124718,Tanner Scale-Girl - Breast Stages,C124718,C91106
C124718,Tanner Scale-Girl - Breast Stages,C124718,C82515
C124718,Tanner Scale-Girl - Breast Stages,C124718,C25372
C124719,Tanner Scale-Girl - Pubic Hair Stages,C124719,C91106
C124719,Tanner Scale-Girl - Pubic Hair Stages,C124719,C82515
C124719,Tanner Scale-Girl - Pubic Hair Stages,C124719,C25372
C124690,Tanner Scale-Girl Clinical Classification Question,C124690,
C178053,Target Indicator,C178053,C82515
C178053,Target Indicator,C178053,C117043
C178053,Target Indicator,C178053,C51824
C178053,Target Indicator,C178053,C70856
C40978,Telephone Number,C40978,
C21514,Temporal Qualifier,C21514,
C127775,Tenderness Indicator,C127775,C70856
C127775,Tenderness Indicator,C127775,C25185
C127775,Tenderness Indicator,C127775,C82515
C127775,Tenderness Indicator,C127775,C13717
C176361,Term Pregnancy Category,C176361,C70856
C176361,Term Pregnancy Category,C176361,C82515
C82525,Test Occurrence,C82525,C82515
C82525,Test Occurrence,C82525,C82525
C49703,Test Product Added to Existing Treatment,C49703,C49691
C49703,Test Product Added to Existing Treatment,C49703,C83445
C49703,Test Product Added to Existing Treatment,C49703,C117460
C49703,Test Product Added to Existing Treatment,C49703,C117461
C49703,Test Product Added to Existing Treatment,C49703,C83447
C49703,Test Product Added to Existing Treatment,C49703,C117458
C158280,Thawed Specimen,C158280,C25692
C158280,Thawed Specimen,C158280,C25372
C158280,Thawed Specimen,C158280,C82977
C158280,Thawed Specimen,C158280,C70713
C158280,Thawed Specimen,C158280,C82571
C158280,Thawed Specimen,C158280,C117052
C189361,Thelarche Age,C189361,C82515
C189361,Thelarche Age,C189361,C70856
C189361,Thelarche Age,C189361,C50400
C101302,Therapeutic Area,C101302,C49691
C101302,Therapeutic Area,C101302,C83445
C101302,Therapeutic Area,C101302,C83447
C49236,Therapeutic Procedure,C49236,
C41145,Thickness,C41145,C70856
C41145,Thickness,C41145,C82515
C41145,Thickness,C41145,C42578
C124426,Thoracic Gas Volume,C124426,C82515
C124426,Thoracic Gas Volume,C124426,C70856
C124426,Thoracic Gas Volume,C124426,C44279
C64813,Thyrotropin Measurement,C64813,C93566
C64813,Thyrotropin Measurement,C64813,C82515
C64813,Thyrotropin Measurement,C64813,C70713
C64813,Thyrotropin Measurement,C64813,C67365
C64813,Thyrotropin Measurement,C64813,C70856
C191365,Tibial Length,C191365,C82515
C191365,Tibial Length,C191365,C42578
C191365,Tibial Length,C191365,C70856
C111324,Tidal Volume,C111324,C44279
C111324,Tidal Volume,C111324,C70856
C111324,Tidal Volume,C111324,C82515
C17201,Tissue Culture,C17201,C70713
C17201,Tissue Culture,C17201,C117052
C17201,Tissue Culture,C17201,C25692
C17201,Tissue Culture,C17201,C25372
C17201,Tissue Culture,C17201,C82571
C17201,Tissue Culture,C17201,C82977
C139260,Tissue Elastance,C139260,C82515
C139260,Tissue Elastance,C139260,C67333
C139260,Tissue Elastance,C139260,C70856
C139261,Tissue Hysteresivity Measurement,C139261,C70856
C139261,Tissue Hysteresivity Measurement,C139261,C82515
C42774,Title,C42774,
C38093,Tomography,C38093,
C38037,Total Bilirubin Measurement,C38037,C70856
C38037,Total Bilirubin Measurement,C38037,C93566
C38037,Total Bilirubin Measurement,C38037,C48207
C38037,Total Bilirubin Measurement,C38037,C70713
C38037,Total Bilirubin Measurement,C38037,C82515
C139218,Total Body Fat to Total Body Mass Ratio Measurement,C139218,C82535
C139218,Total Body Fat to Total Body Mass Ratio Measurement,C139218,C48570
C139218,Total Body Fat to Total Body Mass Ratio Measurement,C139218,C82515
C139218,Total Body Fat to Total Body Mass Ratio Measurement,C139218,C70856
C81298,Total Body Length,C81298,C70856
C81298,Total Body Length,C81298,C42578
C81298,Total Body Length,C81298,C82515
C104622,Total Body Water Measurement,C104622,C70856
C104622,Total Body Water Measurement,C104622,C44279
C104622,Total Body Water Measurement,C104622,C82515
C111325,Total Lung Capacity,C111325,C44279
C111325,Total Lung Capacity,C111325,C82515
C111325,Total Lung Capacity,C111325,C70856
C127787,Total Number,C127787,
C181525,Total Number of Sexual Partners,C181525,C70856
C181525,Total Number of Sexual Partners,C181525,C82515
C64858,Total Protein Measurement,C64858,C70856
C64858,Total Protein Measurement,C64858,C93566
C64858,Total Protein Measurement,C64858,C48207
C64858,Total Protein Measurement,C64858,C70713
C64858,Total Protein Measurement,C64858,C82515
C122185,Total Respiratory System Resistance,C122185,C70856
C122185,Total Respiratory System Resistance,C122185,C82515
C122185,Total Respiratory System Resistance,C122185,C67332
C17208,Transcription,C17208,C164811
C17208,Transcription,C17208,C70713
C17208,Transcription,C17208,C82535
C17208,Transcription,C17208,C117039
C17208,Transcription,C17208,C82515
C17208,Transcription,C17208,C43568
C17208,Transcription,C17208,C204092
C17208,Transcription,C17208,C164716
C17208,Transcription,C17208,C25709
C17208,Transcription,C17208,C164815
C17208,Transcription,C17208,C93423
C17208,Transcription,C17208,C70856
C17208,Transcription,C17208,C25372
C17208,Transcription,C17208,C117062
C17208,Transcription,C17208,C117060
C28614,Transcription Process,C28614,
C15697,Treatment Regimen,C15697,
C132388,Treponema pallidum Antibody Measurement,C132388,C70856
C132388,Treponema pallidum Antibody Measurement,C132388,C82535
C132388,Treponema pallidum Antibody Measurement,C132388,C70713
C132388,Treponema pallidum Antibody Measurement,C132388,C117062
C132388,Treponema pallidum Antibody Measurement,C132388,C82515
C198341,Treponema pallidum DNA Measurement,C198341,C117062
C198341,Treponema pallidum DNA Measurement,C198341,C70856
C198341,Treponema pallidum DNA Measurement,C198341,C82535
C198341,Treponema pallidum DNA Measurement,C198341,C82515
C198341,Treponema pallidum DNA Measurement,C198341,C70713
C184647,Treponema pallidum Measurement,C184647,C82535
C184647,Treponema pallidum Measurement,C184647,C70713
C184647,Treponema pallidum Measurement,C184647,C117062
C184647,Treponema pallidum Measurement,C184647,C70856
C184647,Treponema pallidum Measurement,C184647,C82515
C49658,Trial Blinding Schema,C49658,C83447
C49658,Trial Blinding Schema,C49658,C117460
C49658,Trial Blinding Schema,C49658,C117458
C49658,Trial Blinding Schema,C49658,C117461
C49658,Trial Blinding Schema,C49658,C83445
C49658,Trial Blinding Schema,C49658,C49691
C127793,Trial Expanded Access Status,C127793,C117460
C127793,Trial Expanded Access Status,C127793,C83445
C127793,Trial Expanded Access Status,C127793,C49691
C127793,Trial Expanded Access Status,C127793,C83447
C163559,Trial Exploratory Objective,C163559,C83447
C163559,Trial Exploratory Objective,C163559,C83445
C163559,Trial Exploratory Objective,C163559,C49691
C112038,Trial Indication,C112038,C83445
C112038,Trial Indication,C112038,C83447
C112038,Trial Indication,C112038,C117458
C112038,Trial Indication,C112038,C117460
C112038,Trial Indication,C112038,C117461
C112038,Trial Indication,C112038,C49691
C49697,Trial Length,C49697,C49691
C49697,Trial Length,C49697,C117460
C49697,Trial Length,C49697,C83447
C49697,Trial Length,C49697,C83445
C48281,Trial Phase,C48281,C117458
C48281,Trial Phase,C48281,C83445
C48281,Trial Phase,C48281,C49691
C48281,Trial Phase,C48281,C117460
C48281,Trial Phase,C48281,C83447
C48281,Trial Phase,C48281,C117461
C85826,Trial Primary Objective,C85826,C83447
C85826,Trial Primary Objective,C85826,C49691
C85826,Trial Primary Objective,C85826,C83445
C49628,Trial Screen Failure [RETIRED],C49628,
C85827,Trial Secondary Objective,C85827,C83445
C85827,Trial Secondary Objective,C85827,C83447
C85827,Trial Secondary Objective,C85827,C49691
C106576,Trial Site Terminated by Sponsor [RETIRED],C106576,
C49802,Trial Title,C49802,C83445
C49802,Trial Title,C49802,C83447
C49802,Trial Title,C49802,C49691
C49660,Trial Type,C49660,C117458
C49660,Trial Type,C49660,C117460
C49660,Trial Type,C49660,C49691
C49660,Trial Type,C49660,C83445
C49660,Trial Type,C49660,C117461
C49660,Trial Type,C49660,C83447
C205754,Tribal Affiliation,C205754,C70856
C205754,Tribal Affiliation,C205754,C25372
C205754,Tribal Affiliation,C205754,C82515
C98793,Triceps Skinfold Thickness,C98793,C42578
C98793,Triceps Skinfold Thickness,C98793,C70856
C98793,Triceps Skinfold Thickness,C98793,C82515
C64812,Triglyceride Measurement,C64812,C93566
C64812,Triglyceride Measurement,C64812,C48207
C64812,Triglyceride Measurement,C64812,C70713
C64812,Triglyceride Measurement,C64812,C70856
C64812,Triglyceride Measurement,C64812,C82515
C74747,Triiodothyronine Measurement,C74747,C70856
C74747,Triiodothyronine Measurement,C74747,C82515
C74747,Triiodothyronine Measurement,C74747,C70713
C74747,Triiodothyronine Measurement,C74747,C48207
C74747,Triiodothyronine Measurement,C74747,C93566
C74748,Triiodothyronine Uptake Measurement,C74748,C82515
C74748,Triiodothyronine Uptake Measurement,C74748,C70856
C74748,Triiodothyronine Uptake Measurement,C74748,C93566
C74748,Triiodothyronine Uptake Measurement,C74748,C70713
C74748,Triiodothyronine Uptake Measurement,C74748,C48570
C71428,Triple-Negative Breast Cancer Finding,C71428,C171435
C71428,Triple-Negative Breast Cancer Finding,C71428,C82515
C71428,Triple-Negative Breast Cancer Finding,C71428,C70856
C71428,Triple-Negative Breast Cancer Finding,C71428,C117062
C71428,Triple-Negative Breast Cancer Finding,C71428,C70713
C71428,Triple-Negative Breast Cancer Finding,C71428,C25372
C71428,Triple-Negative Breast Cancer Finding,C71428,C25692
C74749,Troponin I Measurement,C74749,C70713
C74749,Troponin I Measurement,C74749,C64571
C74749,Troponin I Measurement,C74749,C93566
C74749,Troponin I Measurement,C74749,C82515
C74749,Troponin I Measurement,C74749,C70856
C111327,Troponin Measurement,C111327,
C90479,Tumor Examination,C90479,
C96642,Tumor Fragmentation,C96642,C70856
C96642,Tumor Fragmentation,C96642,C117043
C96642,Tumor Fragmentation,C96642,C117442
C96642,Tumor Fragmentation,C96642,C117436
C96642,Tumor Fragmentation,C96642,C54215
C96642,Tumor Fragmentation,C96642,C25185
C96642,Tumor Fragmentation,C96642,C51824
C96642,Tumor Fragmentation,C96642,C82515
C96642,Tumor Fragmentation,C96642,C82535
C96642,Tumor Fragmentation,C96642,C170500
C225438,Tumor Fragmentation Assessment,C225438,C117043
C225438,Tumor Fragmentation Assessment,C225438,C82515
C225438,Tumor Fragmentation Assessment,C225438,C54215
C225438,Tumor Fragmentation Assessment,C225438,C117442
C225438,Tumor Fragmentation Assessment,C225438,C51824
C225438,Tumor Fragmentation Assessment,C225438,C117436
C225438,Tumor Fragmentation Assessment,C225438,C82535
C225438,Tumor Fragmentation Assessment,C225438,C170500
C225438,Tumor Fragmentation Assessment,C225438,C25185
C225438,Tumor Fragmentation Assessment,C225438,C70856
C94523,Tumor Identification,C94523,C51824
C94523,Tumor Identification,C94523,C54215
C94523,Tumor Identification,C94523,C170500
C94523,Tumor Identification,C94523,C117442
C94523,Tumor Identification,C94523,C82535
C94523,Tumor Identification,C94523,C82515
C94523,Tumor Identification,C94523,C117043
C94523,Tumor Identification,C94523,C70856
C94523,Tumor Identification,C94523,C25185
C94523,Tumor Identification,C94523,C117436
C181335,Tumor Mutation Burden Assessment,C181335,C70713
C181335,Tumor Mutation Burden Assessment,C181335,C70856
C181335,Tumor Mutation Burden Assessment,C181335,C93423
C181335,Tumor Mutation Burden Assessment,C181335,C25709
C181335,Tumor Mutation Burden Assessment,C181335,C164815
C181335,Tumor Mutation Burden Assessment,C181335,C25372
C181335,Tumor Mutation Burden Assessment,C181335,C82535
C181335,Tumor Mutation Burden Assessment,C181335,C117039
C181335,Tumor Mutation Burden Assessment,C181335,C82515
C181335,Tumor Mutation Burden Assessment,C181335,C117062
C181335,Tumor Mutation Burden Assessment,C181335,C117060
C106303,Tumor Size Measurement,C106303,C25372
C106303,Tumor Size Measurement,C106303,C70713
C106303,Tumor Size Measurement,C106303,C82515
C106303,Tumor Size Measurement,C106303,C25692
C106303,Tumor Size Measurement,C106303,C70856
C106303,Tumor Size Measurement,C106303,C42578
C106303,Tumor Size Measurement,C106303,C171435
C106303,Tumor Size Measurement,C106303,C13717
C96643,Tumor Status,C96643,C51824
C96643,Tumor Status,C96643,C117043
C96643,Tumor Status,C96643,C82515
C96643,Tumor Status,C96643,C117411
C96643,Tumor Status,C96643,C70856
C96643,Tumor Status,C96643,C117419
C96643,Tumor Status,C96643,C82535
C96643,Tumor Status,C96643,C117412
C96643,Tumor Status,C96643,C117413
C112424,Twin Type,C112424,C82515
C112424,Twin Type,C112424,C25372
C112424,Twin Type,C112424,C70856
C25284,Type,C25284,
C102723,Type of Contagion Contact,C102723,C70856
C102723,Type of Contagion Contact,C102723,C82515
C102723,Type of Contagion Contact,C102723,C25372
C204581,US FDA Tobacco Product Applicant,C204581,C83447
C204581,US FDA Tobacco Product Applicant,C204581,C83445
C204581,US FDA Tobacco Product Applicant,C204581,C117460
C204581,US FDA Tobacco Product Applicant,C204581,C49691
C204581,US FDA Tobacco Product Applicant,C204581,C117458
C154881,Ulcer Indicator,C154881,C25185
C154881,Ulcer Indicator,C154881,C70856
C154881,Ulcer Indicator,C154881,C82515
C154881,Ulcer Indicator,C154881,C13717
C174376,Ulnar Length,C174376,C42578
C174376,Ulnar Length,C174376,C70856
C174376,Ulnar Length,C174376,C82515
C17230,Ultrasound Imaging,C17230,C25692
C17230,Ultrasound Imaging,C17230,C117512
C17230,Ultrasound Imaging,C17230,C117529
C17230,Ultrasound Imaging,C17230,C25185
C17230,Ultrasound Imaging,C17230,C127786
C17230,Ultrasound Imaging,C17230,C25372
C17230,Ultrasound Imaging,C17230,C54215
C17230,Ultrasound Imaging,C17230,C117511
C17230,Ultrasound Imaging,C17230,C117530
C17230,Ultrasound Imaging,C17230,C171000
C17230,Ultrasound Imaging,C17230,C13717
C142742,Unblinding,C142742,C82571
C142742,Unblinding,C142742,C82977
C142742,Unblinding,C142742,C25372
C142742,Unblinding,C142742,C82517
C142742,Unblinding,C142742,C25692
C209694,Unhoused Indicator,C209694,C70856
C209694,Unhoused Indicator,C209694,C25372
C209694,Unhoused Indicator,C209694,C82515
C42743,Uniform Resource Locator,C42743,
C70663,Unique Identifier,C70663,
C179176,Unsolicited Adverse Event,C179176,C83201
C179176,Unsolicited Adverse Event,C179176,C83215
C179176,Unsolicited Adverse Event,C179176,C83053
C179176,Unsolicited Adverse Event,C179176,C83214
C179176,Unsolicited Adverse Event,C179176,C84266
C179176,Unsolicited Adverse Event,C179176,C83052
C179176,Unsolicited Adverse Event,C179176,C48275
C179176,Unsolicited Adverse Event,C179176,C113380
C179176,Unsolicited Adverse Event,C179176,C83117
C179176,Unsolicited Adverse Event,C179176,C83211
C179176,Unsolicited Adverse Event,C179176,C83013
C179176,Unsolicited Adverse Event,C179176,C83210
C179176,Unsolicited Adverse Event,C179176,C41358
C179176,Unsolicited Adverse Event,C179176,C83109
C179176,Unsolicited Adverse Event,C179176,C78605
C179176,Unsolicited Adverse Event,C179176,C53252
C179176,Unsolicited Adverse Event,C179176,C53253
C179176,Unsolicited Adverse Event,C179176,C83205
C179176,Unsolicited Adverse Event,C179176,C83212
C179176,Unsolicited Adverse Event,C179176,C83198
C179176,Unsolicited Adverse Event,C179176,C83344
C179176,Unsolicited Adverse Event,C179176,C78541
C179176,Unsolicited Adverse Event,C179176,C49489
C179176,Unsolicited Adverse Event,C179176,C83208
C179176,Unsolicited Adverse Event,C179176,C83199
C64814,Urate Measurement,C64814,C70856
C64814,Urate Measurement,C64814,C82515
C64814,Urate Measurement,C64814,C70713
C64814,Urate Measurement,C64814,C48207
C64814,Urate Measurement,C64814,C93566
C125949,Urea Nitrogen Measurement,C125949,C93566
C125949,Urea Nitrogen Measurement,C125949,C70856
C125949,Urea Nitrogen Measurement,C125949,C48207
C125949,Urea Nitrogen Measurement,C125949,C70713
C125949,Urea Nitrogen Measurement,C125949,C82515
C17241,Urinalysis,C17241,
C198401,Urinary System Examination,C198401,C13717
C198401,Urinary System Examination,C198401,C25185
C198401,Urinary System Examination,C198401,C82515
C198401,Urinary System Examination,C198401,C70856
C198401,Urinary System Examination,C198401,C82535
C147905,Urine Dipstick Test,C147905,
C74760,Urine Protein Measurement,C74760,
C64816,Urobilinogen Measurement,C64816,C70856
C64816,Urobilinogen Measurement,C64816,C48207
C64816,Urobilinogen Measurement,C64816,C70713
C64816,Urobilinogen Measurement,C64816,C82515
C64816,Urobilinogen Measurement,C64816,C93566
C176359,Vaginal Bleeding and/or Spotting Frequency Description,C176359,C70856
C176359,Vaginal Bleeding and/or Spotting Frequency Description,C176359,C82515
C189440,Variable Number Tandem Repeats Assessment,C189440,C70713
C189440,Variable Number Tandem Repeats Assessment,C189440,C117039
C189440,Variable Number Tandem Repeats Assessment,C189440,C164815
C189440,Variable Number Tandem Repeats Assessment,C189440,C82515
C189440,Variable Number Tandem Repeats Assessment,C189440,C82535
C189440,Variable Number Tandem Repeats Assessment,C189440,C204092
C189440,Variable Number Tandem Repeats Assessment,C189440,C164716
C189440,Variable Number Tandem Repeats Assessment,C189440,C164528
C189440,Variable Number Tandem Repeats Assessment,C189440,C164533
C189440,Variable Number Tandem Repeats Assessment,C189440,C164811
C189440,Variable Number Tandem Repeats Assessment,C189440,C164813
C189440,Variable Number Tandem Repeats Assessment,C189440,C43568
C189440,Variable Number Tandem Repeats Assessment,C189440,C117062
C189440,Variable Number Tandem Repeats Assessment,C189440,C25372
C189440,Variable Number Tandem Repeats Assessment,C189440,C70856
C189440,Variable Number Tandem Repeats Assessment,C189440,C93423
C189440,Variable Number Tandem Repeats Assessment,C189440,C204091
C189440,Variable Number Tandem Repeats Assessment,C189440,C204090
C189441,Variant Profile Assessment,C189441,C43568
C189441,Variant Profile Assessment,C189441,C25372
C189441,Variant Profile Assessment,C189441,C70856
C189441,Variant Profile Assessment,C189441,C117060
C189441,Variant Profile Assessment,C189441,C117062
C189441,Variant Profile Assessment,C189441,C82515
C189441,Variant Profile Assessment,C189441,C117039
C189441,Variant Profile Assessment,C189441,C82535
C189441,Variant Profile Assessment,C189441,C70713
C189441,Variant Profile Assessment,C189441,C204090
C189441,Variant Profile Assessment,C189441,C204092
C123909,Ventilatory Threshold,C123909,
C111330,Ventricular Arrhythmia ECG Assessment,C111330,C82535
C111330,Ventricular Arrhythmia ECG Assessment,C111330,C51824
C111330,Ventricular Arrhythmia ECG Assessment,C111330,C50282
C111330,Ventricular Arrhythmia ECG Assessment,C111330,C25372
C111330,Ventricular Arrhythmia ECG Assessment,C111330,C62164
C111330,Ventricular Arrhythmia ECG Assessment,C111330,C82515
C111330,Ventricular Arrhythmia ECG Assessment,C111330,C70856
C111331,Ventricular Tachyarrhythmia ECG Assessment,C111331,C62164
C111331,Ventricular Tachyarrhythmia ECG Assessment,C111331,C82535
C111331,Ventricular Tachyarrhythmia ECG Assessment,C111331,C51824
C111331,Ventricular Tachyarrhythmia ECG Assessment,C111331,C50282
C111331,Ventricular Tachyarrhythmia ECG Assessment,C111331,C82515
C111331,Ventricular Tachyarrhythmia ECG Assessment,C111331,C25372
C111331,Ventricular Tachyarrhythmia ECG Assessment,C111331,C70856
C25714,Version,C25714,
C105589,Very Low Density Lipoprotein Cholesterol Measurement,C105589,C48207
C105589,Very Low Density Lipoprotein Cholesterol Measurement,C105589,C70713
C105589,Very Low Density Lipoprotein Cholesterol Measurement,C105589,C82515
C105589,Very Low Density Lipoprotein Cholesterol Measurement,C105589,C93566
C105589,Very Low Density Lipoprotein Cholesterol Measurement,C105589,C70856
C176364,Village of Permanent Address,C176364,C25372
C176364,Village of Permanent Address,C176364,C82515
C176364,Village of Permanent Address,C176364,C70856
C210012,Virus-Based Immunology Test,C210012,
C49672,Vital Signs Measurement,C49672,
C64817,Vitamin B12 Measurement,C64817,C70856
C64817,Vitamin B12 Measurement,C64817,C93566
C64817,Vitamin B12 Measurement,C64817,C48207
C64817,Vitamin B12 Measurement,C64817,C70713
C64817,Vitamin B12 Measurement,C64817,C82515
C74803,Vitamin Measurement,C74803,
C25335,Volume,C25335,
C74720,Volume Measurement,C74720,
C100948,Waist Circumference,C100948,C70856
C100948,Waist Circumference,C100948,C42578
C100948,Waist Circumference,C100948,C13717
C100948,Waist Circumference,C100948,C82515
C181552,Waist to Heel Length,C181552,C70856
C181552,Waist to Heel Length,C181552,C42578
C181552,Waist to Heel Length,C181552,C82515
C17651,Waist-Hip Ratio,C17651,C82515
C17651,Waist-Hip Ratio,C17651,C48570
C17651,Waist-Hip Ratio,C17651,C70856
C25208,Weight,C25208,
C163569,Weight-for-Age Percentile,C163569,C70856
C163569,Weight-for-Age Percentile,C163569,C82515
C163570,Weight-for-Height Percentile,C163570,C70856
C163570,Weight-for-Height Percentile,C163570,C82515
C130186,Wheal Diameter Interpretation,C130186,C82535
C130186,Wheal Diameter Interpretation,C130186,C70856
C130186,Wheal Diameter Interpretation,C130186,C25185
C130186,Wheal Diameter Interpretation,C130186,C13717
C130186,Wheal Diameter Interpretation,C130186,C82546
C130186,Wheal Diameter Interpretation,C130186,C82515
C112427,Wheal Longest Diameter,C112427,C70856
C112427,Wheal Longest Diameter,C112427,C82546
C112427,Wheal Longest Diameter,C112427,C82535
C112427,Wheal Longest Diameter,C112427,C82515
C112427,Wheal Longest Diameter,C112427,C42578
C112427,Wheal Longest Diameter,C112427,C25185
C112427,Wheal Longest Diameter,C112427,C13717
C112428,Wheal Mean Diameter,C112428,C42578
C112428,Wheal Mean Diameter,C112428,C70856
C112428,Wheal Mean Diameter,C112428,C13717
C112428,Wheal Mean Diameter,C112428,C25185
C112428,Wheal Mean Diameter,C112428,C82535
C112428,Wheal Mean Diameter,C112428,C82515
C112428,Wheal Mean Diameter,C112428,C82546
C112429,Wheal Size Measurement,C112429,C82515
C112429,Wheal Size Measurement,C112429,C82535
C112429,Wheal Size Measurement,C112429,C25185
C112429,Wheal Size Measurement,C112429,C13717
C112429,Wheal Size Measurement,C112429,C70856
C112429,Wheal Size Measurement,C112429,C82546
C49634,Withdrawal by Subject [RETIRED],C49634,
C170610,Withdrawal of Consent From Protocol-Specified Activity,C170610,C25372
C170610,Withdrawal of Consent From Protocol-Specified Activity,C170610,C82571
C170610,Withdrawal of Consent From Protocol-Specified Activity,C170610,C25692
C170610,Withdrawal of Consent From Protocol-Specified Activity,C170610,C82517
C170610,Withdrawal of Consent From Protocol-Specified Activity,C170610,C82977
C38101,X-Ray Imaging,C38101,C117512
C38101,X-Ray Imaging,C38101,C117529
C38101,X-Ray Imaging,C38101,C171000
C38101,X-Ray Imaging,C38101,C117530
C38101,X-Ray Imaging,C38101,C127786
C38101,X-Ray Imaging,C38101,C117511
C38101,X-Ray Imaging,C38101,C13717
C38101,X-Ray Imaging,C38101,C25372
C38101,X-Ray Imaging,C38101,C25185
C38101,X-Ray Imaging,C38101,C54215
C38101,X-Ray Imaging,C38101,C25692
C68741,Z-Score,C68741,
C45997,pH,C45997,C93566
C45997,pH,C45997,C82515
C45997,pH,C45997,C70856
C45997,pH,C45997,C70713
