"package_date","short_name","bc_id","ncit_code","parent_bc_id","bc_categories","synonyms","result_scales","definition","system","system_name","code","dec_id","ncit_dec_code","dec_label","data_type","example_set"
"2025-11-18","6MWT - Distance at 6 Minutes","C115805","C115805","C115409","QRS;Functional Assessment;6 Minute Walk Functional Test;SIX MINUTE WALK;SIXMW1;6MWT;6MWT Functional Test Question","SIXMW106;SIXMW1-Distance at 6 Minutes","Quantitative","6 Minute Walk Test (6MWT) Distance at 6 minutes.","http://loinc.org/","LOINC","64098-7","C82515","C82515","Collection Date Time","datetime",""
"2025-11-18","6MWT - Distance at 6 Minutes","C115805","C115805","C115409","QRS;Functional Assessment;6 Minute Walk Functional Test;SIX MINUTE WALK;SIXMW1;6MWT;6MWT Functional Test Question","SIXMW106;SIXMW1-Distance at 6 Minutes","Quantitative","6 Minute Walk Test (6MWT) Distance at 6 minutes.","http://loinc.org/","LOINC","64098-7","C25372","C25372","Category","string","SIX MINUTE WALK"
"2025-11-18","6MWT - Distance at 6 Minutes","C115805","C115805","C115409","QRS;Functional Assessment;6 Minute Walk Functional Test;SIX MINUTE WALK;SIXMW1;6MWT;6MWT Functional Test Question","SIXMW106;SIXMW1-Distance at 6 Minutes","Quantitative","6 Minute Walk Test (6MWT) Distance at 6 minutes.","http://loinc.org/","LOINC","64098-7","C93300","C93300","Assistive Device","string","cane"
"2025-11-18","6MWT - Distance at 6 Minutes","C115805","C115805","C115409","QRS;Functional Assessment;6 Minute Walk Functional Test;SIX MINUTE WALK;SIXMW1;6MWT;6MWT Functional Test Question","SIXMW106;SIXMW1-Distance at 6 Minutes","Quantitative","6 Minute Walk Test (6MWT) Distance at 6 minutes.","http://loinc.org/","LOINC","64098-7","C42578","C42578","Unit of Length","string","meter"
"2025-11-18","6MWT - Distance at 6 Minutes","C115805","C115805","C115409","QRS;Functional Assessment;6 Minute Walk Functional Test;SIX MINUTE WALK;SIXMW1;6MWT;6MWT Functional Test Question","SIXMW106;SIXMW1-Distance at 6 Minutes","Quantitative","6 Minute Walk Test (6MWT) Distance at 6 minutes.","http://loinc.org/","LOINC","64098-7","C91106","C91106","Clinical or Research Assessment Answer","integer",""
"2025-11-18","APACHE II - Total APACHE II Score","C121113","C121113","C120994","QRS;Clinical or Research Assessment Classification;Acute Physiology and Chronic Health Evaluation II Clinical Classification;APACHE II;APCH1;APACHE II Clinical Classification Question","APCH1-Total APACHE II Score;APCH116","Ordinal","Acute Physiology and Chronic Health Evaluation II (APACHE II) Total APACHE II score.","http://loinc.org/","LOINC","9264-3","C82515","C82515","Collection Date Time","datetime",""
"2025-11-18","APACHE II - Total APACHE II Score","C121113","C121113","C120994","QRS;Clinical or Research Assessment Classification;Acute Physiology and Chronic Health Evaluation II Clinical Classification;APACHE II;APCH1;APACHE II Clinical Classification Question","APCH1-Total APACHE II Score;APCH116","Ordinal","Acute Physiology and Chronic Health Evaluation II (APACHE II) Total APACHE II score.","http://loinc.org/","LOINC","9264-3","C91106","C91106","Clinical or Research Assessment Answer","integer",""
"2025-11-18","APACHE II - Total APACHE II Score","C121113","C121113","C120994","QRS;Clinical or Research Assessment Classification;Acute Physiology and Chronic Health Evaluation II Clinical Classification;APACHE II;APCH1;APACHE II Clinical Classification Question","APCH1-Total APACHE II Score;APCH116","Ordinal","Acute Physiology and Chronic Health Evaluation II (APACHE II) Total APACHE II score.","http://loinc.org/","LOINC","9264-3","C46126","C46126","Ordinal Position","integer","0;1;2;3;4;5;6;7;8;9;10;11;12;13;14;15;16;17;18;19;20;21;22;23;24;25;26;27;28;29;30;31;32;33;34;35;36;37;38;39;40;41;42;43;44;45;46;47;48;49;50;51;52;53;54;55;56;57;58;59;60;61;62;63;64;65;66;67;68;69;70"
"2025-11-18","APACHE II - Total APACHE II Score","C121113","C121113","C120994","QRS;Clinical or Research Assessment Classification;Acute Physiology and Chronic Health Evaluation II Clinical Classification;APACHE II;APCH1;APACHE II Clinical Classification Question","APCH1-Total APACHE II Score;APCH116","Ordinal","Acute Physiology and Chronic Health Evaluation II (APACHE II) Total APACHE II score.","http://loinc.org/","LOINC","9264-3","C25372","C25372","Category","string","APACHE II"
"2026-03-31","Abdominal Skinfold Thickness","C103346","C103346","C77537","Vital Signs;Body Measurements","ABSKNF","Quantitative","A measurement for determining the subcutaneous fat layer thickness whereby a pinch of skin approximately five centimeters to the right of the umbilicus is measured using calipers.","http://loinc.org/","LOINC","8355-0","C70856","C70856","Observation Result","decimal",""
"2026-03-31","Abdominal Skinfold Thickness","C103346","C103346","C77537","Vital Signs;Body Measurements","ABSKNF","Quantitative","A measurement for determining the subcutaneous fat layer thickness whereby a pinch of skin approximately five centimeters to the right of the umbilicus is measured using calipers.","http://loinc.org/","LOINC","8355-0","C82515","C82515","Collection Date Time","datetime",""
"2026-03-31","Abdominal Skinfold Thickness","C103346","C103346","C77537","Vital Signs;Body Measurements","ABSKNF","Quantitative","A measurement for determining the subcutaneous fat layer thickness whereby a pinch of skin approximately five centimeters to the right of the umbilicus is measured using calipers.","http://loinc.org/","LOINC","8355-0","C42578","C42578","Unit of Length","string","mm"
"2025-11-18","Aggregate PR Interval","C117773","C117773","C62085","Electrocardiogram Findings;Electrocardiogram Measurements;ECG Measurements","PR Interval Aggregate;PQ Interval Aggregate;PRAG;PQAG","Quantitative","An aggregate PR value based on the measurement of PR intervals from multiple beats within a single ECG. The method of aggregation, which can vary, is typically a measure of central tendency such as the mean. (CDISC)","http://loinc.org/","LOINC","8625-6","C62164","C62164","Body Position","string","Supine;Sitting"
"2025-11-18","Aggregate PR Interval","C117773","C117773","C62085","Electrocardiogram Findings;Electrocardiogram Measurements;ECG Measurements","PR Interval Aggregate;PQ Interval Aggregate;PRAG;PQAG","Quantitative","An aggregate PR value based on the measurement of PR intervals from multiple beats within a single ECG. The method of aggregation, which can vary, is typically a measure of central tendency such as the mean. (CDISC)","http://loinc.org/","LOINC","8625-6","C25330","C25330","Duration","integer",""
"2025-11-18","Aggregate PR Interval","C117773","C117773","C62085","Electrocardiogram Findings;Electrocardiogram Measurements;ECG Measurements","PR Interval Aggregate;PQ Interval Aggregate;PRAG;PQAG","Quantitative","An aggregate PR value based on the measurement of PR intervals from multiple beats within a single ECG. The method of aggregation, which can vary, is typically a measure of central tendency such as the mean. (CDISC)","http://loinc.org/","LOINC","8625-6","C82535","C82535","Test Method","string","12 Lead Standard;12 Lead Continuous ECG;10 Lead Standard;6 Lead Standard"
"2025-11-18","Aggregate PR Interval","C117773","C117773","C62085","Electrocardiogram Findings;Electrocardiogram Measurements;ECG Measurements","PR Interval Aggregate;PQ Interval Aggregate;PRAG;PQAG","Quantitative","An aggregate PR value based on the measurement of PR intervals from multiple beats within a single ECG. The method of aggregation, which can vary, is typically a measure of central tendency such as the mean. (CDISC)","http://loinc.org/","LOINC","8625-6","C51824","C51824","Evaluator","string","Investigator;Vendor;Adjudication Committee"
"2025-11-18","Aggregate PR Interval","C117773","C117773","C62085","Electrocardiogram Findings;Electrocardiogram Measurements;ECG Measurements","PR Interval Aggregate;PQ Interval Aggregate;PRAG;PQAG","Quantitative","An aggregate PR value based on the measurement of PR intervals from multiple beats within a single ECG. The method of aggregation, which can vary, is typically a measure of central tendency such as the mean. (CDISC)","http://loinc.org/","LOINC","8625-6","C50282","C50282","Lead Device","string","Lead 1;Lead 2"
"2025-11-18","Aggregate PR Interval","C117773","C117773","C62085","Electrocardiogram Findings;Electrocardiogram Measurements;ECG Measurements","PR Interval Aggregate;PQ Interval Aggregate;PRAG;PQAG","Quantitative","An aggregate PR value based on the measurement of PR intervals from multiple beats within a single ECG. The method of aggregation, which can vary, is typically a measure of central tendency such as the mean. (CDISC)","http://loinc.org/","LOINC","8625-6","C25372","C25372","Category","string","Interval"
"2025-11-18","Aggregate PR Interval","C117773","C117773","C62085","Electrocardiogram Findings;Electrocardiogram Measurements;ECG Measurements","PR Interval Aggregate;PQ Interval Aggregate;PRAG;PQAG","Quantitative","An aggregate PR value based on the measurement of PR intervals from multiple beats within a single ECG. The method of aggregation, which can vary, is typically a measure of central tendency such as the mean. (CDISC)","http://loinc.org/","LOINC","8625-6","C42574","C42574","Unit of Time","string","Milliseconds;Seconds"
"2025-11-18","Aggregate PR Interval","C117773","C117773","C62085","Electrocardiogram Findings;Electrocardiogram Measurements;ECG Measurements","PR Interval Aggregate;PQ Interval Aggregate;PRAG;PQAG","Quantitative","An aggregate PR value based on the measurement of PR intervals from multiple beats within a single ECG. The method of aggregation, which can vary, is typically a measure of central tendency such as the mean. (CDISC)","http://loinc.org/","LOINC","8625-6","C82515","C82515","Collection Date Time","datetime",""
"2025-11-18","Aggregate PR Interval","C117773","C117773","C62085","Electrocardiogram Findings;Electrocardiogram Measurements;ECG Measurements","PR Interval Aggregate;PQ Interval Aggregate;PRAG;PQAG","Quantitative","An aggregate PR value based on the measurement of PR intervals from multiple beats within a single ECG. The method of aggregation, which can vary, is typically a measure of central tendency such as the mean. (CDISC)","http://loinc.org/","LOINC","8625-6","C82516","C82516","Observation End Date Time","datetime",""
"2025-11-18","Aggregate QRS Duration","C117779","C117779","C62085","Electrocardiogram Findings;Electrocardiogram Measurements;ECG Measurements","QRS Aggregate Duration;QRSAG","Quantitative","An aggregate QRS value based on the measurement of QRS intervals from multiple beats within a single ECG. The method of aggregation, which can vary, is typically a measure of central tendency such as the mean. (CDISC)","http://loinc.org/","LOINC","8633-0","C50282","C50282","Lead Device","string","Lead 1;Lead 2"
"2025-11-18","Aggregate QRS Duration","C117779","C117779","C62085","Electrocardiogram Findings;Electrocardiogram Measurements;ECG Measurements","QRS Aggregate Duration;QRSAG","Quantitative","An aggregate QRS value based on the measurement of QRS intervals from multiple beats within a single ECG. The method of aggregation, which can vary, is typically a measure of central tendency such as the mean. (CDISC)","http://loinc.org/","LOINC","8633-0","C82516","C82516","Observation End Date Time","datetime",""
"2025-11-18","Aggregate QRS Duration","C117779","C117779","C62085","Electrocardiogram Findings;Electrocardiogram Measurements;ECG Measurements","QRS Aggregate Duration;QRSAG","Quantitative","An aggregate QRS value based on the measurement of QRS intervals from multiple beats within a single ECG. The method of aggregation, which can vary, is typically a measure of central tendency such as the mean. (CDISC)","http://loinc.org/","LOINC","8633-0","C42574","C42574","Unit of Time","string","Milliseconds;Seconds"
"2025-11-18","Aggregate QRS Duration","C117779","C117779","C62085","Electrocardiogram Findings;Electrocardiogram Measurements;ECG Measurements","QRS Aggregate Duration;QRSAG","Quantitative","An aggregate QRS value based on the measurement of QRS intervals from multiple beats within a single ECG. The method of aggregation, which can vary, is typically a measure of central tendency such as the mean. (CDISC)","http://loinc.org/","LOINC","8633-0","C82515","C82515","Collection Date Time","datetime",""
"2025-11-18","Aggregate QRS Duration","C117779","C117779","C62085","Electrocardiogram Findings;Electrocardiogram Measurements;ECG Measurements","QRS Aggregate Duration;QRSAG","Quantitative","An aggregate QRS value based on the measurement of QRS intervals from multiple beats within a single ECG. The method of aggregation, which can vary, is typically a measure of central tendency such as the mean. (CDISC)","http://loinc.org/","LOINC","8633-0","C62164","C62164","Body Position","string","Supine;Sitting"
"2025-11-18","Aggregate QRS Duration","C117779","C117779","C62085","Electrocardiogram Findings;Electrocardiogram Measurements;ECG Measurements","QRS Aggregate Duration;QRSAG","Quantitative","An aggregate QRS value based on the measurement of QRS intervals from multiple beats within a single ECG. The method of aggregation, which can vary, is typically a measure of central tendency such as the mean. (CDISC)","http://loinc.org/","LOINC","8633-0","C82535","C82535","Test Method","string","12 Lead Standard;12 Lead Continuous ECG;10 Lead Standard;6 Lead Standard"
"2025-11-18","Aggregate QRS Duration","C117779","C117779","C62085","Electrocardiogram Findings;Electrocardiogram Measurements;ECG Measurements","QRS Aggregate Duration;QRSAG","Quantitative","An aggregate QRS value based on the measurement of QRS intervals from multiple beats within a single ECG. The method of aggregation, which can vary, is typically a measure of central tendency such as the mean. (CDISC)","http://loinc.org/","LOINC","8633-0","C51824","C51824","Evaluator","string","Investigator;Vendor;Adjudication Committee"
"2025-11-18","Aggregate QRS Duration","C117779","C117779","C62085","Electrocardiogram Findings;Electrocardiogram Measurements;ECG Measurements","QRS Aggregate Duration;QRSAG","Quantitative","An aggregate QRS value based on the measurement of QRS intervals from multiple beats within a single ECG. The method of aggregation, which can vary, is typically a measure of central tendency such as the mean. (CDISC)","http://loinc.org/","LOINC","8633-0","C25330","C25330","Duration","integer",""
"2025-11-18","Aggregate QRS Duration","C117779","C117779","C62085","Electrocardiogram Findings;Electrocardiogram Measurements;ECG Measurements","QRS Aggregate Duration;QRSAG","Quantitative","An aggregate QRS value based on the measurement of QRS intervals from multiple beats within a single ECG. The method of aggregation, which can vary, is typically a measure of central tendency such as the mean. (CDISC)","http://loinc.org/","LOINC","8633-0","C25372","C25372","Category","string","Interval"
"2025-11-18","Aggregate QT Interval","C117783","C117783","C62085","Electrocardiogram Findings;Electrocardiogram Measurements;ECG Measurements","QT Interval Aggregate;QTAG","Quantitative","An aggregate QT value based on the measurement of QT intervals from multiple beats within a single ECG. The method of aggregation, which can vary, is typically a measure of central tendency such as the mean. (CDISC)","http://loinc.org/","LOINC","8634-8","C42574","C42574","Unit of Time","string","Milliseconds;Seconds"
"2025-11-18","Aggregate QT Interval","C117783","C117783","C62085","Electrocardiogram Findings;Electrocardiogram Measurements;ECG Measurements","QT Interval Aggregate;QTAG","Quantitative","An aggregate QT value based on the measurement of QT intervals from multiple beats within a single ECG. The method of aggregation, which can vary, is typically a measure of central tendency such as the mean. (CDISC)","http://loinc.org/","LOINC","8634-8","C82515","C82515","Collection Date Time","datetime",""
"2025-11-18","Aggregate QT Interval","C117783","C117783","C62085","Electrocardiogram Findings;Electrocardiogram Measurements;ECG Measurements","QT Interval Aggregate;QTAG","Quantitative","An aggregate QT value based on the measurement of QT intervals from multiple beats within a single ECG. The method of aggregation, which can vary, is typically a measure of central tendency such as the mean. (CDISC)","http://loinc.org/","LOINC","8634-8","C25330","C25330","Duration","integer",""
"2025-11-18","Aggregate QT Interval","C117783","C117783","C62085","Electrocardiogram Findings;Electrocardiogram Measurements;ECG Measurements","QT Interval Aggregate;QTAG","Quantitative","An aggregate QT value based on the measurement of QT intervals from multiple beats within a single ECG. The method of aggregation, which can vary, is typically a measure of central tendency such as the mean. (CDISC)","http://loinc.org/","LOINC","8634-8","C82535","C82535","Test Method","string","12 Lead Standard;12 Lead Continuous ECG;10 Lead Standard;6 Lead Standard"
"2025-11-18","Aggregate QT Interval","C117783","C117783","C62085","Electrocardiogram Findings;Electrocardiogram Measurements;ECG Measurements","QT Interval Aggregate;QTAG","Quantitative","An aggregate QT value based on the measurement of QT intervals from multiple beats within a single ECG. The method of aggregation, which can vary, is typically a measure of central tendency such as the mean. (CDISC)","http://loinc.org/","LOINC","8634-8","C25372","C25372","Category","string","Interval"
"2025-11-18","Aggregate QT Interval","C117783","C117783","C62085","Electrocardiogram Findings;Electrocardiogram Measurements;ECG Measurements","QT Interval Aggregate;QTAG","Quantitative","An aggregate QT value based on the measurement of QT intervals from multiple beats within a single ECG. The method of aggregation, which can vary, is typically a measure of central tendency such as the mean. (CDISC)","http://loinc.org/","LOINC","8634-8","C82516","C82516","Observation End Date Time","datetime",""
"2025-11-18","Aggregate QT Interval","C117783","C117783","C62085","Electrocardiogram Findings;Electrocardiogram Measurements;ECG Measurements","QT Interval Aggregate;QTAG","Quantitative","An aggregate QT value based on the measurement of QT intervals from multiple beats within a single ECG. The method of aggregation, which can vary, is typically a measure of central tendency such as the mean. (CDISC)","http://loinc.org/","LOINC","8634-8","C50282","C50282","Lead Device","string","Lead 1;Lead 2"
"2025-11-18","Aggregate QT Interval","C117783","C117783","C62085","Electrocardiogram Findings;Electrocardiogram Measurements;ECG Measurements","QT Interval Aggregate;QTAG","Quantitative","An aggregate QT value based on the measurement of QT intervals from multiple beats within a single ECG. The method of aggregation, which can vary, is typically a measure of central tendency such as the mean. (CDISC)","http://loinc.org/","LOINC","8634-8","C51824","C51824","Evaluator","string","Investigator;Vendor;Adjudication Committee"
"2025-11-18","Aggregate QT Interval","C117783","C117783","C62085","Electrocardiogram Findings;Electrocardiogram Measurements;ECG Measurements","QT Interval Aggregate;QTAG","Quantitative","An aggregate QT value based on the measurement of QT intervals from multiple beats within a single ECG. The method of aggregation, which can vary, is typically a measure of central tendency such as the mean. (CDISC)","http://loinc.org/","LOINC","8634-8","C62164","C62164","Body Position","string","Supine;Sitting"
"2025-11-18","Aggregate QTCB Interval","C117784","C117784","C62085","Electrocardiogram Findings;Electrocardiogram Measurements;ECG Measurements","QTCB Interval Aggregate;QTCBAG","Quantitative","A QT aggregate interval corrected for heart rate using Bazett's formula.","http://loinc.org/","LOINC","76635-2","C82515","C82515","Collection Date Time","datetime",""
"2025-11-18","Aggregate QTCB Interval","C117784","C117784","C62085","Electrocardiogram Findings;Electrocardiogram Measurements;ECG Measurements","QTCB Interval Aggregate;QTCBAG","Quantitative","A QT aggregate interval corrected for heart rate using Bazett's formula.","http://loinc.org/","LOINC","76635-2","C82516","C82516","Observation End Date Time","datetime",""
"2025-11-18","Aggregate QTCB Interval","C117784","C117784","C62085","Electrocardiogram Findings;Electrocardiogram Measurements;ECG Measurements","QTCB Interval Aggregate;QTCBAG","Quantitative","A QT aggregate interval corrected for heart rate using Bazett's formula.","http://loinc.org/","LOINC","76635-2","C25330","C25330","Duration","integer",""
"2025-11-18","Aggregate QTCB Interval","C117784","C117784","C62085","Electrocardiogram Findings;Electrocardiogram Measurements;ECG Measurements","QTCB Interval Aggregate;QTCBAG","Quantitative","A QT aggregate interval corrected for heart rate using Bazett's formula.","http://loinc.org/","LOINC","76635-2","C51824","C51824","Evaluator","string","Investigator;Vendor;Adjudication Committee"
"2025-11-18","Aggregate QTCB Interval","C117784","C117784","C62085","Electrocardiogram Findings;Electrocardiogram Measurements;ECG Measurements","QTCB Interval Aggregate;QTCBAG","Quantitative","A QT aggregate interval corrected for heart rate using Bazett's formula.","http://loinc.org/","LOINC","76635-2","C82535","C82535","Test Method","string","12 Lead Standard;12 Lead Continuous ECG;10 Lead Standard;6 Lead Standard"
"2025-11-18","Aggregate QTCB Interval","C117784","C117784","C62085","Electrocardiogram Findings;Electrocardiogram Measurements;ECG Measurements","QTCB Interval Aggregate;QTCBAG","Quantitative","A QT aggregate interval corrected for heart rate using Bazett's formula.","http://loinc.org/","LOINC","76635-2","C62164","C62164","Body Position","string","Supine;Sitting"
"2025-11-18","Aggregate QTCB Interval","C117784","C117784","C62085","Electrocardiogram Findings;Electrocardiogram Measurements;ECG Measurements","QTCB Interval Aggregate;QTCBAG","Quantitative","A QT aggregate interval corrected for heart rate using Bazett's formula.","http://loinc.org/","LOINC","76635-2","C42574","C42574","Unit of Time","string","Milliseconds;Seconds"
"2025-11-18","Aggregate QTCB Interval","C117784","C117784","C62085","Electrocardiogram Findings;Electrocardiogram Measurements;ECG Measurements","QTCB Interval Aggregate;QTCBAG","Quantitative","A QT aggregate interval corrected for heart rate using Bazett's formula.","http://loinc.org/","LOINC","76635-2","C50282","C50282","Lead Device","string","Lead 1;Lead 2"
"2025-11-18","Aggregate QTCB Interval","C117784","C117784","C62085","Electrocardiogram Findings;Electrocardiogram Measurements;ECG Measurements","QTCB Interval Aggregate;QTCBAG","Quantitative","A QT aggregate interval corrected for heart rate using Bazett's formula.","http://loinc.org/","LOINC","76635-2","C25372","C25372","Category","string","Interval"
"2025-11-18","Aggregate QTCF Interval","C117786","C117786","C62085","Electrocardiogram Findings;Electrocardiogram Measurements;ECG Measurements","QTCF Interval Aggregate;QTCFAG","Quantitative","A QT aggregate interval corrected for heart rate using Fridericia's formula.","http://loinc.org/","LOINC","76634-5","C82535","C82535","Test Method","string","12 Lead Standard;12 Lead Continuous ECG;10 Lead Standard;6 Lead Standard"
"2025-11-18","Aggregate QTCF Interval","C117786","C117786","C62085","Electrocardiogram Findings;Electrocardiogram Measurements;ECG Measurements","QTCF Interval Aggregate;QTCFAG","Quantitative","A QT aggregate interval corrected for heart rate using Fridericia's formula.","http://loinc.org/","LOINC","76634-5","C42574","C42574","Unit of Time","string","Milliseconds;Seconds"
"2025-11-18","Aggregate QTCF Interval","C117786","C117786","C62085","Electrocardiogram Findings;Electrocardiogram Measurements;ECG Measurements","QTCF Interval Aggregate;QTCFAG","Quantitative","A QT aggregate interval corrected for heart rate using Fridericia's formula.","http://loinc.org/","LOINC","76634-5","C82516","C82516","Observation End Date Time","datetime",""
"2025-11-18","Aggregate QTCF Interval","C117786","C117786","C62085","Electrocardiogram Findings;Electrocardiogram Measurements;ECG Measurements","QTCF Interval Aggregate;QTCFAG","Quantitative","A QT aggregate interval corrected for heart rate using Fridericia's formula.","http://loinc.org/","LOINC","76634-5","C25330","C25330","Duration","integer",""
"2025-11-18","Aggregate QTCF Interval","C117786","C117786","C62085","Electrocardiogram Findings;Electrocardiogram Measurements;ECG Measurements","QTCF Interval Aggregate;QTCFAG","Quantitative","A QT aggregate interval corrected for heart rate using Fridericia's formula.","http://loinc.org/","LOINC","76634-5","C62164","C62164","Body Position","string","Supine;Sitting"
"2025-11-18","Aggregate QTCF Interval","C117786","C117786","C62085","Electrocardiogram Findings;Electrocardiogram Measurements;ECG Measurements","QTCF Interval Aggregate;QTCFAG","Quantitative","A QT aggregate interval corrected for heart rate using Fridericia's formula.","http://loinc.org/","LOINC","76634-5","C82515","C82515","Collection Date Time","datetime",""
"2025-11-18","Aggregate QTCF Interval","C117786","C117786","C62085","Electrocardiogram Findings;Electrocardiogram Measurements;ECG Measurements","QTCF Interval Aggregate;QTCFAG","Quantitative","A QT aggregate interval corrected for heart rate using Fridericia's formula.","http://loinc.org/","LOINC","76634-5","C50282","C50282","Lead Device","string","Lead 1;Lead 2"
"2025-11-18","Aggregate QTCF Interval","C117786","C117786","C62085","Electrocardiogram Findings;Electrocardiogram Measurements;ECG Measurements","QTCF Interval Aggregate;QTCFAG","Quantitative","A QT aggregate interval corrected for heart rate using Fridericia's formula.","http://loinc.org/","LOINC","76634-5","C51824","C51824","Evaluator","string","Investigator;Vendor;Adjudication Committee"
"2025-11-18","Aggregate QTCF Interval","C117786","C117786","C62085","Electrocardiogram Findings;Electrocardiogram Measurements;ECG Measurements","QTCF Interval Aggregate;QTCFAG","Quantitative","A QT aggregate interval corrected for heart rate using Fridericia's formula.","http://loinc.org/","LOINC","76634-5","C25372","C25372","Category","string","Interval"
"2026-05-26","Aggregate RR Interval","C117791","C117791","C62085","Electrocardiogram Findings;Electrocardiogram Measurements;ECG Measurements","RR Interval Aggregate;RRAG","Quantitative","An aggregate RR value based on the measurement of RR intervals from multiple beats within a single ECG. The method of aggregation, which can vary, is typically a measure of central tendency such as the mean. (CDISC)","http://loinc.org/","LOINC","18505-8","C51824","C51824","Evaluator","string","Investigator;Vendor;Adjudication Committee"
"2026-05-26","Aggregate RR Interval","C117791","C117791","C62085","Electrocardiogram Findings;Electrocardiogram Measurements;ECG Measurements","RR Interval Aggregate;RRAG","Quantitative","An aggregate RR value based on the measurement of RR intervals from multiple beats within a single ECG. The method of aggregation, which can vary, is typically a measure of central tendency such as the mean. (CDISC)","http://loinc.org/","LOINC","18505-8","C42574","C42574","Unit of Time","string","Milliseconds;Seconds"
"2026-05-26","Aggregate RR Interval","C117791","C117791","C62085","Electrocardiogram Findings;Electrocardiogram Measurements;ECG Measurements","RR Interval Aggregate;RRAG","Quantitative","An aggregate RR value based on the measurement of RR intervals from multiple beats within a single ECG. The method of aggregation, which can vary, is typically a measure of central tendency such as the mean. (CDISC)","http://loinc.org/","LOINC","18505-8","C62164","C62164","Body Position","string","Supine;Sitting"
"2026-05-26","Aggregate RR Interval","C117791","C117791","C62085","Electrocardiogram Findings;Electrocardiogram Measurements;ECG Measurements","RR Interval Aggregate;RRAG","Quantitative","An aggregate RR value based on the measurement of RR intervals from multiple beats within a single ECG. The method of aggregation, which can vary, is typically a measure of central tendency such as the mean. (CDISC)","http://loinc.org/","LOINC","18505-8","C25330","C25330","Duration","integer",""
"2026-05-26","Aggregate RR Interval","C117791","C117791","C62085","Electrocardiogram Findings;Electrocardiogram Measurements;ECG Measurements","RR Interval Aggregate;RRAG","Quantitative","An aggregate RR value based on the measurement of RR intervals from multiple beats within a single ECG. The method of aggregation, which can vary, is typically a measure of central tendency such as the mean. (CDISC)","http://loinc.org/","LOINC","18505-8","C82516","C82516","Observation End Date Time","datetime",""
"2026-05-26","Aggregate RR Interval","C117791","C117791","C62085","Electrocardiogram Findings;Electrocardiogram Measurements;ECG Measurements","RR Interval Aggregate;RRAG","Quantitative","An aggregate RR value based on the measurement of RR intervals from multiple beats within a single ECG. The method of aggregation, which can vary, is typically a measure of central tendency such as the mean. (CDISC)","http://loinc.org/","LOINC","18505-8","C82535","C82535","Test Method","string","12 Lead Standard;12 Lead Continuous ECG;10 Lead Standard;6 Lead Standard"
"2026-05-26","Aggregate RR Interval","C117791","C117791","C62085","Electrocardiogram Findings;Electrocardiogram Measurements;ECG Measurements","RR Interval Aggregate;RRAG","Quantitative","An aggregate RR value based on the measurement of RR intervals from multiple beats within a single ECG. The method of aggregation, which can vary, is typically a measure of central tendency such as the mean. (CDISC)","http://loinc.org/","LOINC","18505-8","C82515","C82515","Collection Date Time","datetime",""
"2026-05-26","Aggregate RR Interval","C117791","C117791","C62085","Electrocardiogram Findings;Electrocardiogram Measurements;ECG Measurements","RR Interval Aggregate;RRAG","Quantitative","An aggregate RR value based on the measurement of RR intervals from multiple beats within a single ECG. The method of aggregation, which can vary, is typically a measure of central tendency such as the mean. (CDISC)","http://loinc.org/","LOINC","18505-8","C25372","C25372","Category","string","Interval"
"2026-05-26","Aggregate RR Interval","C117791","C117791","C62085","Electrocardiogram Findings;Electrocardiogram Measurements;ECG Measurements","RR Interval Aggregate;RRAG","Quantitative","An aggregate RR value based on the measurement of RR intervals from multiple beats within a single ECG. The method of aggregation, which can vary, is typically a measure of central tendency such as the mean. (CDISC)","http://loinc.org/","LOINC","18505-8","C50282","C50282","Lead Device","string","Lead 1;Lead 2"
"2026-03-31","Airway Resistance","C120927","C120927","C38081","Respiratory System Findings;Pulmonary Function Test","AIRRES;RAW;Raw","Quantitative","An assessment of the opposition to airflow through the respiratory tract on inspiration and/or expiration.","http://loinc.org/","LOINC","75946-4","C67332","C67332","Manometric Unit of Pressure","string","cmH2O*s/mL"
"2026-03-31","Airway Resistance","C120927","C120927","C38081","Respiratory System Findings;Pulmonary Function Test","AIRRES;RAW;Raw","Quantitative","An assessment of the opposition to airflow through the respiratory tract on inspiration and/or expiration.","http://loinc.org/","LOINC","75946-4","C70856","C70856","Observation Result","decimal",""
"2026-03-31","Airway Resistance","C120927","C120927","C38081","Respiratory System Findings;Pulmonary Function Test","AIRRES;RAW;Raw","Quantitative","An assessment of the opposition to airflow through the respiratory tract on inspiration and/or expiration.","http://loinc.org/","LOINC","75946-4","C82515","C82515","Collection Date Time","datetime",""
"2025-07-01","Anisocyte Measurement","C74797","C74797","C51946","Laboratory Tests;Hematology Tests;Blood Cell Counts;Erythrocyte Counts","Anisocytes;Anisocytosis;ANISO","Ordinal","The determination of the number of anisocytes present in a sample.","http://loinc.org/","LOINC","38892-6","C82515","C82515","Collection Date Time","datetime",""
"2025-07-01","Anisocyte Measurement","C74797","C74797","C51946","Laboratory Tests;Hematology Tests;Blood Cell Counts;Erythrocyte Counts","Anisocytes;Anisocytosis;ANISO","Ordinal","The determination of the number of anisocytes present in a sample.","http://loinc.org/","LOINC","38892-6","C93566","C93566","Fasting Status Indicator","boolean",""
"2025-07-01","Anisocyte Measurement","C74797","C74797","C51946","Laboratory Tests;Hematology Tests;Blood Cell Counts;Erythrocyte Counts","Anisocytes;Anisocytosis;ANISO","Ordinal","The determination of the number of anisocytes present in a sample.","http://loinc.org/","LOINC","38892-6","C70856","C70856","Observation Result","string","Absent;Present"
"2025-07-01","Anisocyte Measurement","C74797","C74797","C51946","Laboratory Tests;Hematology Tests;Blood Cell Counts;Erythrocyte Counts","Anisocytes;Anisocytosis;ANISO","Ordinal","The determination of the number of anisocytes present in a sample.","http://loinc.org/","LOINC","38892-6","C70713","C70713","Biospecimen Type","string","Blood"
"2026-03-31","Ankle-Brachial Index","C87304","C87304","C19591","Vital Signs;Blood Pressure","ABI;Ankle-Arm Index;Ankle-Arm Pressure Index;Ankle-Brachial Pressure Index","Quantitative","The ratio of ankle systolic pressure to brachial systolic pressure, used to assess arterial insufficiency in the lower extremities.","http://loinc.org/","LOINC","77194-9","C82515","C82515","Collection Date Time","datetime",""
"2026-03-31","Ankle-Brachial Index","C87304","C87304","C19591","Vital Signs;Blood Pressure","ABI;Ankle-Arm Index;Ankle-Arm Pressure Index;Ankle-Brachial Pressure Index","Quantitative","The ratio of ankle systolic pressure to brachial systolic pressure, used to assess arterial insufficiency in the lower extremities.","http://loinc.org/","LOINC","77194-9","C70856","C70856","Observation Result","decimal",""
"2026-03-31","Arm Span","C181553","C181553","","Vital Signs;Body Measurements","ARMSPAN;Armspan;Reach;Wingspan","Quantitative","A measurement of the length from the tip of the middle finger on one hand to the tip of the middle finger on the other hand with the individual standing against the wall with both arms abducted to 90 degrees, the elbows and wrists extended, and the palms facing directly forward. (Philip H. Quanjer, Andre Capderou, Mumtaz M. Mazicioglu, Ashutosh N. Aggarwal, Sudip Datta Banik, Stevo Popovic, Francis A.K. Tayie, Mohammad Golshan, Mary S.M. Ip, Marc Zelter. European Respiratory Journal 2014 44: 905-912)","http://loinc.org/","LOINC","56116-7","C70856","C70856","Observation Result","decimal",""
"2026-03-31","Arm Span","C181553","C181553","","Vital Signs;Body Measurements","ARMSPAN;Armspan;Reach;Wingspan","Quantitative","A measurement of the length from the tip of the middle finger on one hand to the tip of the middle finger on the other hand with the individual standing against the wall with both arms abducted to 90 degrees, the elbows and wrists extended, and the palms facing directly forward. (Philip H. Quanjer, Andre Capderou, Mumtaz M. Mazicioglu, Ashutosh N. Aggarwal, Sudip Datta Banik, Stevo Popovic, Francis A.K. Tayie, Mohammad Golshan, Mary S.M. Ip, Marc Zelter. European Respiratory Journal 2014 44: 905-912)","http://loinc.org/","LOINC","56116-7","C82515","C82515","Collection Date Time","datetime",""
"2026-03-31","Arm Span","C181553","C181553","","Vital Signs;Body Measurements","ARMSPAN;Armspan;Reach;Wingspan","Quantitative","A measurement of the length from the tip of the middle finger on one hand to the tip of the middle finger on the other hand with the individual standing against the wall with both arms abducted to 90 degrees, the elbows and wrists extended, and the palms facing directly forward. (Philip H. Quanjer, Andre Capderou, Mumtaz M. Mazicioglu, Ashutosh N. Aggarwal, Sudip Datta Banik, Stevo Popovic, Francis A.K. Tayie, Mohammad Golshan, Mary S.M. Ip, Marc Zelter. European Respiratory Journal 2014 44: 905-912)","http://loinc.org/","LOINC","56116-7","C42578","C42578","Unit of Length","string","cm;ft;in;m"
"2026-03-31","Basal Metabolic Rate","C126083","C126083","C171083","Vital Signs;Energy Expenditure","BMR","Quantitative","A patient's energy expenditure at rest.","http://loinc.org/","LOINC","69429-9","C82515","C82515","Collection Date Time","datetime",""
"2026-03-31","Basal Metabolic Rate","C126083","C126083","C171083","Vital Signs;Energy Expenditure","BMR","Quantitative","A patient's energy expenditure at rest.","http://loinc.org/","LOINC","69429-9","C69431","C69431","Unit of Power","string","kcal/day;Watt"
"2026-03-31","Basal Metabolic Rate","C126083","C126083","C171083","Vital Signs;Energy Expenditure","BMR","Quantitative","A patient's energy expenditure at rest.","http://loinc.org/","LOINC","69429-9","C70856","C70856","Observation Result","decimal",""
"2026-03-31","Birth Weight","C76325","C76325","C25208","Vital Signs;Body Measurements","BRTHWT","Quantitative","The first weight of a newborn obtained after birth.","http://loinc.org/","LOINC","8339-4","C82515","C82515","Collection Date Time","datetime",""
"2026-03-31","Birth Weight","C76325","C76325","C25208","Vital Signs;Body Measurements","BRTHWT","Quantitative","The first weight of a newborn obtained after birth.","http://loinc.org/","LOINC","8339-4","C48208","C48208","Unit of Weight","string","g;kg;LB;oz"
"2026-03-31","Birth Weight","C76325","C76325","C25208","Vital Signs;Body Measurements","BRTHWT","Quantitative","The first weight of a newborn obtained after birth.","http://loinc.org/","LOINC","8339-4","C70856","C70856","Observation Result","decimal",""
"2026-03-31","Body Fat Measurement","C122232","C122232","C19332","Vital Signs;Body Measurements","BODYFATM","Quantitative","A measurement of the total fat mass within the subject's body.","http://loinc.org/","LOINC","41982-0","C82515","C82515","Collection Date Time","datetime",""
"2026-03-31","Body Fat Measurement","C122232","C122232","C19332","Vital Signs;Body Measurements","BODYFATM","Quantitative","A measurement of the total fat mass within the subject's body.","http://loinc.org/","LOINC","41982-0","C70856","C70856","Observation Result","decimal",""
"2026-03-31","Body Fat Measurement","C122232","C122232","C19332","Vital Signs;Body Measurements","BODYFATM","Quantitative","A measurement of the total fat mass within the subject's body.","http://loinc.org/","LOINC","41982-0","C48208","C48208","Unit of Weight","string","kg;g;LB"
"2025-11-18","Body Height","C164634","C164634","C25347","Vital Signs;Body Measurements","HEIGHT","Quantitative","The vertical measurement or distance from the base to the top of a subject or participant.","http://loinc.org/","LOINC","8302-2","C70856","C70856","Observation Result","decimal",""
"2025-11-18","Body Height","C164634","C164634","C25347","Vital Signs;Body Measurements","HEIGHT","Quantitative","The vertical measurement or distance from the base to the top of a subject or participant.","http://loinc.org/","LOINC","8302-2","C168688","C168688","Unit of Height","string","Centimeter;Inch;Millimeter;Meter"
"2025-11-18","Body Height","C164634","C164634","C25347","Vital Signs;Body Measurements","HEIGHT","Quantitative","The vertical measurement or distance from the base to the top of a subject or participant.","http://loinc.org/","LOINC","8302-2","C82515","C82515","Collection Date Time","datetime",""
"2025-11-18","Body Mass Index","C16358","C16358","","Vital Signs;Body Measurements","BMI;Quetelet Index","Quantitative","An individual's weight in kilograms divided by the square of the height in meters.","http://loinc.org/","LOINC","39156-5","C70856","C70856","Observation Result","decimal",""
"2025-11-18","Body Mass Index","C16358","C16358","","Vital Signs;Body Measurements","BMI;Quetelet Index","Quantitative","An individual's weight in kilograms divided by the square of the height in meters.","http://loinc.org/","LOINC","39156-5","C82515","C82515","Collection Date Time","datetime",""
"2025-11-18","Body Mass Index","C16358","C16358","","Vital Signs;Body Measurements","BMI;Quetelet Index","Quantitative","An individual's weight in kilograms divided by the square of the height in meters.","http://loinc.org/","LOINC","39156-5","C42575","C42575","Unit of Mass Density","string","Kilogram per Square Meter;Pounds per Square Inch"
"2026-05-26","Body Surface Area","C25157","C25157","C19332","Vital Signs;Body Measurements","BSA","Quantitative","A measure of the 2-dimensional extent of the body surface (i.e., the skin). Body surface area (BSA) can be calculated by mathematical formula or from a chart that relates height to weight. BSA is often an important factor in dosing.","http://loinc.org/","LOINC","8277-6","C48037","C48037","Unit of Area","string","m2"
"2026-05-26","Body Surface Area","C25157","C25157","C19332","Vital Signs;Body Measurements","BSA","Quantitative","A measure of the 2-dimensional extent of the body surface (i.e., the skin). Body surface area (BSA) can be calculated by mathematical formula or from a chart that relates height to weight. BSA is often an important factor in dosing.","http://loinc.org/","LOINC","8277-6","C70856","C70856","Observation Result","decimal",""
"2026-05-26","Body Surface Area","C25157","C25157","C19332","Vital Signs;Body Measurements","BSA","Quantitative","A measure of the 2-dimensional extent of the body surface (i.e., the skin). Body surface area (BSA) can be calculated by mathematical formula or from a chart that relates height to weight. BSA is often an important factor in dosing.","http://loinc.org/","LOINC","8277-6","C82515","C82515","Collection Date Time","datetime",""
"2024-12-16","Body Temperature","C174446","C174446","","Vital Signs","Temperature","Quantitative","A measurement of the temperature of the body.","http://loinc.org/","LOINC","8310-5","C82515","C82515","Collection Date Time","datetime",""
"2024-12-16","Body Temperature","C174446","C174446","","Vital Signs","Temperature","Quantitative","A measurement of the temperature of the body.","http://loinc.org/","LOINC","8310-5","C44276","C44276","Unit of Temperature","string","Fahrenheit;Celsius;Kelvin"
"2024-12-16","Body Temperature","C174446","C174446","","Vital Signs","Temperature","Quantitative","A measurement of the temperature of the body.","http://loinc.org/","LOINC","8310-5","C70856","C70856","Observation Result","decimal",""
"2024-12-16","Body Temperature","C174446","C174446","","Vital Signs","Temperature","Quantitative","A measurement of the temperature of the body.","http://loinc.org/","LOINC","8310-5","C13717","C13717","Anatomic Site","string","Axilla;Ear;Forehead;Oral Cavity;Rectum"
"2025-11-18","Body Weight","C81328","C81328","C25208","Vital Signs;Body Measurements","WEIGHT","Quantitative","The weight of a subject.","http://loinc.org/","LOINC","29463-7","C82515","C82515","Collection Date Time","datetime",""
"2025-11-18","Body Weight","C81328","C81328","C25208","Vital Signs;Body Measurements","WEIGHT","Quantitative","The weight of a subject.","http://loinc.org/","LOINC","29463-7","C48208","C48208","Unit of Weight","string","Kilogram;Gram;Pound"
"2025-11-18","Body Weight","C81328","C81328","C25208","Vital Signs;Body Measurements","WEIGHT","Quantitative","The weight of a subject.","http://loinc.org/","LOINC","29463-7","C70856","C70856","Observation Result","decimal",""
"2026-03-31","Capillary Refill Test","C168125","C168125","C122008","Vital Signs;Cardiovascular Examination","Capillary Refill Time;CPLRFLT","Quantitative","An assessment performed to estimate peripheral perfusion and hydration status. The test is most often conducted by applying constant manual pressure for a set time on a patient's nail bed and then releasing while observing the length of time it takes for color to return to the tissue. A prolonged return to baseline coloring may indicate compromise of peripheral blood flow.","http://loinc.org/","LOINC","44971-0","C82515","C82515","Collection Date Time","datetime",""
"2026-03-31","Capillary Refill Test","C168125","C168125","C122008","Vital Signs;Cardiovascular Examination","Capillary Refill Time;CPLRFLT","Quantitative","An assessment performed to estimate peripheral perfusion and hydration status. The test is most often conducted by applying constant manual pressure for a set time on a patient's nail bed and then releasing while observing the length of time it takes for color to return to the tissue. A prolonged return to baseline coloring may indicate compromise of peripheral blood flow.","http://loinc.org/","LOINC","44971-0","C70856","C70856","Observation Result","decimal",""
"2026-03-31","Capillary Refill Test","C168125","C168125","C122008","Vital Signs;Cardiovascular Examination","Capillary Refill Time;CPLRFLT","Quantitative","An assessment performed to estimate peripheral perfusion and hydration status. The test is most often conducted by applying constant manual pressure for a set time on a patient's nail bed and then releasing while observing the length of time it takes for color to return to the tissue. A prolonged return to baseline coloring may indicate compromise of peripheral blood flow.","http://loinc.org/","LOINC","44971-0","C42574","C42574","Unit of Time","string","s"
"2026-03-31","Carbon Monoxide Diffusing Capability Test","C38083","C38083","C38081","Respiratory System Findings;Pulmonary Function Test","Diffusion Capacity of Lung for CO;DLCO;TLCO;Transfer Factor of Lung for CO;Diffusion Capacity of the Lung for Carbon Monoxide;PFT/DLCO;Pulmonary Function Test/Carbon Monoxide Diffusing Capability","Quantitative","A measurement of carbon monoxide (CO) transfer from inspired gas to pulmonary capillary blood. During the test, the subject inspires a gas containing CO and one or more tracer gases to allow determination of the gas exchanging capability of the lungs.","http://loinc.org/","LOINC","19911-7","C44279","C44279","Unit of Volume","string","L;mL"
"2026-03-31","Carbon Monoxide Diffusing Capability Test","C38083","C38083","C38081","Respiratory System Findings;Pulmonary Function Test","Diffusion Capacity of Lung for CO;DLCO;TLCO;Transfer Factor of Lung for CO;Diffusion Capacity of the Lung for Carbon Monoxide;PFT/DLCO;Pulmonary Function Test/Carbon Monoxide Diffusing Capability","Quantitative","A measurement of carbon monoxide (CO) transfer from inspired gas to pulmonary capillary blood. During the test, the subject inspires a gas containing CO and one or more tracer gases to allow determination of the gas exchanging capability of the lungs.","http://loinc.org/","LOINC","19911-7","C70856","C70856","Observation Result","decimal",""
"2026-03-31","Carbon Monoxide Diffusing Capability Test","C38083","C38083","C38081","Respiratory System Findings;Pulmonary Function Test","Diffusion Capacity of Lung for CO;DLCO;TLCO;Transfer Factor of Lung for CO;Diffusion Capacity of the Lung for Carbon Monoxide;PFT/DLCO;Pulmonary Function Test/Carbon Monoxide Diffusing Capability","Quantitative","A measurement of carbon monoxide (CO) transfer from inspired gas to pulmonary capillary blood. During the test, the subject inspires a gas containing CO and one or more tracer gases to allow determination of the gas exchanging capability of the lungs.","http://loinc.org/","LOINC","19911-7","C82515","C82515","Collection Date Time","datetime",""
"2025-07-01","Carboxyhemoglobin Measurement","C96591","C96591","C64848","Laboratory Tests;Chemistry Tests;Hemoglobin Measurements","Carboxyhemoglobin","Quantitative","The determination of the amount of carboxyhemoglobin present in a sample.","http://loinc.org/","LOINC","31157-1","C70713","C70713","Biospecimen Type","string","Blood"
"2025-07-01","Carboxyhemoglobin Measurement","C96591","C96591","C64848","Laboratory Tests;Chemistry Tests;Hemoglobin Measurements","Carboxyhemoglobin","Quantitative","The determination of the amount of carboxyhemoglobin present in a sample.","http://loinc.org/","LOINC","31157-1","C70856","C70856","Observation Result","decimal",""
"2025-07-01","Carboxyhemoglobin Measurement","C96591","C96591","C64848","Laboratory Tests;Chemistry Tests;Hemoglobin Measurements","Carboxyhemoglobin","Quantitative","The determination of the amount of carboxyhemoglobin present in a sample.","http://loinc.org/","LOINC","31157-1","C82515","C82515","Collection Date Time","datetime",""
"2025-07-01","Carboxyhemoglobin Measurement","C96591","C96591","C64848","Laboratory Tests;Chemistry Tests;Hemoglobin Measurements","Carboxyhemoglobin","Quantitative","The determination of the amount of carboxyhemoglobin present in a sample.","http://loinc.org/","LOINC","31157-1","C64571","C64571","Unit of Mass Concentration","string",""
"2025-07-01","Carboxyhemoglobin to Total Hemoglobin Ratio Measurement","C147355","C147355","C64848","Laboratory Tests;Chemistry Tests;Hemoglobin Measurements","","Quantitative","The determination of the ratio of carboxyhemoglobin compared to total hemoglobin present in a sample. The measurement may be expressed as a ratio or percentage.","http://loinc.org/","LOINC","20563-3","C48570","C48570","Percent Unit","string","%"
"2025-07-01","Carboxyhemoglobin to Total Hemoglobin Ratio Measurement","C147355","C147355","C64848","Laboratory Tests;Chemistry Tests;Hemoglobin Measurements","","Quantitative","The determination of the ratio of carboxyhemoglobin compared to total hemoglobin present in a sample. The measurement may be expressed as a ratio or percentage.","http://loinc.org/","LOINC","20563-3","C70713","C70713","Biospecimen Type","string","Blood;Arterial Blood;Venous Blood;Capillary Blood"
"2025-07-01","Carboxyhemoglobin to Total Hemoglobin Ratio Measurement","C147355","C147355","C64848","Laboratory Tests;Chemistry Tests;Hemoglobin Measurements","","Quantitative","The determination of the ratio of carboxyhemoglobin compared to total hemoglobin present in a sample. The measurement may be expressed as a ratio or percentage.","http://loinc.org/","LOINC","20563-3","C82515","C82515","Collection Date Time","datetime",""
"2025-07-01","Carboxyhemoglobin to Total Hemoglobin Ratio Measurement","C147355","C147355","C64848","Laboratory Tests;Chemistry Tests;Hemoglobin Measurements","","Quantitative","The determination of the ratio of carboxyhemoglobin compared to total hemoglobin present in a sample. The measurement may be expressed as a ratio or percentage.","http://loinc.org/","LOINC","20563-3","C70856","C70856","Observation Result","decimal",""
"2025-09-23","Child-Pugh - Ascites","C121069","C121069","C120996","QRS;Clinical or Research Assessment Classification;Child-Pugh Clinical Classification;CHILD-PUGH CLASSIFICATION;Child-Pugh;CPS01;Child-Pugh Clinical Classification Question","CPS01-Ascites;CPS0102;Child-Pugh - Ascites","Ordinal","Child-Pugh Classification (Child-Pugh) Ascites.","http://loinc.org/","LOINC","98151-4","C46126","C46126","Ordinal Position","integer","1;2;3"
"2025-09-23","Child-Pugh - Ascites","C121069","C121069","C120996","QRS;Clinical or Research Assessment Classification;Child-Pugh Clinical Classification;CHILD-PUGH CLASSIFICATION;Child-Pugh;CPS01;Child-Pugh Clinical Classification Question","CPS01-Ascites;CPS0102;Child-Pugh - Ascites","Ordinal","Child-Pugh Classification (Child-Pugh) Ascites.","http://loinc.org/","LOINC","98151-4","C25372","C25372","Category","string","CHILD-PUGH CLASSIFICATION"
"2025-09-23","Child-Pugh - Ascites","C121069","C121069","C120996","QRS;Clinical or Research Assessment Classification;Child-Pugh Clinical Classification;CHILD-PUGH CLASSIFICATION;Child-Pugh;CPS01;Child-Pugh Clinical Classification Question","CPS01-Ascites;CPS0102;Child-Pugh - Ascites","Ordinal","Child-Pugh Classification (Child-Pugh) Ascites.","http://loinc.org/","LOINC","98151-4","C51824","C51824","Evaluator","string","INVESTIGATOR"
"2025-09-23","Child-Pugh - Ascites","C121069","C121069","C120996","QRS;Clinical or Research Assessment Classification;Child-Pugh Clinical Classification;CHILD-PUGH CLASSIFICATION;Child-Pugh;CPS01;Child-Pugh Clinical Classification Question","CPS01-Ascites;CPS0102;Child-Pugh - Ascites","Ordinal","Child-Pugh Classification (Child-Pugh) Ascites.","http://loinc.org/","LOINC","98151-4","C82515","C82515","Collection Date Time","datetime",""
"2025-09-23","Child-Pugh - Ascites","C121069","C121069","C120996","QRS;Clinical or Research Assessment Classification;Child-Pugh Clinical Classification;CHILD-PUGH CLASSIFICATION;Child-Pugh;CPS01;Child-Pugh Clinical Classification Question","CPS01-Ascites;CPS0102;Child-Pugh - Ascites","Ordinal","Child-Pugh Classification (Child-Pugh) Ascites.","http://loinc.org/","LOINC","98151-4","C91106","C91106","Clinical or Research Assessment Answer","string","absent;moderate;slight"
"2025-09-23","Child-Pugh - Encephalopathy Grade","C121068","C121068","C120996","QRS;Clinical or Research Assessment Classification;Child-Pugh Clinical Classification;CHILD-PUGH CLASSIFICATION;Child-Pugh;CPS01;Child-Pugh Clinical Classification Question","CPS01-Encephalopathy Grade;CPS0101;Child-Pugh - Encephalopathy Grade","Ordinal","Child-Pugh Classification (Child-Pugh) Encephalopathy grade.","http://loinc.org/","LOINC","98150-6","C82515","C82515","Collection Date Time","datetime",""
"2025-09-23","Child-Pugh - Encephalopathy Grade","C121068","C121068","C120996","QRS;Clinical or Research Assessment Classification;Child-Pugh Clinical Classification;CHILD-PUGH CLASSIFICATION;Child-Pugh;CPS01;Child-Pugh Clinical Classification Question","CPS01-Encephalopathy Grade;CPS0101;Child-Pugh - Encephalopathy Grade","Ordinal","Child-Pugh Classification (Child-Pugh) Encephalopathy grade.","http://loinc.org/","LOINC","98150-6","C91106","C91106","Clinical or Research Assessment Answer","string","1 or 2;3 or 4;none"
"2025-09-23","Child-Pugh - Encephalopathy Grade","C121068","C121068","C120996","QRS;Clinical or Research Assessment Classification;Child-Pugh Clinical Classification;CHILD-PUGH CLASSIFICATION;Child-Pugh;CPS01;Child-Pugh Clinical Classification Question","CPS01-Encephalopathy Grade;CPS0101;Child-Pugh - Encephalopathy Grade","Ordinal","Child-Pugh Classification (Child-Pugh) Encephalopathy grade.","http://loinc.org/","LOINC","98150-6","C25372","C25372","Category","string","CHILD-PUGH CLASSIFICATION"
"2025-09-23","Child-Pugh - Encephalopathy Grade","C121068","C121068","C120996","QRS;Clinical or Research Assessment Classification;Child-Pugh Clinical Classification;CHILD-PUGH CLASSIFICATION;Child-Pugh;CPS01;Child-Pugh Clinical Classification Question","CPS01-Encephalopathy Grade;CPS0101;Child-Pugh - Encephalopathy Grade","Ordinal","Child-Pugh Classification (Child-Pugh) Encephalopathy grade.","http://loinc.org/","LOINC","98150-6","C51824","C51824","Evaluator","string","INVESTIGATOR"
"2025-09-23","Child-Pugh - Encephalopathy Grade","C121068","C121068","C120996","QRS;Clinical or Research Assessment Classification;Child-Pugh Clinical Classification;CHILD-PUGH CLASSIFICATION;Child-Pugh;CPS01;Child-Pugh Clinical Classification Question","CPS01-Encephalopathy Grade;CPS0101;Child-Pugh - Encephalopathy Grade","Ordinal","Child-Pugh Classification (Child-Pugh) Encephalopathy grade.","http://loinc.org/","LOINC","98150-6","C46126","C46126","Ordinal Position","integer","1;2;3"
"2025-09-23","Child-Pugh - PT, INR","C121073","C121073","C120996","QRS;Clinical or Research Assessment Classification;Child-Pugh Clinical Classification;CHILD-PUGH CLASSIFICATION;Child-Pugh;CPS01;Child-Pugh Clinical Classification Question","CPS01-PT, INR;CPS0105B;Child-Pugh - PT, INR","Ordinal","Child-Pugh Classification (Child-Pugh) Prothrombin time, international normalized ratio (INR).","http://loinc.org/","LOINC","6301-6","C46126","C46126","Ordinal Position","integer","1;2;3"
"2025-09-23","Child-Pugh - PT, INR","C121073","C121073","C120996","QRS;Clinical or Research Assessment Classification;Child-Pugh Clinical Classification;CHILD-PUGH CLASSIFICATION;Child-Pugh;CPS01;Child-Pugh Clinical Classification Question","CPS01-PT, INR;CPS0105B;Child-Pugh - PT, INR","Ordinal","Child-Pugh Classification (Child-Pugh) Prothrombin time, international normalized ratio (INR).","http://loinc.org/","LOINC","6301-6","C91106","C91106","Clinical or Research Assessment Answer","string","1.7-2.3;<1.7;>2.3"
"2025-09-23","Child-Pugh - PT, INR","C121073","C121073","C120996","QRS;Clinical or Research Assessment Classification;Child-Pugh Clinical Classification;CHILD-PUGH CLASSIFICATION;Child-Pugh;CPS01;Child-Pugh Clinical Classification Question","CPS01-PT, INR;CPS0105B;Child-Pugh - PT, INR","Ordinal","Child-Pugh Classification (Child-Pugh) Prothrombin time, international normalized ratio (INR).","http://loinc.org/","LOINC","6301-6","C25372","C25372","Category","string","CHILD-PUGH CLASSIFICATION"
"2025-09-23","Child-Pugh - PT, INR","C121073","C121073","C120996","QRS;Clinical or Research Assessment Classification;Child-Pugh Clinical Classification;CHILD-PUGH CLASSIFICATION;Child-Pugh;CPS01;Child-Pugh Clinical Classification Question","CPS01-PT, INR;CPS0105B;Child-Pugh - PT, INR","Ordinal","Child-Pugh Classification (Child-Pugh) Prothrombin time, international normalized ratio (INR).","http://loinc.org/","LOINC","6301-6","C82515","C82515","Collection Date Time","datetime",""
"2025-09-23","Child-Pugh - PT, INR","C121073","C121073","C120996","QRS;Clinical or Research Assessment Classification;Child-Pugh Clinical Classification;CHILD-PUGH CLASSIFICATION;Child-Pugh;CPS01;Child-Pugh Clinical Classification Question","CPS01-PT, INR;CPS0105B;Child-Pugh - PT, INR","Ordinal","Child-Pugh Classification (Child-Pugh) Prothrombin time, international normalized ratio (INR).","http://loinc.org/","LOINC","6301-6","C51824","C51824","Evaluator","string","INVESTIGATOR"
"2025-09-23","Child-Pugh - PT, Sec Prolonged","C121072","C121072","C120996","QRS;Clinical or Research Assessment Classification;Child-Pugh Clinical Classification;CHILD-PUGH CLASSIFICATION;Child-Pugh;CPS01;Child-Pugh Clinical Classification Question","CPS01-PT, Sec Prolonged;CPS0105A;Child-Pugh - PT, Sec Prolonged","Ordinal","Child-Pugh Classification (Child-Pugh) Prothrombin time, sec prolonged.","http://loinc.org/","LOINC","5902-2","C51824","C51824","Evaluator","string","INVESTIGATOR"
"2025-09-23","Child-Pugh - PT, Sec Prolonged","C121072","C121072","C120996","QRS;Clinical or Research Assessment Classification;Child-Pugh Clinical Classification;CHILD-PUGH CLASSIFICATION;Child-Pugh;CPS01;Child-Pugh Clinical Classification Question","CPS01-PT, Sec Prolonged;CPS0105A;Child-Pugh - PT, Sec Prolonged","Ordinal","Child-Pugh Classification (Child-Pugh) Prothrombin time, sec prolonged.","http://loinc.org/","LOINC","5902-2","C42574","C42574","Unit of Time","string","s"
"2025-09-23","Child-Pugh - PT, Sec Prolonged","C121072","C121072","C120996","QRS;Clinical or Research Assessment Classification;Child-Pugh Clinical Classification;CHILD-PUGH CLASSIFICATION;Child-Pugh;CPS01;Child-Pugh Clinical Classification Question","CPS01-PT, Sec Prolonged;CPS0105A;Child-Pugh - PT, Sec Prolonged","Ordinal","Child-Pugh Classification (Child-Pugh) Prothrombin time, sec prolonged.","http://loinc.org/","LOINC","5902-2","C25372","C25372","Category","string","CHILD-PUGH CLASSIFICATION"
"2025-09-23","Child-Pugh - PT, Sec Prolonged","C121072","C121072","C120996","QRS;Clinical or Research Assessment Classification;Child-Pugh Clinical Classification;CHILD-PUGH CLASSIFICATION;Child-Pugh;CPS01;Child-Pugh Clinical Classification Question","CPS01-PT, Sec Prolonged;CPS0105A;Child-Pugh - PT, Sec Prolonged","Ordinal","Child-Pugh Classification (Child-Pugh) Prothrombin time, sec prolonged.","http://loinc.org/","LOINC","5902-2","C91106","C91106","Clinical or Research Assessment Answer","string","4 to 6;<4;>6"
"2025-09-23","Child-Pugh - PT, Sec Prolonged","C121072","C121072","C120996","QRS;Clinical or Research Assessment Classification;Child-Pugh Clinical Classification;CHILD-PUGH CLASSIFICATION;Child-Pugh;CPS01;Child-Pugh Clinical Classification Question","CPS01-PT, Sec Prolonged;CPS0105A;Child-Pugh - PT, Sec Prolonged","Ordinal","Child-Pugh Classification (Child-Pugh) Prothrombin time, sec prolonged.","http://loinc.org/","LOINC","5902-2","C46126","C46126","Ordinal Position","integer","1;2;3"
"2025-09-23","Child-Pugh - PT, Sec Prolonged","C121072","C121072","C120996","QRS;Clinical or Research Assessment Classification;Child-Pugh Clinical Classification;CHILD-PUGH CLASSIFICATION;Child-Pugh;CPS01;Child-Pugh Clinical Classification Question","CPS01-PT, Sec Prolonged;CPS0105A;Child-Pugh - PT, Sec Prolonged","Ordinal","Child-Pugh Classification (Child-Pugh) Prothrombin time, sec prolonged.","http://loinc.org/","LOINC","5902-2","C82515","C82515","Collection Date Time","datetime",""
"2025-09-23","Child-Pugh - Serum Albumin","C121071","C121071","C120996","QRS;Clinical or Research Assessment Classification;Child-Pugh Clinical Classification;CHILD-PUGH CLASSIFICATION;Child-Pugh;CPS01;Child-Pugh Clinical Classification Question","CPS01-Serum Albumin;CPS0104;Child-Pugh - Serum Albumin","Ordinal","Child-Pugh Classification (Child-Pugh) Serum albumin, g/dL.","http://loinc.org/","LOINC","1751-7","C51824","C51824","Evaluator","string","INVESTIGATOR"
"2025-09-23","Child-Pugh - Serum Albumin","C121071","C121071","C120996","QRS;Clinical or Research Assessment Classification;Child-Pugh Clinical Classification;CHILD-PUGH CLASSIFICATION;Child-Pugh;CPS01;Child-Pugh Clinical Classification Question","CPS01-Serum Albumin;CPS0104;Child-Pugh - Serum Albumin","Ordinal","Child-Pugh Classification (Child-Pugh) Serum albumin, g/dL.","http://loinc.org/","LOINC","1751-7","C82515","C82515","Collection Date Time","datetime",""
"2025-09-23","Child-Pugh - Serum Albumin","C121071","C121071","C120996","QRS;Clinical or Research Assessment Classification;Child-Pugh Clinical Classification;CHILD-PUGH CLASSIFICATION;Child-Pugh;CPS01;Child-Pugh Clinical Classification Question","CPS01-Serum Albumin;CPS0104;Child-Pugh - Serum Albumin","Ordinal","Child-Pugh Classification (Child-Pugh) Serum albumin, g/dL.","http://loinc.org/","LOINC","1751-7","C48207","C48207","Unit of Concentration","string","g/dL"
"2025-09-23","Child-Pugh - Serum Albumin","C121071","C121071","C120996","QRS;Clinical or Research Assessment Classification;Child-Pugh Clinical Classification;CHILD-PUGH CLASSIFICATION;Child-Pugh;CPS01;Child-Pugh Clinical Classification Question","CPS01-Serum Albumin;CPS0104;Child-Pugh - Serum Albumin","Ordinal","Child-Pugh Classification (Child-Pugh) Serum albumin, g/dL.","http://loinc.org/","LOINC","1751-7","C25372","C25372","Category","string","CHILD-PUGH CLASSIFICATION"
"2025-09-23","Child-Pugh - Serum Albumin","C121071","C121071","C120996","QRS;Clinical or Research Assessment Classification;Child-Pugh Clinical Classification;CHILD-PUGH CLASSIFICATION;Child-Pugh;CPS01;Child-Pugh Clinical Classification Question","CPS01-Serum Albumin;CPS0104;Child-Pugh - Serum Albumin","Ordinal","Child-Pugh Classification (Child-Pugh) Serum albumin, g/dL.","http://loinc.org/","LOINC","1751-7","C91106","C91106","Clinical or Research Assessment Answer","string","2.8 to 3.5;<2.8;>3.5"
"2025-09-23","Child-Pugh - Serum Albumin","C121071","C121071","C120996","QRS;Clinical or Research Assessment Classification;Child-Pugh Clinical Classification;CHILD-PUGH CLASSIFICATION;Child-Pugh;CPS01;Child-Pugh Clinical Classification Question","CPS01-Serum Albumin;CPS0104;Child-Pugh - Serum Albumin","Ordinal","Child-Pugh Classification (Child-Pugh) Serum albumin, g/dL.","http://loinc.org/","LOINC","1751-7","C46126","C46126","Ordinal Position","integer","1;2;3"
"2025-09-23","Child-Pugh - Serum Bilirubin","C121070","C121070","C120996","QRS;Clinical or Research Assessment Classification;Child-Pugh Clinical Classification;CHILD-PUGH CLASSIFICATION;Child-Pugh;CPS01;Child-Pugh Clinical Classification Question","CPS01-Serum Bilirubin;CPS0103;Child-Pugh - Serum Bilirubin","Ordinal","Child-Pugh Classification (Child-Pugh) Serum bilirubin, mg/dL.","http://loinc.org/","LOINC","1975-2","C91106","C91106","Clinical or Research Assessment Answer","string","2 to 3;<2;>3"
"2025-09-23","Child-Pugh - Serum Bilirubin","C121070","C121070","C120996","QRS;Clinical or Research Assessment Classification;Child-Pugh Clinical Classification;CHILD-PUGH CLASSIFICATION;Child-Pugh;CPS01;Child-Pugh Clinical Classification Question","CPS01-Serum Bilirubin;CPS0103;Child-Pugh - Serum Bilirubin","Ordinal","Child-Pugh Classification (Child-Pugh) Serum bilirubin, mg/dL.","http://loinc.org/","LOINC","1975-2","C25372","C25372","Category","string","CHILD-PUGH CLASSIFICATION"
"2025-09-23","Child-Pugh - Serum Bilirubin","C121070","C121070","C120996","QRS;Clinical or Research Assessment Classification;Child-Pugh Clinical Classification;CHILD-PUGH CLASSIFICATION;Child-Pugh;CPS01;Child-Pugh Clinical Classification Question","CPS01-Serum Bilirubin;CPS0103;Child-Pugh - Serum Bilirubin","Ordinal","Child-Pugh Classification (Child-Pugh) Serum bilirubin, mg/dL.","http://loinc.org/","LOINC","1975-2","C48207","C48207","Unit of Concentration","string","mg/dL"
"2025-09-23","Child-Pugh - Serum Bilirubin","C121070","C121070","C120996","QRS;Clinical or Research Assessment Classification;Child-Pugh Clinical Classification;CHILD-PUGH CLASSIFICATION;Child-Pugh;CPS01;Child-Pugh Clinical Classification Question","CPS01-Serum Bilirubin;CPS0103;Child-Pugh - Serum Bilirubin","Ordinal","Child-Pugh Classification (Child-Pugh) Serum bilirubin, mg/dL.","http://loinc.org/","LOINC","1975-2","C82515","C82515","Collection Date Time","datetime",""
"2025-09-23","Child-Pugh - Serum Bilirubin","C121070","C121070","C120996","QRS;Clinical or Research Assessment Classification;Child-Pugh Clinical Classification;CHILD-PUGH CLASSIFICATION;Child-Pugh;CPS01;Child-Pugh Clinical Classification Question","CPS01-Serum Bilirubin;CPS0103;Child-Pugh - Serum Bilirubin","Ordinal","Child-Pugh Classification (Child-Pugh) Serum bilirubin, mg/dL.","http://loinc.org/","LOINC","1975-2","C51824","C51824","Evaluator","string","INVESTIGATOR"
"2025-09-23","Child-Pugh - Serum Bilirubin","C121070","C121070","C120996","QRS;Clinical or Research Assessment Classification;Child-Pugh Clinical Classification;CHILD-PUGH CLASSIFICATION;Child-Pugh;CPS01;Child-Pugh Clinical Classification Question","CPS01-Serum Bilirubin;CPS0103;Child-Pugh - Serum Bilirubin","Ordinal","Child-Pugh Classification (Child-Pugh) Serum bilirubin, mg/dL.","http://loinc.org/","LOINC","1975-2","C46126","C46126","Ordinal Position","integer","1;2;3"
"2025-09-23","Child-Pugh - Total Score","C121074","C121074","C120996","QRS;Clinical or Research Assessment Classification;Child-Pugh Clinical Classification;CHILD-PUGH CLASSIFICATION;Child-Pugh;CPS01;Child-Pugh Clinical Classification Question","CPS01-Total Score;CPS0106;Child-Pugh - Total Score","Ordinal","Child-Pugh Classification (Child-Pugh) Child-Pugh total score.","http://loinc.org/","LOINC","98152-2","C46126","C46126","Ordinal Position","integer",""
"2025-09-23","Child-Pugh - Total Score","C121074","C121074","C120996","QRS;Clinical or Research Assessment Classification;Child-Pugh Clinical Classification;CHILD-PUGH CLASSIFICATION;Child-Pugh;CPS01;Child-Pugh Clinical Classification Question","CPS01-Total Score;CPS0106;Child-Pugh - Total Score","Ordinal","Child-Pugh Classification (Child-Pugh) Child-Pugh total score.","http://loinc.org/","LOINC","98152-2","C91106","C91106","Clinical or Research Assessment Answer","string",""
"2025-09-23","Child-Pugh - Total Score","C121074","C121074","C120996","QRS;Clinical or Research Assessment Classification;Child-Pugh Clinical Classification;CHILD-PUGH CLASSIFICATION;Child-Pugh;CPS01;Child-Pugh Clinical Classification Question","CPS01-Total Score;CPS0106;Child-Pugh - Total Score","Ordinal","Child-Pugh Classification (Child-Pugh) Child-Pugh total score.","http://loinc.org/","LOINC","98152-2","C25372","C25372","Category","string","CHILD-PUGH CLASSIFICATION"
"2025-09-23","Child-Pugh - Total Score","C121074","C121074","C120996","QRS;Clinical or Research Assessment Classification;Child-Pugh Clinical Classification;CHILD-PUGH CLASSIFICATION;Child-Pugh;CPS01;Child-Pugh Clinical Classification Question","CPS01-Total Score;CPS0106;Child-Pugh - Total Score","Ordinal","Child-Pugh Classification (Child-Pugh) Child-Pugh total score.","http://loinc.org/","LOINC","98152-2","C82515","C82515","Collection Date Time","datetime",""
"2025-09-23","Child-Pugh - Total Score","C121074","C121074","C120996","QRS;Clinical or Research Assessment Classification;Child-Pugh Clinical Classification;CHILD-PUGH CLASSIFICATION;Child-Pugh;CPS01;Child-Pugh Clinical Classification Question","CPS01-Total Score;CPS0106;Child-Pugh - Total Score","Ordinal","Child-Pugh Classification (Child-Pugh) Child-Pugh total score.","http://loinc.org/","LOINC","98152-2","C51824","C51824","Evaluator","string","INVESTIGATOR"
"2025-11-18","Color Assessment","C64546","C64546","","Laboratory Tests;Urinalysis;Urinary System Findings;Ophthalmic Examination","COLOR;Color","Nominal","A qualitative assessment of the color of a biological specimen.","http://loinc.org/","LOINC","5778-6","C70856","C70856","Observation Result","string",""
"2025-11-18","Color Assessment","C64546","C64546","","Laboratory Tests;Urinalysis;Urinary System Findings;Ophthalmic Examination","COLOR;Color","Nominal","A qualitative assessment of the color of a biological specimen.","http://loinc.org/","LOINC","5778-6","C82535","C82535","Test Method","string",""
"2025-11-18","Color Assessment","C64546","C64546","","Laboratory Tests;Urinalysis;Urinary System Findings;Ophthalmic Examination","COLOR;Color","Nominal","A qualitative assessment of the color of a biological specimen.","http://loinc.org/","LOINC","5778-6","C82515","C82515","Collection Date Time","datetime",""
"2025-11-18","Color Assessment","C64546","C64546","","Laboratory Tests;Urinalysis;Urinary System Findings;Ophthalmic Examination","COLOR;Color","Nominal","A qualitative assessment of the color of a biological specimen.","http://loinc.org/","LOINC","5778-6","C70713","C70713","Biospecimen Type","string","Urine;Sputum;Stool;Body Fluid;Eyes;Skin"
"2026-03-31","Core Body Temperature","C174370","C174370","C164325","Vital Signs;Temperature","TEMPCB","Quantitative","A measurement of the temperature within the deep tissues of the body.","http://loinc.org/","LOINC","8329-5","C13717","C13717","Anatomic Site","string","TYMPANIC MEMBRANE;NASOPHARYNX;ESOPHAGUS;PULMONARY ARTERY BRANCH;SUBLINGUAL REGION;TYMPANIC MEMBRANE;NASOPHARYNX;ESOPHAGUS;PULMONARY ARTERY BRANCH;RECTUM"
"2026-03-31","Core Body Temperature","C174370","C174370","C164325","Vital Signs;Temperature","TEMPCB","Quantitative","A measurement of the temperature within the deep tissues of the body.","http://loinc.org/","LOINC","8329-5","C44276","C44276","Unit of Temperature","string","C;F"
"2026-03-31","Core Body Temperature","C174370","C174370","C164325","Vital Signs;Temperature","TEMPCB","Quantitative","A measurement of the temperature within the deep tissues of the body.","http://loinc.org/","LOINC","8329-5","C70856","C70856","Observation Result","decimal",""
"2026-03-31","Core Body Temperature","C174370","C174370","C164325","Vital Signs;Temperature","TEMPCB","Quantitative","A measurement of the temperature within the deep tissues of the body.","http://loinc.org/","LOINC","8329-5","C82515","C82515","Collection Date Time","datetime",""
"2025-12-16","Diastolic Blood Pressure","C25299","C25299","C54706","Vital Signs;Blood Pressure","DIABP","Quantitative","The minimum pressure exerted into the systemic arterial circulation during cardiac ventricular relaxation and filling.","http://loinc.org/","LOINC","8462-4","C13717","C13717","Anatomic Site","string","Arm;Artery;Calf;Forearm;Thigh;Vein"
"2025-12-16","Diastolic Blood Pressure","C25299","C25299","C54706","Vital Signs;Blood Pressure","DIABP","Quantitative","The minimum pressure exerted into the systemic arterial circulation during cardiac ventricular relaxation and filling.","http://loinc.org/","LOINC","8462-4","C25185","C25185","Laterality","string","Left;Right"
"2025-12-16","Diastolic Blood Pressure","C25299","C25299","C54706","Vital Signs;Blood Pressure","DIABP","Quantitative","The minimum pressure exerted into the systemic arterial circulation during cardiac ventricular relaxation and filling.","http://loinc.org/","LOINC","8462-4","C49669","C49669","Unit of Pressure","string","cmHg;mmHG;Pascal"
"2025-12-16","Diastolic Blood Pressure","C25299","C25299","C54706","Vital Signs;Blood Pressure","DIABP","Quantitative","The minimum pressure exerted into the systemic arterial circulation during cardiac ventricular relaxation and filling.","http://loinc.org/","LOINC","8462-4","C82515","C82515","Collection Date Time","datetime",""
"2025-12-16","Diastolic Blood Pressure","C25299","C25299","C54706","Vital Signs;Blood Pressure","DIABP","Quantitative","The minimum pressure exerted into the systemic arterial circulation during cardiac ventricular relaxation and filling.","http://loinc.org/","LOINC","8462-4","C70856","C70856","Observation Result","decimal",""
"2025-12-16","Diastolic Blood Pressure","C25299","C25299","C54706","Vital Signs;Blood Pressure","DIABP","Quantitative","The minimum pressure exerted into the systemic arterial circulation during cardiac ventricular relaxation and filling.","http://loinc.org/","LOINC","8462-4","C62164","C62164","Body Position","string","Decubitus;Fowlers;Lateral Decubitus;Left Lateral Decubitus;Prone;Reverse Trendelenburg;Right Lateral Decubitus;Semi-Fowlers;Semi-Recumbent;Sitting;Sitting, Legs Dependent;Sling;Standing;Standing, Bent Forward;Supine;Trendelenburg;Unconstrained"
"2025-12-16","Diastolic Blood Pressure","C25299","C25299","C54706","Vital Signs;Blood Pressure","DIABP","Quantitative","The minimum pressure exerted into the systemic arterial circulation during cardiac ventricular relaxation and filling.","http://loinc.org/","LOINC","8462-4","C82535","C82535","Test Method","string","Auscultation automatic;Auscultation manual;Cuff-manual palpated;Doppler;Oscillometry;Arterial line;Venous line;Continuous noninvasive arterial pressure (CNAP)"
"2025-09-23","ECOG - Performance Status","C102408","C102408","C101874","QRS;Clinical or Research Assessment Classification;Eastern Cooperative Oncology Group Performance Status Clinical Classification;ECOG;ECOG1;ECOG Clinical Classification Question","ECOG1-Performance Status;ECOG101;ECOG - Performance Status","Ordinal","Eastern Cooperative Oncology Group (ECOG) Performance status.","http://loinc.org/","LOINC","89247-1","C91106","C91106","Clinical or Research Assessment Answer","string","Fully active, able to carry on all pre-disease performance without restriction;Restricted in physically strenuous activity but ambulatory and able to carry out work of a light or sedentary nature, e.g., light house work, office work;Ambulatory and capable of all selfcare but unable to carry out any work activities. Up and about more than 50% of waking hours;Capable of only limited selfcare, confined to bed or chair more than 50% of waking hours;Completely disabled. Cannot carry on any selfcare. Totally confined to bed or chair;Dead"
"2025-09-23","ECOG - Performance Status","C102408","C102408","C101874","QRS;Clinical or Research Assessment Classification;Eastern Cooperative Oncology Group Performance Status Clinical Classification;ECOG;ECOG1;ECOG Clinical Classification Question","ECOG1-Performance Status;ECOG101;ECOG - Performance Status","Ordinal","Eastern Cooperative Oncology Group (ECOG) Performance status.","http://loinc.org/","LOINC","89247-1","C25372","C25372","Category","string","ECOG"
"2025-09-23","ECOG - Performance Status","C102408","C102408","C101874","QRS;Clinical or Research Assessment Classification;Eastern Cooperative Oncology Group Performance Status Clinical Classification;ECOG;ECOG1;ECOG Clinical Classification Question","ECOG1-Performance Status;ECOG101;ECOG - Performance Status","Ordinal","Eastern Cooperative Oncology Group (ECOG) Performance status.","http://loinc.org/","LOINC","89247-1","C46126","C46126","Ordinal Position","integer","0;1;2;3;4;5"
"2025-09-23","ECOG - Performance Status","C102408","C102408","C101874","QRS;Clinical or Research Assessment Classification;Eastern Cooperative Oncology Group Performance Status Clinical Classification;ECOG;ECOG1;ECOG Clinical Classification Question","ECOG1-Performance Status;ECOG101;ECOG - Performance Status","Ordinal","Eastern Cooperative Oncology Group (ECOG) Performance status.","http://loinc.org/","LOINC","89247-1","C82515","C82515","Collection Date Time","datetime",""
"2025-11-18","Electrocardiogram Analysis","C181655","C181655","C25391","Electrocardiogram Findings;Electrocardiogram Interpretation;ECG Findings;ECG Interpretation","ECG Analysis;EKG Analysis;Electrocardiogram Interpretation;ECG Interpretation;EKG Interpretation","Nominal","The examination and interpretation of electrocardiogram data.","http://loinc.org/","LOINC","8601-7","C51824","C51824","Evaluator","string","Investigator;Vendor;Adjudication Committee"
"2025-11-18","Electrocardiogram Analysis","C181655","C181655","C25391","Electrocardiogram Findings;Electrocardiogram Interpretation;ECG Findings;ECG Interpretation","ECG Analysis;EKG Analysis;Electrocardiogram Interpretation;ECG Interpretation;EKG Interpretation","Nominal","The examination and interpretation of electrocardiogram data.","http://loinc.org/","LOINC","8601-7","C93532","C93532","Clinically Significant Indicator","string","Y;N;Unknown"
"2025-11-18","Electrocardiogram Analysis","C181655","C181655","C25391","Electrocardiogram Findings;Electrocardiogram Interpretation;ECG Findings;ECG Interpretation","ECG Analysis;EKG Analysis;Electrocardiogram Interpretation;ECG Interpretation;EKG Interpretation","Nominal","The examination and interpretation of electrocardiogram data.","http://loinc.org/","LOINC","8601-7","C82515","C82515","Collection Date Time","datetime",""
"2025-11-18","Electrocardiogram Analysis","C181655","C181655","C25391","Electrocardiogram Findings;Electrocardiogram Interpretation;ECG Findings;ECG Interpretation","ECG Analysis;EKG Analysis;Electrocardiogram Interpretation;ECG Interpretation;EKG Interpretation","Nominal","The examination and interpretation of electrocardiogram data.","http://loinc.org/","LOINC","8601-7","C25372","C25372","Category","string","Interval;Measurement;Finding"
"2025-11-18","Electrocardiogram Analysis","C181655","C181655","C25391","Electrocardiogram Findings;Electrocardiogram Interpretation;ECG Findings;ECG Interpretation","ECG Analysis;EKG Analysis;Electrocardiogram Interpretation;ECG Interpretation;EKG Interpretation","Nominal","The examination and interpretation of electrocardiogram data.","http://loinc.org/","LOINC","8601-7","C62164","C62164","Body Position","string","Supine;Sitting"
"2025-11-18","Electrocardiogram Analysis","C181655","C181655","C25391","Electrocardiogram Findings;Electrocardiogram Interpretation;ECG Findings;ECG Interpretation","ECG Analysis;EKG Analysis;Electrocardiogram Interpretation;ECG Interpretation;EKG Interpretation","Nominal","The examination and interpretation of electrocardiogram data.","http://loinc.org/","LOINC","8601-7","C125009","C125009","Clinical Interpretation","string","Normal;Abnormal"
"2025-11-18","Electrocardiogram Analysis","C181655","C181655","C25391","Electrocardiogram Findings;Electrocardiogram Interpretation;ECG Findings;ECG Interpretation","ECG Analysis;EKG Analysis;Electrocardiogram Interpretation;ECG Interpretation;EKG Interpretation","Nominal","The examination and interpretation of electrocardiogram data.","http://loinc.org/","LOINC","8601-7","C82535","C82535","Test Method","string","12 Lead Standard;12 Lead Continuous ECG;10 Lead Standard;6 Lead Standard"
"2025-07-01","Eosinophil Count","C64550","C64550","C51948","Laboratory Tests;Hematology Tests;Blood Cell Counts;White Blood Cell Counts","Eosinophils","Quantitative","The determination of the number of eosinophils in a blood sample.","http://loinc.org/","LOINC","26449-9","C67391","C67391","Unit of Number Concentration","string",""
"2025-07-01","Eosinophil Count","C64550","C64550","C51948","Laboratory Tests;Hematology Tests;Blood Cell Counts;White Blood Cell Counts","Eosinophils","Quantitative","The determination of the number of eosinophils in a blood sample.","http://loinc.org/","LOINC","26449-9","C70713","C70713","Biospecimen Type","string","Blood"
"2025-07-01","Eosinophil Count","C64550","C64550","C51948","Laboratory Tests;Hematology Tests;Blood Cell Counts;White Blood Cell Counts","Eosinophils","Quantitative","The determination of the number of eosinophils in a blood sample.","http://loinc.org/","LOINC","26449-9","C93566","C93566","Fasting Status Indicator","boolean",""
"2025-07-01","Eosinophil Count","C64550","C64550","C51948","Laboratory Tests;Hematology Tests;Blood Cell Counts;White Blood Cell Counts","Eosinophils","Quantitative","The determination of the number of eosinophils in a blood sample.","http://loinc.org/","LOINC","26449-9","C70856","C70856","Observation Result","decimal",""
"2025-07-01","Eosinophil Count","C64550","C64550","C51948","Laboratory Tests;Hematology Tests;Blood Cell Counts;White Blood Cell Counts","Eosinophils","Quantitative","The determination of the number of eosinophils in a blood sample.","http://loinc.org/","LOINC","26449-9","C82515","C82515","Collection Date Time","datetime",""
"2026-03-31","Estimated Body Weight","C132482","C132482","C81328","Vital Signs;Body Measurements","Estimated Weight;EWEIGHT","Quantitative","An approximate determination of the weight of a body.","http://loinc.org/","LOINC","8335-2","C82515","C82515","Collection Date Time","datetime",""
"2026-03-31","Estimated Body Weight","C132482","C132482","C81328","Vital Signs;Body Measurements","Estimated Weight;EWEIGHT","Quantitative","An approximate determination of the weight of a body.","http://loinc.org/","LOINC","8335-2","C48208","C48208","Unit of Weight","string","g;kg;LB"
"2026-03-31","Estimated Body Weight","C132482","C132482","C81328","Vital Signs;Body Measurements","Estimated Weight;EWEIGHT","Quantitative","An approximate determination of the weight of a body.","http://loinc.org/","LOINC","8335-2","C70856","C70856","Observation Result","decimal",""
"2026-03-31","Expiratory Reserve Volume","C111200","C111200","C38081","Respiratory System Findings;Pulmonary Function Test","ERV","Quantitative","The maximum volume of air a subject can exhale from the lungs after a tidal exhalation.","http://loinc.org/","LOINC","19924-0","C44279","C44279","Unit of Volume","string","mL;L"
"2026-03-31","Expiratory Reserve Volume","C111200","C111200","C38081","Respiratory System Findings;Pulmonary Function Test","ERV","Quantitative","The maximum volume of air a subject can exhale from the lungs after a tidal exhalation.","http://loinc.org/","LOINC","19924-0","C70856","C70856","Observation Result","decimal",""
"2026-03-31","Expiratory Reserve Volume","C111200","C111200","C38081","Respiratory System Findings;Pulmonary Function Test","ERV","Quantitative","The maximum volume of air a subject can exhale from the lungs after a tidal exhalation.","http://loinc.org/","LOINC","19924-0","C82515","C82515","Collection Date Time","datetime",""
"2026-03-31","Fetal Estimated Weight","C174372","C174372","C124479","Vital Signs;Body Measurements;Fetal Body Measurements","FTEWT","Quantitative","An approximate determination of the weight of the fetus.","http://loinc.org/","LOINC","89087-1","C82515","C82515","Collection Date Time","datetime",""
"2026-03-31","Fetal Estimated Weight","C174372","C174372","C124479","Vital Signs;Body Measurements;Fetal Body Measurements","FTEWT","Quantitative","An approximate determination of the weight of the fetus.","http://loinc.org/","LOINC","89087-1","C70856","C70856","Observation Result","decimal",""
"2026-03-31","Fetal Estimated Weight","C174372","C174372","C124479","Vital Signs;Body Measurements;Fetal Body Measurements","FTEWT","Quantitative","An approximate determination of the weight of the fetus.","http://loinc.org/","LOINC","89087-1","C48208","C48208","Unit of Weight","string","g;kg;LB;oz"
"2026-05-26","Fetal Head Circumference","C158297","C158297","C81255","Vital Signs;Body Measurements;Fetal Body Measurements","FTHDCIRC","Quantitative","A circumferential measurement of the fetal head at the widest point.","http://loinc.org/","LOINC","11984-2","C42578","C42578","Unit of Length","string","cm;in;mm"
"2026-05-26","Fetal Head Circumference","C158297","C158297","C81255","Vital Signs;Body Measurements;Fetal Body Measurements","FTHDCIRC","Quantitative","A circumferential measurement of the fetal head at the widest point.","http://loinc.org/","LOINC","11984-2","C70856","C70856","Observation Result","decimal",""
"2026-05-26","Fetal Head Circumference","C158297","C158297","C81255","Vital Signs;Body Measurements;Fetal Body Measurements","FTHDCIRC","Quantitative","A circumferential measurement of the fetal head at the widest point.","http://loinc.org/","LOINC","11984-2","C82515","C82515","Collection Date Time","datetime",""
"2026-03-31","Fetal Heart Rate","C92716","C92716","C92715","Vital Signs;Heart Findings;Fetal Heart Findings","Fetal HR;FTHR","Quantitative","The number of fetal cardiac beats per minute.","http://loinc.org/","LOINC","55283-6","C73688","C73688","Count per Minute","decimal","beats/min"
"2026-03-31","Fetal Heart Rate","C92716","C92716","C92715","Vital Signs;Heart Findings;Fetal Heart Findings","Fetal HR;FTHR","Quantitative","The number of fetal cardiac beats per minute.","http://loinc.org/","LOINC","55283-6","C70856","C70856","Observation Result","decimal",""
"2026-03-31","Fetal Heart Rate","C92716","C92716","C92715","Vital Signs;Heart Findings;Fetal Heart Findings","Fetal HR;FTHR","Quantitative","The number of fetal cardiac beats per minute.","http://loinc.org/","LOINC","55283-6","C82515","C82515","Collection Date Time","datetime",""
"2026-03-31","Fetal Weight-for-Gestational Age Percentile","C174374","C174374","C163569","Vital Signs;Body Measurements;Fetal Body Measurements","Fetal Weight-for-Gest Age Percentile;FTWTGAPL","Quantitative","An assessed relationship of the fetus' weight and gestational age to that of a reference population, expressed as a percentile.","http://loinc.org/","LOINC","11766-3","C70856","C70856","Observation Result","decimal",""
"2026-03-31","Fetal Weight-for-Gestational Age Percentile","C174374","C174374","C163569","Vital Signs;Body Measurements;Fetal Body Measurements","Fetal Weight-for-Gest Age Percentile;FTWTGAPL","Quantitative","An assessed relationship of the fetus' weight and gestational age to that of a reference population, expressed as a percentile.","http://loinc.org/","LOINC","11766-3","C82515","C82515","Collection Date Time","datetime",""
"2026-03-31","First Ventilatory Threshold","C202446","C202446","C123909","Respiratory System Findings","Ventilatory Threshold 1;VT1","Quantitative","The point during activity or exercise at which ventilation begins to increase at a faster rate than oxygen consumption. This threshold is characterized by aerobic metabolism.","http://loinc.org/","LOINC","94124-5","C66973","C66973","Unit of Dose Calculation","string","mL/kg/min"
"2026-03-31","First Ventilatory Threshold","C202446","C202446","C123909","Respiratory System Findings","Ventilatory Threshold 1;VT1","Quantitative","The point during activity or exercise at which ventilation begins to increase at a faster rate than oxygen consumption. This threshold is characterized by aerobic metabolism.","http://loinc.org/","LOINC","94124-5","C70856","C70856","Observation Result","decimal",""
"2026-03-31","First Ventilatory Threshold","C202446","C202446","C123909","Respiratory System Findings","Ventilatory Threshold 1;VT1","Quantitative","The point during activity or exercise at which ventilation begins to increase at a faster rate than oxygen consumption. This threshold is characterized by aerobic metabolism.","http://loinc.org/","LOINC","94124-5","C82515","C82515","Collection Date Time","datetime",""
"2026-03-31","Forced Expiratory Flow at 25-75 Percent","C119545","C119545","C38081","Respiratory System Findings;Pulmonary Function Test","FEF2575;Forced Expiratory Flow 25-75%","Quantitative","The mean forced expiratory flow rate at 25-75% of the forced vital capacity.","http://loinc.org/","LOINC","19945-5","C82515","C82515","Collection Date Time","datetime",""
"2026-03-31","Forced Expiratory Flow at 25-75 Percent","C119545","C119545","C38081","Respiratory System Findings;Pulmonary Function Test","FEF2575;Forced Expiratory Flow 25-75%","Quantitative","The mean forced expiratory flow rate at 25-75% of the forced vital capacity.","http://loinc.org/","LOINC","19945-5","C70856","C70856","Observation Result","decimal",""
"2026-03-31","Forced Expiratory Flow at 25-75 Percent","C119545","C119545","C38081","Respiratory System Findings;Pulmonary Function Test","FEF2575;Forced Expiratory Flow 25-75%","Quantitative","The mean forced expiratory flow rate at 25-75% of the forced vital capacity.","http://loinc.org/","LOINC","19945-5","C48568","C48568","Unit of Volumetric Flow Rate","string","L/s;L/min"
"2026-03-31","Forced Expiratory Time","C201471","C201471","C120932","Respiratory System Findings","FET","Quantitative","The time taken to fully expirate air from the lungs.","http://loinc.org/","LOINC","65819-5","C70856","C70856","Observation Result","decimal",""
"2026-03-31","Forced Expiratory Time","C201471","C201471","C120932","Respiratory System Findings","FET","Quantitative","The time taken to fully expirate air from the lungs.","http://loinc.org/","LOINC","65819-5","C82515","C82515","Collection Date Time","datetime",""
"2026-03-31","Forced Expiratory Time","C201471","C201471","C120932","Respiratory System Findings","FET","Quantitative","The time taken to fully expirate air from the lungs.","http://loinc.org/","LOINC","65819-5","C42574","C42574","Unit of Time","string","ms;s"
"2026-03-31","Forced Expiratory Volume in 0.1 Second","C139247","C139247","C38081","Respiratory System Findings;Pulmonary Function Test","FEV_1;FEV 0.1s","Quantitative","The volume of air that can be forcibly exhaled during the first 0.1 second following maximal inhalation.","http://loinc.org/","LOINC","20150-9","C82515","C82515","Collection Date Time","datetime",""
"2026-03-31","Forced Expiratory Volume in 0.1 Second","C139247","C139247","C38081","Respiratory System Findings;Pulmonary Function Test","FEV_1;FEV 0.1s","Quantitative","The volume of air that can be forcibly exhaled during the first 0.1 second following maximal inhalation.","http://loinc.org/","LOINC","20150-9","C44279","C44279","Unit of Volume","string","L;mL"
"2026-03-31","Forced Expiratory Volume in 0.1 Second","C139247","C139247","C38081","Respiratory System Findings;Pulmonary Function Test","FEV_1;FEV 0.1s","Quantitative","The volume of air that can be forcibly exhaled during the first 0.1 second following maximal inhalation.","http://loinc.org/","LOINC","20150-9","C70856","C70856","Observation Result","decimal",""
"2026-03-31","Forced Expiratory Volume in 0.5 Second","C139262","C139262","C38081","Respiratory System Findings;Pulmonary Function Test","FEV_5;FEV 0.5s","Quantitative","The volume of air that can be forcibly exhaled during the first half second following maximal inhalation.","http://loinc.org/","LOINC","20148-3","C44279","C44279","Unit of Volume","string","L;mL"
"2026-03-31","Forced Expiratory Volume in 0.5 Second","C139262","C139262","C38081","Respiratory System Findings;Pulmonary Function Test","FEV_5;FEV 0.5s","Quantitative","The volume of air that can be forcibly exhaled during the first half second following maximal inhalation.","http://loinc.org/","LOINC","20148-3","C70856","C70856","Observation Result","decimal",""
"2026-03-31","Forced Expiratory Volume in 0.5 Second","C139262","C139262","C38081","Respiratory System Findings;Pulmonary Function Test","FEV_5;FEV 0.5s","Quantitative","The volume of air that can be forcibly exhaled during the first half second following maximal inhalation.","http://loinc.org/","LOINC","20148-3","C82515","C82515","Collection Date Time","datetime",""
"2026-05-26","Forced Expiratory Volume in 1 Second","C38084","C38084","C38081","Respiratory System Findings;Pulmonary Function Test","FEV1;FEV1%VC;Forced Expiratory Volume 1 Test;PFT/FEV1;Pulmonary Function Test/Forced Expiratory Volume 1","Quantitative","A test of lung function, the FEV1 is the volume exhaled during the first second of a forced expiratory maneuver started from the level of total lung capacity. It is the most frequently used index for assessing bronchoconstriction or bronchodilatation.","http://loinc.org/","LOINC","20150-9","C70856","C70856","Observation Result","decimal",""
"2026-05-26","Forced Expiratory Volume in 1 Second","C38084","C38084","C38081","Respiratory System Findings;Pulmonary Function Test","FEV1;FEV1%VC;Forced Expiratory Volume 1 Test;PFT/FEV1;Pulmonary Function Test/Forced Expiratory Volume 1","Quantitative","A test of lung function, the FEV1 is the volume exhaled during the first second of a forced expiratory maneuver started from the level of total lung capacity. It is the most frequently used index for assessing bronchoconstriction or bronchodilatation.","http://loinc.org/","LOINC","20150-9","C82515","C82515","Collection Date Time","datetime",""
"2026-05-26","Forced Expiratory Volume in 1 Second","C38084","C38084","C38081","Respiratory System Findings;Pulmonary Function Test","FEV1;FEV1%VC;Forced Expiratory Volume 1 Test;PFT/FEV1;Pulmonary Function Test/Forced Expiratory Volume 1","Quantitative","A test of lung function, the FEV1 is the volume exhaled during the first second of a forced expiratory maneuver started from the level of total lung capacity. It is the most frequently used index for assessing bronchoconstriction or bronchodilatation.","http://loinc.org/","LOINC","20150-9","C44279","C44279","Unit of Volume","string","L;mL"
"2026-03-31","Forced Expiratory Volume in 1 Second to Forced Vital Capacity Ratio Measurement","C111359","C111359","C38081","Respiratory System Findings;Pulmonary Function Test","FEV1/FVC;FEV1FVC","Quantitative","The proportion of total forced vital capacity that is expelled during the first second of a forced exhalation.","http://loinc.org/","LOINC","19926-5","C82515","C82515","Collection Date Time","datetime",""
"2026-03-31","Forced Expiratory Volume in 1 Second to Forced Vital Capacity Ratio Measurement","C111359","C111359","C38081","Respiratory System Findings;Pulmonary Function Test","FEV1/FVC;FEV1FVC","Quantitative","The proportion of total forced vital capacity that is expelled during the first second of a forced exhalation.","http://loinc.org/","LOINC","19926-5","C70856","C70856","Observation Result","decimal",""
"2026-03-31","Forced Expiratory Volume in 1 Second to Forced Vital Capacity Ratio Measurement","C111359","C111359","C38081","Respiratory System Findings;Pulmonary Function Test","FEV1/FVC;FEV1FVC","Quantitative","The proportion of total forced vital capacity that is expelled during the first second of a forced exhalation.","http://loinc.org/","LOINC","19926-5","C48570","C48570","Percent Unit","string","RATIO;%"
"2026-03-31","Forced Vital Capacity","C111361","C111361","C38081","Respiratory System Findings;Pulmonary Function Test","FVC","Quantitative","The maximum volume of air that can be exhaled after forced maximum inhalation.","http://loinc.org/","LOINC","19870-5","C70856","C70856","Observation Result","decimal",""
"2026-03-31","Forced Vital Capacity","C111361","C111361","C38081","Respiratory System Findings;Pulmonary Function Test","FVC","Quantitative","The maximum volume of air that can be exhaled after forced maximum inhalation.","http://loinc.org/","LOINC","19870-5","C44279","C44279","Unit of Volume","string","L;mL"
"2026-03-31","Forced Vital Capacity","C111361","C111361","C38081","Respiratory System Findings;Pulmonary Function Test","FVC","Quantitative","The maximum volume of air that can be exhaled after forced maximum inhalation.","http://loinc.org/","LOINC","19870-5","C82515","C82515","Collection Date Time","datetime",""
"2026-03-31","Functional Residual Capacity","C89800","C89800","C38081","Respiratory System Findings;Pulmonary Function Test","FRC","Quantitative","The volume of air remaining in the lungs after a normal exhalation.","http://loinc.org/","LOINC","19843-2","C82515","C82515","Collection Date Time","datetime",""
"2026-03-31","Functional Residual Capacity","C89800","C89800","C38081","Respiratory System Findings;Pulmonary Function Test","FRC","Quantitative","The volume of air remaining in the lungs after a normal exhalation.","http://loinc.org/","LOINC","19843-2","C44279","C44279","Unit of Volume","string","L;mL"
"2026-03-31","Functional Residual Capacity","C89800","C89800","C38081","Respiratory System Findings;Pulmonary Function Test","FRC","Quantitative","The volume of air remaining in the lungs after a normal exhalation.","http://loinc.org/","LOINC","19843-2","C70856","C70856","Observation Result","decimal",""
"2025-04-01","Graft Status","C135522","C135522","C135508","Findings;Clinical Test Result;Renal Function Tests;Urinary System Findings;Organ Transplant Status","Graft Status;GRFTSTAT","Nominal","The condition of the donated organ or tissue.","http://loinc.org/","LOINC","44781-3","C82515","C82515","Collection Date Time","datetime",""
"2025-04-01","Graft Status","C135522","C135522","C135508","Findings;Clinical Test Result;Renal Function Tests;Urinary System Findings;Organ Transplant Status","Graft Status;GRFTSTAT","Nominal","The condition of the donated organ or tissue.","http://loinc.org/","LOINC","44781-3","C82535","C82535","Test Method","string","Needle Biopsy;Creatinine Measurement"
"2025-04-01","Graft Status","C135522","C135522","C135508","Findings;Clinical Test Result;Renal Function Tests;Urinary System Findings;Organ Transplant Status","Graft Status;GRFTSTAT","Nominal","The condition of the donated organ or tissue.","http://loinc.org/","LOINC","44781-3","C25185","C25185","Laterality","string","Right;Left"
"2025-04-01","Graft Status","C135522","C135522","C135508","Findings;Clinical Test Result;Renal Function Tests;Urinary System Findings;Organ Transplant Status","Graft Status;GRFTSTAT","Nominal","The condition of the donated organ or tissue.","http://loinc.org/","LOINC","44781-3","C13717","C13717","Anatomic Site","string","Kidney"
"2025-04-01","Graft Status","C135522","C135522","C135508","Findings;Clinical Test Result;Renal Function Tests;Urinary System Findings;Organ Transplant Status","Graft Status;GRFTSTAT","Nominal","The condition of the donated organ or tissue.","http://loinc.org/","LOINC","44781-3","C70856","C70856","Observation Result","string","Functioning;Non-functioning"
"2026-03-31","Head Circumference","C81255","C81255","C172255","Vital Signs;Body Measurements","HDCIRC;Occipital-Frontal Circumference","Quantitative","A circumferential measurement of the head at the widest point, which is traditionally above the eyebrows.","http://loinc.org/","LOINC","9843-4","C42578","C42578","Unit of Length","string","cm;in;mm"
"2026-03-31","Head Circumference","C81255","C81255","C172255","Vital Signs;Body Measurements","HDCIRC;Occipital-Frontal Circumference","Quantitative","A circumferential measurement of the head at the widest point, which is traditionally above the eyebrows.","http://loinc.org/","LOINC","9843-4","C82515","C82515","Collection Date Time","datetime",""
"2026-03-31","Head Circumference","C81255","C81255","C172255","Vital Signs;Body Measurements","HDCIRC;Occipital-Frontal Circumference","Quantitative","A circumferential measurement of the head at the widest point, which is traditionally above the eyebrows.","http://loinc.org/","LOINC","9843-4","C70856","C70856","Observation Result","decimal",""
"2026-03-31","Head Circumference-for-Age Percentile","C205753","C205753","","Vital Signs;Body Measurements","HCRAPCTL;Head Occipital-Frontal Circumference-for-Age Percentile","Quantitative","A measurement of an individual's head circumference in relationship to age, in comparison to a reference percentile curve.","http://loinc.org/","LOINC","8289-1","C82515","C82515","Collection Date Time","datetime",""
"2026-03-31","Head Circumference-for-Age Percentile","C205753","C205753","","Vital Signs;Body Measurements","HCRAPCTL;Head Occipital-Frontal Circumference-for-Age Percentile","Quantitative","A measurement of an individual's head circumference in relationship to age, in comparison to a reference percentile curve.","http://loinc.org/","LOINC","8289-1","C70856","C70856","Observation Result","decimal",""
"2025-12-16","Heart Rate","C49677","C49677","C49672","Vital Signs","HR","Quantitative","The number of heartbeats per unit of time, usually expressed as beats per minute.","http://loinc.org/","LOINC","8867-4","C70856","C70856","Observation Result","integer",""
"2025-12-16","Heart Rate","C49677","C49677","C49672","Vital Signs","HR","Quantitative","The number of heartbeats per unit of time, usually expressed as beats per minute.","http://loinc.org/","LOINC","8867-4","C73688","C73688","Count per Minute","string","Beats per Minute"
"2025-12-16","Heart Rate","C49677","C49677","C49672","Vital Signs","HR","Quantitative","The number of heartbeats per unit of time, usually expressed as beats per minute.","http://loinc.org/","LOINC","8867-4","C13717","C13717","Anatomic Site","string","Wrist;Neck;Temple;Groin;Behind the knees;On top of the foot"
"2025-12-16","Heart Rate","C49677","C49677","C49672","Vital Signs","HR","Quantitative","The number of heartbeats per unit of time, usually expressed as beats per minute.","http://loinc.org/","LOINC","8867-4","C25185","C25185","Laterality","string","Left;Right"
"2025-12-16","Heart Rate","C49677","C49677","C49672","Vital Signs","HR","Quantitative","The number of heartbeats per unit of time, usually expressed as beats per minute.","http://loinc.org/","LOINC","8867-4","C82535","C82535","Test Method","string","Acoustic Monitoring;Auscaltation Manual;Palpation;Oscillometry;Pulse Oximetry;EKG/ECG"
"2025-12-16","Heart Rate","C49677","C49677","C49672","Vital Signs","HR","Quantitative","The number of heartbeats per unit of time, usually expressed as beats per minute.","http://loinc.org/","LOINC","8867-4","C62164","C62164","Body Position","string","Decubitus;Fowlers;Lateral Decubitus;Left Lateral Decubitus;Prone;Reverse Trendelenburg;Right Lateral Decubitus;Semi-Fowlers;Semi-Recumbent;Sitting;Sitting;Legs Dependent;Sling;Standing;Standing;Bent Forward;Supine;Trendelenburg;Unconstrained"
"2025-12-16","Heart Rate","C49677","C49677","C49672","Vital Signs","HR","Quantitative","The number of heartbeats per unit of time, usually expressed as beats per minute.","http://loinc.org/","LOINC","8867-4","C82515","C82515","Collection Date Time","datetime",""
"2026-03-31","Height-for-Age Percentile","C163568","C163568","","Vital Signs;Body Measurements","HTAPCTL","Quantitative","A measurement of an individual's height in relationship to age, in comparison to a reference percentile curve.","http://loinc.org/","LOINC","8303-0","C82515","C82515","Collection Date Time","datetime",""
"2026-03-31","Height-for-Age Percentile","C163568","C163568","","Vital Signs;Body Measurements","HTAPCTL","Quantitative","A measurement of an individual's height in relationship to age, in comparison to a reference percentile curve.","http://loinc.org/","LOINC","8303-0","C70856","C70856","Observation Result","decimal",""
"2026-03-31","Hemoglobin Corrected Diffusion Capacity of the Lung for Carbon Monoxide","C120825","C120825","C38081","Respiratory System Findings;Pulmonary Function Test","DLCOHC;HGB Corrected DLCO","Quantitative","An assessment of the diffusion capacity of the lungs for carbon monoxide adjusted for hemoglobin concentration.","http://loinc.org/","LOINC","19913-3","C82515","C82515","Collection Date Time","datetime",""
"2026-03-31","Hemoglobin Corrected Diffusion Capacity of the Lung for Carbon Monoxide","C120825","C120825","C38081","Respiratory System Findings;Pulmonary Function Test","DLCOHC;HGB Corrected DLCO","Quantitative","An assessment of the diffusion capacity of the lungs for carbon monoxide adjusted for hemoglobin concentration.","http://loinc.org/","LOINC","19913-3","C70856","C70856","Observation Result","decimal",""
"2026-03-31","Hemoglobin Corrected Diffusion Capacity of the Lung for Carbon Monoxide","C120825","C120825","C38081","Respiratory System Findings;Pulmonary Function Test","DLCOHC;HGB Corrected DLCO","Quantitative","An assessment of the diffusion capacity of the lungs for carbon monoxide adjusted for hemoglobin concentration.","http://loinc.org/","LOINC","19913-3","C44279","C44279","Unit of Volume","string","L;mL"
"2026-03-31","Hemoglobin Corrected Diffusion Capacity of the Lung for Carbon Monoxide/Alveolar Volume Ratio","C120827","C120827","C38081","Respiratory System Findings;Pulmonary Function Test","DLCOHCVA;HGB Corrected DLCO/VA","Quantitative","The diffusion capacity of the lungs for carbon monoxide adjusted for the ratio of hemoglobin concentration to alveolar volume.","http://loinc.org/","LOINC","69578-3","C48570","C48570","Percent Unit","string","%;RATIO"
"2026-03-31","Hemoglobin Corrected Diffusion Capacity of the Lung for Carbon Monoxide/Alveolar Volume Ratio","C120827","C120827","C38081","Respiratory System Findings;Pulmonary Function Test","DLCOHCVA;HGB Corrected DLCO/VA","Quantitative","The diffusion capacity of the lungs for carbon monoxide adjusted for the ratio of hemoglobin concentration to alveolar volume.","http://loinc.org/","LOINC","69578-3","C70856","C70856","Observation Result","decimal",""
"2026-03-31","Hemoglobin Corrected Diffusion Capacity of the Lung for Carbon Monoxide/Alveolar Volume Ratio","C120827","C120827","C38081","Respiratory System Findings;Pulmonary Function Test","DLCOHCVA;HGB Corrected DLCO/VA","Quantitative","The diffusion capacity of the lungs for carbon monoxide adjusted for the ratio of hemoglobin concentration to alveolar volume.","http://loinc.org/","LOINC","69578-3","C82515","C82515","Collection Date Time","datetime",""
"2026-03-31","Ideal Body Weight","C117976","C117976","C81328","Vital Signs;Body Measurements","IDEALWT","Quantitative","A person's optimum weight as calculated by a standard methodology.","http://loinc.org/","LOINC","50064-5","C70856","C70856","Observation Result","decimal",""
"2026-03-31","Ideal Body Weight","C117976","C117976","C81328","Vital Signs;Body Measurements","IDEALWT","Quantitative","A person's optimum weight as calculated by a standard methodology.","http://loinc.org/","LOINC","50064-5","C48208","C48208","Unit of Weight","string","g;kg;LB"
"2026-03-31","Ideal Body Weight","C117976","C117976","C81328","Vital Signs;Body Measurements","IDEALWT","Quantitative","A person's optimum weight as calculated by a standard methodology.","http://loinc.org/","LOINC","50064-5","C82515","C82515","Collection Date Time","datetime",""
"2026-03-31","Inspiratory Capacity","C111362","C111362","C38081","Respiratory System Findings;Pulmonary Function Test","IC","Quantitative","The maximum volume of air a subject can inhale into the lungs after a tidal exhalation (IRV plus TV).","http://loinc.org/","LOINC","19848-1","C70856","C70856","Observation Result","decimal",""
"2026-03-31","Inspiratory Capacity","C111362","C111362","C38081","Respiratory System Findings;Pulmonary Function Test","IC","Quantitative","The maximum volume of air a subject can inhale into the lungs after a tidal exhalation (IRV plus TV).","http://loinc.org/","LOINC","19848-1","C44279","C44279","Unit of Volume","string","L;mL"
"2026-03-31","Inspiratory Capacity","C111362","C111362","C38081","Respiratory System Findings;Pulmonary Function Test","IC","Quantitative","The maximum volume of air a subject can inhale into the lungs after a tidal exhalation (IRV plus TV).","http://loinc.org/","LOINC","19848-1","C82515","C82515","Collection Date Time","datetime",""
"2025-11-18","KPS Scale - Karnofsky Performance Status","C100417","C100417","C100116","QRS;Clinical or Research Assessment Classification;Karnofsky Performance Status Scale Clinical Classification;KPS SCALE;KPSS01;KPS Scale Questionnaire Question","KPSS01-Karnofsky Performance Status;KPSS0101;KPS Scale - Karnofsky Performance Status","Ordinal","Karnofsky Performance Status Scale (KPS Scale) Karnofsky Performance Status.","http://loinc.org/","LOINC","89243-0","C25372","C25372","Category","string","KPS SCALE"
"2025-11-18","KPS Scale - Karnofsky Performance Status","C100417","C100417","C100116","QRS;Clinical or Research Assessment Classification;Karnofsky Performance Status Scale Clinical Classification;KPS SCALE;KPSS01;KPS Scale Questionnaire Question","KPSS01-Karnofsky Performance Status;KPSS0101;KPS Scale - Karnofsky Performance Status","Ordinal","Karnofsky Performance Status Scale (KPS Scale) Karnofsky Performance Status.","http://loinc.org/","LOINC","89243-0","C91106","C91106","Clinical or Research Assessment Answer","string","Normal no complaints, no evidence of disease.;Able to carry on normal activity, minor signs or symptoms of disease.;Normal activity with effort, some signs or symptoms of disease.;Cares for self, unable to carry on normal activity or to do active work.;Requires occasional assistance, but is able to care for most of his personal needs.;Requires considerable assistance and frequent medical care.;Disabled, requires special care and assistance.;Severely disabled, hospital admission is indicated although death not imminent.;Very sick, hospital admission necessary, active supportive treatment necessary.;Moribund, fatal processes progressing rapidly.;Dead"
"2025-11-18","KPS Scale - Karnofsky Performance Status","C100417","C100417","C100116","QRS;Clinical or Research Assessment Classification;Karnofsky Performance Status Scale Clinical Classification;KPS SCALE;KPSS01;KPS Scale Questionnaire Question","KPSS01-Karnofsky Performance Status;KPSS0101;KPS Scale - Karnofsky Performance Status","Ordinal","Karnofsky Performance Status Scale (KPS Scale) Karnofsky Performance Status.","http://loinc.org/","LOINC","89243-0","C82515","C82515","Collection Date Time","datetime",""
"2025-11-18","KPS Scale - Karnofsky Performance Status","C100417","C100417","C100116","QRS;Clinical or Research Assessment Classification;Karnofsky Performance Status Scale Clinical Classification;KPS SCALE;KPSS01;KPS Scale Questionnaire Question","KPSS01-Karnofsky Performance Status;KPSS0101;KPS Scale - Karnofsky Performance Status","Ordinal","Karnofsky Performance Status Scale (KPS Scale) Karnofsky Performance Status.","http://loinc.org/","LOINC","89243-0","C46126","C46126","Ordinal Position","integer","100;90;80;70;60;50;40;30;20;10;0"
"2026-03-31","Lean Body Mass","C71258","C71258","C19332","Vital Signs;Mass Measurement","LBM","Quantitative","The mass of the body minus the fat.","http://loinc.org/","LOINC","91557-9","C48208","C48208","Unit of Weight","string","g;kg;LB"
"2026-03-31","Lean Body Mass","C71258","C71258","C19332","Vital Signs;Mass Measurement","LBM","Quantitative","The mass of the body minus the fat.","http://loinc.org/","LOINC","91557-9","C70856","C70856","Observation Result","decimal",""
"2026-03-31","Lean Body Mass","C71258","C71258","C19332","Vital Signs;Mass Measurement","LBM","Quantitative","The mass of the body minus the fat.","http://loinc.org/","LOINC","91557-9","C82515","C82515","Collection Date Time","datetime",""
"2025-07-01","Lymphocyte Count","C51949","C51949","C51948","Laboratory Tests;Hematology Tests;Blood Cell Counts;White Blood Cell Counts","Lymphocytes","Quantitative","The determination of the number of lymphocytes in a blood sample.","http://loinc.org/","LOINC","26474-7","C70856","C70856","Observation Result","decimal",""
"2025-07-01","Lymphocyte Count","C51949","C51949","C51948","Laboratory Tests;Hematology Tests;Blood Cell Counts;White Blood Cell Counts","Lymphocytes","Quantitative","The determination of the number of lymphocytes in a blood sample.","http://loinc.org/","LOINC","26474-7","C67391","C67391","Unit of Number Concentration","string",""
"2025-07-01","Lymphocyte Count","C51949","C51949","C51948","Laboratory Tests;Hematology Tests;Blood Cell Counts;White Blood Cell Counts","Lymphocytes","Quantitative","The determination of the number of lymphocytes in a blood sample.","http://loinc.org/","LOINC","26474-7","C70713","C70713","Biospecimen Type","string","Blood"
"2025-07-01","Lymphocyte Count","C51949","C51949","C51948","Laboratory Tests;Hematology Tests;Blood Cell Counts;White Blood Cell Counts","Lymphocytes","Quantitative","The determination of the number of lymphocytes in a blood sample.","http://loinc.org/","LOINC","26474-7","C82515","C82515","Collection Date Time","datetime",""
"2025-07-01","Lymphocyte Count","C51949","C51949","C51948","Laboratory Tests;Hematology Tests;Blood Cell Counts;White Blood Cell Counts","Lymphocytes","Quantitative","The determination of the number of lymphocytes in a blood sample.","http://loinc.org/","LOINC","26474-7","C93566","C93566","Fasting Status Indicator","boolean",""
"2025-07-01","Macroscopic Blood Measurement","C147390","C147390","C49237","Laboratory Tests;Chemistry Tests","Visible Blood;Macroscopic Blood;MACROBLD","Ordinal","The determination of the amount or presence of macroscopic blood present in a sample.","http://loinc.org/","LOINC","53963-5","C48207","C48207","Unit of Concentration","string",""
"2025-07-01","Macroscopic Blood Measurement","C147390","C147390","C49237","Laboratory Tests;Chemistry Tests","Visible Blood;Macroscopic Blood;MACROBLD","Ordinal","The determination of the amount or presence of macroscopic blood present in a sample.","http://loinc.org/","LOINC","53963-5","C70856","C70856","Observation Result","string",""
"2025-07-01","Macroscopic Blood Measurement","C147390","C147390","C49237","Laboratory Tests;Chemistry Tests","Visible Blood;Macroscopic Blood;MACROBLD","Ordinal","The determination of the amount or presence of macroscopic blood present in a sample.","http://loinc.org/","LOINC","53963-5","C93566","C93566","Fasting Status Indicator","boolean",""
"2025-07-01","Macroscopic Blood Measurement","C147390","C147390","C49237","Laboratory Tests;Chemistry Tests","Visible Blood;Macroscopic Blood;MACROBLD","Ordinal","The determination of the amount or presence of macroscopic blood present in a sample.","http://loinc.org/","LOINC","53963-5","C70713","C70713","Biospecimen Type","string","Urine;Stool"
"2025-07-01","Macroscopic Blood Measurement","C147390","C147390","C49237","Laboratory Tests;Chemistry Tests","Visible Blood;Macroscopic Blood;MACROBLD","Ordinal","The determination of the amount or presence of macroscopic blood present in a sample.","http://loinc.org/","LOINC","53963-5","C82515","C82515","Collection Date Time","datetime",""
"2026-03-31","Maximal Expiratory Pressure","C135494","C135494","C38081","Respiratory System Findings;Pulmonary Function Test","MEP","Quantitative","The greatest amount of pressure that can be generated by exhaling against a mouthpiece, which is a measure of the strength of respiratory muscles.","http://loinc.org/","LOINC","76249-2","C70856","C70856","Observation Result","decimal",""
"2026-03-31","Maximal Expiratory Pressure","C135494","C135494","C38081","Respiratory System Findings;Pulmonary Function Test","MEP","Quantitative","The greatest amount of pressure that can be generated by exhaling against a mouthpiece, which is a measure of the strength of respiratory muscles.","http://loinc.org/","LOINC","76249-2","C67332","C67332","Manometric Unit of Pressure","string","cm H2O"
"2026-03-31","Maximal Expiratory Pressure","C135494","C135494","C38081","Respiratory System Findings;Pulmonary Function Test","MEP","Quantitative","The greatest amount of pressure that can be generated by exhaling against a mouthpiece, which is a measure of the strength of respiratory muscles.","http://loinc.org/","LOINC","76249-2","C82515","C82515","Collection Date Time","datetime",""
"2026-03-31","Maximal Inspiratory Pressure","C135496","C135496","C38081","Respiratory System Findings;Pulmonary Function Test","MIP;Negative Inspiratory Force;NIF","Quantitative","The greatest amount of pressure that can be generated during inhalation against a fully occluded airway, which is used to measure the strength of respiratory muscles.","http://loinc.org/","LOINC","60951-1","C67332","C67332","Manometric Unit of Pressure","string","cm H2O"
"2026-03-31","Maximal Inspiratory Pressure","C135496","C135496","C38081","Respiratory System Findings;Pulmonary Function Test","MIP;Negative Inspiratory Force;NIF","Quantitative","The greatest amount of pressure that can be generated during inhalation against a fully occluded airway, which is used to measure the strength of respiratory muscles.","http://loinc.org/","LOINC","60951-1","C70856","C70856","Observation Result","decimal",""
"2026-03-31","Maximal Inspiratory Pressure","C135496","C135496","C38081","Respiratory System Findings;Pulmonary Function Test","MIP;Negative Inspiratory Force;NIF","Quantitative","The greatest amount of pressure that can be generated during inhalation against a fully occluded airway, which is used to measure the strength of respiratory muscles.","http://loinc.org/","LOINC","60951-1","C82515","C82515","Collection Date Time","datetime",""
"2025-11-18","Mean Heart Rate by Electrocardiogram","C119259","C119259","C62085","Electrocardiogram Findings;Electrocardiogram Measurements;ECG Measurements","ECG Mean Heart Rate;EKG Mean Heart Rate;EGHRMN","Quantitative","The calculated average rate of depolarisation of a specific region of the heart, most often the ventricles, as measured and recorded by an electrocardiograph during a specified, extended period of time, and which is usually expressed in beats per minute.","http://loinc.org/","LOINC","76282-3","C73688","C73688","Count per Minute","string","Beats per Minute"
"2025-11-18","Mean Heart Rate by Electrocardiogram","C119259","C119259","C62085","Electrocardiogram Findings;Electrocardiogram Measurements;ECG Measurements","ECG Mean Heart Rate;EKG Mean Heart Rate;EGHRMN","Quantitative","The calculated average rate of depolarisation of a specific region of the heart, most often the ventricles, as measured and recorded by an electrocardiograph during a specified, extended period of time, and which is usually expressed in beats per minute.","http://loinc.org/","LOINC","76282-3","C25372","C25372","Category","string","Measurement"
"2025-11-18","Mean Heart Rate by Electrocardiogram","C119259","C119259","C62085","Electrocardiogram Findings;Electrocardiogram Measurements;ECG Measurements","ECG Mean Heart Rate;EKG Mean Heart Rate;EGHRMN","Quantitative","The calculated average rate of depolarisation of a specific region of the heart, most often the ventricles, as measured and recorded by an electrocardiograph during a specified, extended period of time, and which is usually expressed in beats per minute.","http://loinc.org/","LOINC","76282-3","C51824","C51824","Evaluator","string","Investigator;Vendor;Adjudication Committee"
"2025-11-18","Mean Heart Rate by Electrocardiogram","C119259","C119259","C62085","Electrocardiogram Findings;Electrocardiogram Measurements;ECG Measurements","ECG Mean Heart Rate;EKG Mean Heart Rate;EGHRMN","Quantitative","The calculated average rate of depolarisation of a specific region of the heart, most often the ventricles, as measured and recorded by an electrocardiograph during a specified, extended period of time, and which is usually expressed in beats per minute.","http://loinc.org/","LOINC","76282-3","C82535","C82535","Test Method","string","12 Lead Standard;12 Lead Continuous ECG;10 Lead Standard;6 Lead Standard"
"2025-11-18","Mean Heart Rate by Electrocardiogram","C119259","C119259","C62085","Electrocardiogram Findings;Electrocardiogram Measurements;ECG Measurements","ECG Mean Heart Rate;EKG Mean Heart Rate;EGHRMN","Quantitative","The calculated average rate of depolarisation of a specific region of the heart, most often the ventricles, as measured and recorded by an electrocardiograph during a specified, extended period of time, and which is usually expressed in beats per minute.","http://loinc.org/","LOINC","76282-3","C82515","C82515","Collection Date Time","datetime",""
"2025-11-18","Mean Heart Rate by Electrocardiogram","C119259","C119259","C62085","Electrocardiogram Findings;Electrocardiogram Measurements;ECG Measurements","ECG Mean Heart Rate;EKG Mean Heart Rate;EGHRMN","Quantitative","The calculated average rate of depolarisation of a specific region of the heart, most often the ventricles, as measured and recorded by an electrocardiograph during a specified, extended period of time, and which is usually expressed in beats per minute.","http://loinc.org/","LOINC","76282-3","C82516","C82516","Observation End Date Time","datetime",""
"2025-11-18","Mean Heart Rate by Electrocardiogram","C119259","C119259","C62085","Electrocardiogram Findings;Electrocardiogram Measurements;ECG Measurements","ECG Mean Heart Rate;EKG Mean Heart Rate;EGHRMN","Quantitative","The calculated average rate of depolarisation of a specific region of the heart, most often the ventricles, as measured and recorded by an electrocardiograph during a specified, extended period of time, and which is usually expressed in beats per minute.","http://loinc.org/","LOINC","76282-3","C62164","C62164","Body Position","string","Supine;Sitting"
"2025-11-18","Mean Heart Rate by Electrocardiogram","C119259","C119259","C62085","Electrocardiogram Findings;Electrocardiogram Measurements;ECG Measurements","ECG Mean Heart Rate;EKG Mean Heart Rate;EGHRMN","Quantitative","The calculated average rate of depolarisation of a specific region of the heart, most often the ventricles, as measured and recorded by an electrocardiograph during a specified, extended period of time, and which is usually expressed in beats per minute.","http://loinc.org/","LOINC","76282-3","C70856","C70856","Observation Result","integer",""
"2025-07-01","Microcyte to Erythrocyte Ratio Measurement","C201227","C201227","C51946","Laboratory Tests;Hematology Tests;Erythrocyte Counts;Blood Cell Count Ratio Measurements","Microcyte/Erythrocyte;MICRORBC","Quantitative","The determination of the ratio of microcytes compared to erythrocytes present in a sample. The measurement may be expressed as a ratio or percentage.","http://loinc.org/","LOINC","74761-8","C93566","C93566","Fasting Status Indicator","boolean",""
"2025-07-01","Microcyte to Erythrocyte Ratio Measurement","C201227","C201227","C51946","Laboratory Tests;Hematology Tests;Erythrocyte Counts;Blood Cell Count Ratio Measurements","Microcyte/Erythrocyte;MICRORBC","Quantitative","The determination of the ratio of microcytes compared to erythrocytes present in a sample. The measurement may be expressed as a ratio or percentage.","http://loinc.org/","LOINC","74761-8","C70713","C70713","Biospecimen Type","string","Blood"
"2025-07-01","Microcyte to Erythrocyte Ratio Measurement","C201227","C201227","C51946","Laboratory Tests;Hematology Tests;Erythrocyte Counts;Blood Cell Count Ratio Measurements","Microcyte/Erythrocyte;MICRORBC","Quantitative","The determination of the ratio of microcytes compared to erythrocytes present in a sample. The measurement may be expressed as a ratio or percentage.","http://loinc.org/","LOINC","74761-8","C82515","C82515","Collection Date Time","datetime",""
"2025-07-01","Microcyte to Erythrocyte Ratio Measurement","C201227","C201227","C51946","Laboratory Tests;Hematology Tests;Erythrocyte Counts;Blood Cell Count Ratio Measurements","Microcyte/Erythrocyte;MICRORBC","Quantitative","The determination of the ratio of microcytes compared to erythrocytes present in a sample. The measurement may be expressed as a ratio or percentage.","http://loinc.org/","LOINC","74761-8","C48570","C48570","Percent Unit","string","%"
"2025-07-01","Microcyte to Erythrocyte Ratio Measurement","C201227","C201227","C51946","Laboratory Tests;Hematology Tests;Erythrocyte Counts;Blood Cell Count Ratio Measurements","Microcyte/Erythrocyte;MICRORBC","Quantitative","The determination of the ratio of microcytes compared to erythrocytes present in a sample. The measurement may be expressed as a ratio or percentage.","http://loinc.org/","LOINC","74761-8","C70856","C70856","Observation Result","decimal",""
"2025-07-01","Monocyte Count","C64823","C64823","C51948","Laboratory Tests;Hematology Tests;Blood Cell Counts;White Blood Cell Counts","Monocytes","Quantitative","The determination of the number of monocytes in a blood sample.","http://loinc.org/","LOINC","26484-6","C70856","C70856","Observation Result","decimal",""
"2025-07-01","Monocyte Count","C64823","C64823","C51948","Laboratory Tests;Hematology Tests;Blood Cell Counts;White Blood Cell Counts","Monocytes","Quantitative","The determination of the number of monocytes in a blood sample.","http://loinc.org/","LOINC","26484-6","C67391","C67391","Unit of Number Concentration","string",""
"2025-07-01","Monocyte Count","C64823","C64823","C51948","Laboratory Tests;Hematology Tests;Blood Cell Counts;White Blood Cell Counts","Monocytes","Quantitative","The determination of the number of monocytes in a blood sample.","http://loinc.org/","LOINC","26484-6","C70713","C70713","Biospecimen Type","string","Blood"
"2025-07-01","Monocyte Count","C64823","C64823","C51948","Laboratory Tests;Hematology Tests;Blood Cell Counts;White Blood Cell Counts","Monocytes","Quantitative","The determination of the number of monocytes in a blood sample.","http://loinc.org/","LOINC","26484-6","C82515","C82515","Collection Date Time","datetime",""
"2025-07-01","Monocyte Count","C64823","C64823","C51948","Laboratory Tests;Hematology Tests;Blood Cell Counts;White Blood Cell Counts","Monocytes","Quantitative","The determination of the number of monocytes in a blood sample.","http://loinc.org/","LOINC","26484-6","C93566","C93566","Fasting Status Indicator","boolean",""
"2026-03-31","Neck Circumference","C154891","C154891","C172255","Vital Signs;Body Measurements","NECKCIR","Quantitative","A circumferential measurement of the neck, just below the larynx.","http://loinc.org/","LOINC","56074-8","C82515","C82515","Collection Date Time","datetime",""
"2026-03-31","Neck Circumference","C154891","C154891","C172255","Vital Signs;Body Measurements","NECKCIR","Quantitative","A circumferential measurement of the neck, just below the larynx.","http://loinc.org/","LOINC","56074-8","C42578","C42578","Unit of Length","string","cm;in;mm"
"2026-03-31","Neck Circumference","C154891","C154891","C172255","Vital Signs;Body Measurements","NECKCIR","Quantitative","A circumferential measurement of the neck, just below the larynx.","http://loinc.org/","LOINC","56074-8","C70856","C70856","Observation Result","decimal",""
"2025-07-01","Nornicotine Measurement","C147406","C147406","C49237","Laboratory Tests;Chemistry Tests","Nornicotine","Quantitative","The determination of the amount of nornicotine present in a sample.","http://loinc.org/","LOINC","33917-6","C64571","C64571","Unit of Mass Concentration","string",""
"2025-07-01","Nornicotine Measurement","C147406","C147406","C49237","Laboratory Tests;Chemistry Tests","Nornicotine","Quantitative","The determination of the amount of nornicotine present in a sample.","http://loinc.org/","LOINC","33917-6","C70713","C70713","Biospecimen Type","string","Urine"
"2025-07-01","Nornicotine Measurement","C147406","C147406","C49237","Laboratory Tests;Chemistry Tests","Nornicotine","Quantitative","The determination of the amount of nornicotine present in a sample.","http://loinc.org/","LOINC","33917-6","C82515","C82515","Collection Date Time","datetime",""
"2025-07-01","Nornicotine Measurement","C147406","C147406","C49237","Laboratory Tests;Chemistry Tests","Nornicotine","Quantitative","The determination of the amount of nornicotine present in a sample.","http://loinc.org/","LOINC","33917-6","C70856","C70856","Observation Result","decimal",""
"2026-03-31","Oxygen Consumption","C123570","C123570","C38081","Respiratory System Findings;Pulmonary Function Test","VO2","Quantitative","The rate at which oxygen is absorbed and utilized by any given tissue in the body.","http://loinc.org/","LOINC","60842-2","C82515","C82515","Collection Date Time","datetime",""
"2026-03-31","Oxygen Consumption","C123570","C123570","C38081","Respiratory System Findings;Pulmonary Function Test","VO2","Quantitative","The rate at which oxygen is absorbed and utilized by any given tissue in the body.","http://loinc.org/","LOINC","60842-2","C70856","C70856","Observation Result","decimal",""
"2026-03-31","Oxygen Consumption","C123570","C123570","C38081","Respiratory System Findings;Pulmonary Function Test","VO2","Quantitative","The rate at which oxygen is absorbed and utilized by any given tissue in the body.","http://loinc.org/","LOINC","60842-2","C48568","C48568","Unit of Volumetric Flow Rate","string","L/min"
"2026-05-26","Partial Pressure Arterial Oxygen to Fraction Inspired Oxygen Ratio Measurement","C119293","C119293","C82624","Laboratory Tests;Blood Oxygen Levels;Respiratory System Findings","Horowitz Index;Carrico index;P/F ratio;Partial Pressure Arterial Oxygen to Fraction Inspired Oxygen Ratio Measurement;PO2FIO2;PAO2/FIO2;PP Arterial O2/Fraction Inspired O2","Quantitative","The determination of the ratio of the pressure of oxygen dissolved in arterial blood to the percentage oxygen of an inhaled mixture of gasses in a biological specimen.","http://loinc.org/","LOINC","50984-4","C82515","C82515","Collection Date Time","datetime",""
"2026-05-26","Partial Pressure Arterial Oxygen to Fraction Inspired Oxygen Ratio Measurement","C119293","C119293","C82624","Laboratory Tests;Blood Oxygen Levels;Respiratory System Findings","Horowitz Index;Carrico index;P/F ratio;Partial Pressure Arterial Oxygen to Fraction Inspired Oxygen Ratio Measurement;PO2FIO2;PAO2/FIO2;PP Arterial O2/Fraction Inspired O2","Quantitative","The determination of the ratio of the pressure of oxygen dissolved in arterial blood to the percentage oxygen of an inhaled mixture of gasses in a biological specimen.","http://loinc.org/","LOINC","50984-4","C70856","C70856","Observation Result","decimal",""
"2026-05-26","Partial Pressure Arterial Oxygen to Fraction Inspired Oxygen Ratio Measurement","C119293","C119293","C82624","Laboratory Tests;Blood Oxygen Levels;Respiratory System Findings","Horowitz Index;Carrico index;P/F ratio;Partial Pressure Arterial Oxygen to Fraction Inspired Oxygen Ratio Measurement;PO2FIO2;PAO2/FIO2;PP Arterial O2/Fraction Inspired O2","Quantitative","The determination of the ratio of the pressure of oxygen dissolved in arterial blood to the percentage oxygen of an inhaled mixture of gasses in a biological specimen.","http://loinc.org/","LOINC","50984-4","C70713","C70713","Biospecimen Type","string","Arterial Blood"
"2026-05-26","Partial Pressure Arterial Oxygen to Fraction Inspired Oxygen Ratio Measurement","C119293","C119293","C82624","Laboratory Tests;Blood Oxygen Levels;Respiratory System Findings","Horowitz Index;Carrico index;P/F ratio;Partial Pressure Arterial Oxygen to Fraction Inspired Oxygen Ratio Measurement;PO2FIO2;PAO2/FIO2;PP Arterial O2/Fraction Inspired O2","Quantitative","The determination of the ratio of the pressure of oxygen dissolved in arterial blood to the percentage oxygen of an inhaled mixture of gasses in a biological specimen.","http://loinc.org/","LOINC","50984-4","C49669","C49669","Unit of Pressure","string","mmHg"
"2026-03-31","Peak Expiratory Flow","C41372","C41372","C38081","Respiratory System Findings;Pulmonary Function Test","PEF","Quantitative","The maximum rate of gas flow, beginning at the point of peak inspiratory capacity, that can be sustained during forced exhalation for a defined period of time. This test is most often used in combination with other studies of lung function to diagnose and monitor obstructive and restrictive lung disease(s).","http://loinc.org/","LOINC","33452-4","C82515","C82515","Collection Date Time","datetime",""
"2026-03-31","Peak Expiratory Flow","C41372","C41372","C38081","Respiratory System Findings;Pulmonary Function Test","PEF","Quantitative","The maximum rate of gas flow, beginning at the point of peak inspiratory capacity, that can be sustained during forced exhalation for a defined period of time. This test is most often used in combination with other studies of lung function to diagnose and monitor obstructive and restrictive lung disease(s).","http://loinc.org/","LOINC","33452-4","C48568","C48568","Unit of Volumetric Flow Rate","string","L/s;L/min"
"2026-03-31","Peak Expiratory Flow","C41372","C41372","C38081","Respiratory System Findings;Pulmonary Function Test","PEF","Quantitative","The maximum rate of gas flow, beginning at the point of peak inspiratory capacity, that can be sustained during forced exhalation for a defined period of time. This test is most often used in combination with other studies of lung function to diagnose and monitor obstructive and restrictive lung disease(s).","http://loinc.org/","LOINC","33452-4","C70856","C70856","Observation Result","decimal",""
"2026-03-31","Peak Inspiratory Flow Rate","C120939","C120939","C38081","Respiratory System Findings;Pulmonary Function Test","Peak Inspiratory Flow;PIF;PKINSFL","Quantitative","The fastest flow rate of gas noted during the inspiratory cycle.","http://loinc.org/","LOINC","60948-7","C48568","C48568","Unit of Volumetric Flow Rate","string","L/s;L/min"
"2026-03-31","Peak Inspiratory Flow Rate","C120939","C120939","C38081","Respiratory System Findings;Pulmonary Function Test","Peak Inspiratory Flow;PIF;PKINSFL","Quantitative","The fastest flow rate of gas noted during the inspiratory cycle.","http://loinc.org/","LOINC","60948-7","C70856","C70856","Observation Result","decimal",""
"2026-03-31","Peak Inspiratory Flow Rate","C120939","C120939","C38081","Respiratory System Findings;Pulmonary Function Test","Peak Inspiratory Flow;PIF;PKINSFL","Quantitative","The fastest flow rate of gas noted during the inspiratory cycle.","http://loinc.org/","LOINC","60948-7","C82515","C82515","Collection Date Time","datetime",""
"2026-03-31","Percent Predicted Diffusion Capacity of the Lung for Carbon Monoxide","C120829","C120829","C38081","Respiratory System Findings;Pulmonary Function Test","DLCOPP;Percent Predicted DLCO","Quantitative","The degree to which inhaled carbon monoxide diffuses from the alveoli into the blood, expressed as a proportion of the predicted normal value.","http://loinc.org/","LOINC","98130-8","C82515","C82515","Collection Date Time","datetime",""
"2026-03-31","Percent Predicted Diffusion Capacity of the Lung for Carbon Monoxide","C120829","C120829","C38081","Respiratory System Findings;Pulmonary Function Test","DLCOPP;Percent Predicted DLCO","Quantitative","The degree to which inhaled carbon monoxide diffuses from the alveoli into the blood, expressed as a proportion of the predicted normal value.","http://loinc.org/","LOINC","98130-8","C48570","C48570","Percent Unit","string","%"
"2026-03-31","Percent Predicted Diffusion Capacity of the Lung for Carbon Monoxide","C120829","C120829","C38081","Respiratory System Findings;Pulmonary Function Test","DLCOPP;Percent Predicted DLCO","Quantitative","The degree to which inhaled carbon monoxide diffuses from the alveoli into the blood, expressed as a proportion of the predicted normal value.","http://loinc.org/","LOINC","98130-8","C70856","C70856","Observation Result","decimal",""
"2026-03-31","Percent Predicted Diffusion Capacity of the Lung for Carbon Monoxide/Alveolar Volume Ratio","C120831","C120831","C38081","Respiratory System Findings;Pulmonary Function Test","DLCOVAPP;Percent Predicted DLCO/VA","Quantitative","The calculated ratio of the lung's alveolar volume with respect to its diffusion capacity for carbon monoxide, expressed as a proportion of the predicted normal value.","http://loinc.org/","LOINC","98203-3","C48570","C48570","Percent Unit","string","%;RATIO"
"2026-03-31","Percent Predicted Diffusion Capacity of the Lung for Carbon Monoxide/Alveolar Volume Ratio","C120831","C120831","C38081","Respiratory System Findings;Pulmonary Function Test","DLCOVAPP;Percent Predicted DLCO/VA","Quantitative","The calculated ratio of the lung's alveolar volume with respect to its diffusion capacity for carbon monoxide, expressed as a proportion of the predicted normal value.","http://loinc.org/","LOINC","98203-3","C70856","C70856","Observation Result","decimal",""
"2026-03-31","Percent Predicted Diffusion Capacity of the Lung for Carbon Monoxide/Alveolar Volume Ratio","C120831","C120831","C38081","Respiratory System Findings;Pulmonary Function Test","DLCOVAPP;Percent Predicted DLCO/VA","Quantitative","The calculated ratio of the lung's alveolar volume with respect to its diffusion capacity for carbon monoxide, expressed as a proportion of the predicted normal value.","http://loinc.org/","LOINC","98203-3","C82515","C82515","Collection Date Time","datetime",""
"2026-03-31","Percent Predicted Forced Expiratory Volume in 1 Second","C112376","C112376","C38081","Respiratory System Findings;Pulmonary Function Test","FEV1PP;Percent Predicted FEV1","Quantitative","Forced expiratory volume in one second as a proportion of the predicted normal value. (CDISC)","http://loinc.org/","LOINC","20152-5","C82515","C82515","Collection Date Time","datetime",""
"2026-03-31","Percent Predicted Forced Expiratory Volume in 1 Second","C112376","C112376","C38081","Respiratory System Findings;Pulmonary Function Test","FEV1PP;Percent Predicted FEV1","Quantitative","Forced expiratory volume in one second as a proportion of the predicted normal value. (CDISC)","http://loinc.org/","LOINC","20152-5","C70856","C70856","Observation Result","decimal",""
"2026-03-31","Percent Predicted Forced Expiratory Volume in 1 Second","C112376","C112376","C38081","Respiratory System Findings;Pulmonary Function Test","FEV1PP;Percent Predicted FEV1","Quantitative","Forced expiratory volume in one second as a proportion of the predicted normal value. (CDISC)","http://loinc.org/","LOINC","20152-5","C48570","C48570","Percent Unit","string","%"
"2026-03-31","Percent Predicted Forced Expiratory Volume in 1 Second Divided by Forced Vital Capacity","C112377","C112377","C38081","Respiratory System Findings;Pulmonary Function Test","FEV1FVCP;Percent Predicted FEV1/FVC","Quantitative","The proportion of total forced vital capacity that is expelled during the first second of a forced exhalation as a proportion of the predicted normal value. (CDISC)","http://loinc.org/","LOINC","19925-7","C48570","C48570","Percent Unit","string","%"
"2026-03-31","Percent Predicted Forced Expiratory Volume in 1 Second Divided by Forced Vital Capacity","C112377","C112377","C38081","Respiratory System Findings;Pulmonary Function Test","FEV1FVCP;Percent Predicted FEV1/FVC","Quantitative","The proportion of total forced vital capacity that is expelled during the first second of a forced exhalation as a proportion of the predicted normal value. (CDISC)","http://loinc.org/","LOINC","19925-7","C70856","C70856","Observation Result","decimal",""
"2026-03-31","Percent Predicted Forced Expiratory Volume in 1 Second Divided by Forced Vital Capacity","C112377","C112377","C38081","Respiratory System Findings;Pulmonary Function Test","FEV1FVCP;Percent Predicted FEV1/FVC","Quantitative","The proportion of total forced vital capacity that is expelled during the first second of a forced exhalation as a proportion of the predicted normal value. (CDISC)","http://loinc.org/","LOINC","19925-7","C82515","C82515","Collection Date Time","datetime",""
"2026-03-31","Percent Predicted Forced Inspiratory Volume in 1 Second","C112380","C112380","C38081","Respiratory System Findings;Pulmonary Function Test","FIV1PP;Percent Predicted FIV1","Quantitative","The volume of air that a subject can breathe in during the first second of inhalation after maximum exhalation as a proportion of the predicted normal value. (CDISC)","http://loinc.org/","LOINC","43264-1","C48570","C48570","Percent Unit","string","%"
"2026-03-31","Percent Predicted Forced Inspiratory Volume in 1 Second","C112380","C112380","C38081","Respiratory System Findings;Pulmonary Function Test","FIV1PP;Percent Predicted FIV1","Quantitative","The volume of air that a subject can breathe in during the first second of inhalation after maximum exhalation as a proportion of the predicted normal value. (CDISC)","http://loinc.org/","LOINC","43264-1","C82515","C82515","Collection Date Time","datetime",""
"2026-03-31","Percent Predicted Forced Inspiratory Volume in 1 Second","C112380","C112380","C38081","Respiratory System Findings;Pulmonary Function Test","FIV1PP;Percent Predicted FIV1","Quantitative","The volume of air that a subject can breathe in during the first second of inhalation after maximum exhalation as a proportion of the predicted normal value. (CDISC)","http://loinc.org/","LOINC","43264-1","C70856","C70856","Observation Result","decimal",""
"2026-03-31","Percent Predicted Forced Vital Capacity","C112381","C112381","C38081","Respiratory System Findings;Pulmonary Function Test","FVCPP;Percent Predicted FVC","Quantitative","Forced vital capacity as a proportion of the predicted normal value. (CDISC)","http://loinc.org/","LOINC","19872-1","C82515","C82515","Collection Date Time","datetime",""
"2026-03-31","Percent Predicted Forced Vital Capacity","C112381","C112381","C38081","Respiratory System Findings;Pulmonary Function Test","FVCPP;Percent Predicted FVC","Quantitative","Forced vital capacity as a proportion of the predicted normal value. (CDISC)","http://loinc.org/","LOINC","19872-1","C48570","C48570","Percent Unit","string","%"
"2026-03-31","Percent Predicted Forced Vital Capacity","C112381","C112381","C38081","Respiratory System Findings;Pulmonary Function Test","FVCPP;Percent Predicted FVC","Quantitative","Forced vital capacity as a proportion of the predicted normal value. (CDISC)","http://loinc.org/","LOINC","19872-1","C70856","C70856","Observation Result","decimal",""
"2026-03-31","Percent Predicted Inspiratory Capacity","C112382","C112382","C38081","Respiratory System Findings;Pulmonary Function Test","ICPP;Percent Predicted IC","Quantitative","The maximum volume of air a subject can inhale into the lungs after a tidal exhalation (IRV plus TV) as a proportion of the predicted normal value. (CDISC)","http://loinc.org/","LOINC","19856-4","C48570","C48570","Percent Unit","string","%"
"2026-03-31","Percent Predicted Inspiratory Capacity","C112382","C112382","C38081","Respiratory System Findings;Pulmonary Function Test","ICPP;Percent Predicted IC","Quantitative","The maximum volume of air a subject can inhale into the lungs after a tidal exhalation (IRV plus TV) as a proportion of the predicted normal value. (CDISC)","http://loinc.org/","LOINC","19856-4","C82515","C82515","Collection Date Time","datetime",""
"2026-03-31","Percent Predicted Inspiratory Capacity","C112382","C112382","C38081","Respiratory System Findings;Pulmonary Function Test","ICPP;Percent Predicted IC","Quantitative","The maximum volume of air a subject can inhale into the lungs after a tidal exhalation (IRV plus TV) as a proportion of the predicted normal value. (CDISC)","http://loinc.org/","LOINC","19856-4","C70856","C70856","Observation Result","decimal",""
"2026-03-31","Pulse Pressure","C100945","C100945","C19332","Vital Signs;Blood Pressure","PULSEPR","Quantitative","The force of a heart contraction measured by the difference between the diastolic and systolic blood pressure measurements.","http://loinc.org/","LOINC","107146-3","C82515","C82515","Collection Date Time","datetime",""
"2026-03-31","Pulse Pressure","C100945","C100945","C19332","Vital Signs;Blood Pressure","PULSEPR","Quantitative","The force of a heart contraction measured by the difference between the diastolic and systolic blood pressure measurements.","http://loinc.org/","LOINC","107146-3","C49669","C49669","Unit of Pressure","string","mmHg"
"2026-03-31","Pulse Pressure","C100945","C100945","C19332","Vital Signs;Blood Pressure","PULSEPR","Quantitative","The force of a heart contraction measured by the difference between the diastolic and systolic blood pressure measurements.","http://loinc.org/","LOINC","107146-3","C62164","C62164","Body Position","string","DECUBITUS;FOWLERS;LATERAL DECUBITUS;LEFT LATERAL DECUBITUS;PRONE;REVERSE TRENDELENBURG;RIGHT LATERAL DECUBITUS;SEMI-FOWLERS;SEMI-RECUMBENT;SITTING;SITTING, LEGS DEPENDENT;SLING;STANDING;STANDING, BENT FORWARD;SUPINE;TRENDELENBURG;UNCONSTRAINED"
"2026-03-31","Pulse Pressure","C100945","C100945","C19332","Vital Signs;Blood Pressure","PULSEPR","Quantitative","The force of a heart contraction measured by the difference between the diastolic and systolic blood pressure measurements.","http://loinc.org/","LOINC","107146-3","C70856","C70856","Observation Result","decimal",""
"2025-11-18","QRS Axis","C118165","C118165","C62085","Electrocardiogram Findings;Electrocardiogram Measurements;ECG Measurements","","Quantitative","A numerical representation of the electrocardiographic vector assessed at maximum deviation of the QRS complex from the isoelectric baseline, usually reported for the frontal plane. (CDISC)","http://loinc.org/","LOINC","8632-2","C82515","C82515","Collection Date Time","datetime",""
"2025-11-18","QRS Axis","C118165","C118165","C62085","Electrocardiogram Findings;Electrocardiogram Measurements;ECG Measurements","","Quantitative","A numerical representation of the electrocardiographic vector assessed at maximum deviation of the QRS complex from the isoelectric baseline, usually reported for the frontal plane. (CDISC)","http://loinc.org/","LOINC","8632-2","C68667","C68667","Degree Unit of Plane Angle","string","Degree"
"2025-11-18","QRS Axis","C118165","C118165","C62085","Electrocardiogram Findings;Electrocardiogram Measurements;ECG Measurements","","Quantitative","A numerical representation of the electrocardiographic vector assessed at maximum deviation of the QRS complex from the isoelectric baseline, usually reported for the frontal plane. (CDISC)","http://loinc.org/","LOINC","8632-2","C62164","C62164","Body Position","string","Supine;Sitting"
"2025-11-18","QRS Axis","C118165","C118165","C62085","Electrocardiogram Findings;Electrocardiogram Measurements;ECG Measurements","","Quantitative","A numerical representation of the electrocardiographic vector assessed at maximum deviation of the QRS complex from the isoelectric baseline, usually reported for the frontal plane. (CDISC)","http://loinc.org/","LOINC","8632-2","C70856","C70856","Observation Result","integer",""
"2025-11-18","QRS Axis","C118165","C118165","C62085","Electrocardiogram Findings;Electrocardiogram Measurements;ECG Measurements","","Quantitative","A numerical representation of the electrocardiographic vector assessed at maximum deviation of the QRS complex from the isoelectric baseline, usually reported for the frontal plane. (CDISC)","http://loinc.org/","LOINC","8632-2","C82535","C82535","Test Method","string","12 Lead Standard;12 Lead Continuous ECG;10 Lead Standard;6 Lead Standard"
"2025-11-18","QRS Axis","C118165","C118165","C62085","Electrocardiogram Findings;Electrocardiogram Measurements;ECG Measurements","","Quantitative","A numerical representation of the electrocardiographic vector assessed at maximum deviation of the QRS complex from the isoelectric baseline, usually reported for the frontal plane. (CDISC)","http://loinc.org/","LOINC","8632-2","C51824","C51824","Evaluator","string","Investigator;Vendor;Adjudication Committee"
"2025-11-18","QRS Axis","C118165","C118165","C62085","Electrocardiogram Findings;Electrocardiogram Measurements;ECG Measurements","","Quantitative","A numerical representation of the electrocardiographic vector assessed at maximum deviation of the QRS complex from the isoelectric baseline, usually reported for the frontal plane. (CDISC)","http://loinc.org/","LOINC","8632-2","C82516","C82516","Observation End Date Time","datetime",""
"2025-11-18","QRS Axis","C118165","C118165","C62085","Electrocardiogram Findings;Electrocardiogram Measurements;ECG Measurements","","Quantitative","A numerical representation of the electrocardiographic vector assessed at maximum deviation of the QRS complex from the isoelectric baseline, usually reported for the frontal plane. (CDISC)","http://loinc.org/","LOINC","8632-2","C25372","C25372","Category","string","Measurement"
"2025-11-18","QTc Correction Method Unspecified, Aggregate","C174285","C174285","C62085","Electrocardiogram Findings;Electrocardiogram Measurements;ECG Measurements","QTCUNSAG","Quantitative","A QT aggregate interval that is corrected for heart rate by unspecified correction method, or by non-standard correction methods.","http://loinc.org/","LOINC","8636-3","C25330","C25330","Duration","integer",""
"2025-11-18","QTc Correction Method Unspecified, Aggregate","C174285","C174285","C62085","Electrocardiogram Findings;Electrocardiogram Measurements;ECG Measurements","QTCUNSAG","Quantitative","A QT aggregate interval that is corrected for heart rate by unspecified correction method, or by non-standard correction methods.","http://loinc.org/","LOINC","8636-3","C42574","C42574","Unit of Time","string","Milliseconds;Seconds"
"2025-11-18","QTc Correction Method Unspecified, Aggregate","C174285","C174285","C62085","Electrocardiogram Findings;Electrocardiogram Measurements;ECG Measurements","QTCUNSAG","Quantitative","A QT aggregate interval that is corrected for heart rate by unspecified correction method, or by non-standard correction methods.","http://loinc.org/","LOINC","8636-3","C82535","C82535","Test Method","string","12 Lead Standard;12 Lead Continuous ECG;10 Lead Standard;6 Lead Standard"
"2025-11-18","QTc Correction Method Unspecified, Aggregate","C174285","C174285","C62085","Electrocardiogram Findings;Electrocardiogram Measurements;ECG Measurements","QTCUNSAG","Quantitative","A QT aggregate interval that is corrected for heart rate by unspecified correction method, or by non-standard correction methods.","http://loinc.org/","LOINC","8636-3","C82516","C82516","Observation End Date Time","datetime",""
"2025-11-18","QTc Correction Method Unspecified, Aggregate","C174285","C174285","C62085","Electrocardiogram Findings;Electrocardiogram Measurements;ECG Measurements","QTCUNSAG","Quantitative","A QT aggregate interval that is corrected for heart rate by unspecified correction method, or by non-standard correction methods.","http://loinc.org/","LOINC","8636-3","C62164","C62164","Body Position","string","Supine;Sitting"
"2025-11-18","QTc Correction Method Unspecified, Aggregate","C174285","C174285","C62085","Electrocardiogram Findings;Electrocardiogram Measurements;ECG Measurements","QTCUNSAG","Quantitative","A QT aggregate interval that is corrected for heart rate by unspecified correction method, or by non-standard correction methods.","http://loinc.org/","LOINC","8636-3","C51824","C51824","Evaluator","string","Investigator;Vendor;Adjudication Committee"
"2025-11-18","QTc Correction Method Unspecified, Aggregate","C174285","C174285","C62085","Electrocardiogram Findings;Electrocardiogram Measurements;ECG Measurements","QTCUNSAG","Quantitative","A QT aggregate interval that is corrected for heart rate by unspecified correction method, or by non-standard correction methods.","http://loinc.org/","LOINC","8636-3","C50282","C50282","Lead Device","string","Lead 1;Lead 2"
"2025-11-18","QTc Correction Method Unspecified, Aggregate","C174285","C174285","C62085","Electrocardiogram Findings;Electrocardiogram Measurements;ECG Measurements","QTCUNSAG","Quantitative","A QT aggregate interval that is corrected for heart rate by unspecified correction method, or by non-standard correction methods.","http://loinc.org/","LOINC","8636-3","C25372","C25372","Category","string","Interval"
"2025-11-18","QTc Correction Method Unspecified, Aggregate","C174285","C174285","C62085","Electrocardiogram Findings;Electrocardiogram Measurements;ECG Measurements","QTCUNSAG","Quantitative","A QT aggregate interval that is corrected for heart rate by unspecified correction method, or by non-standard correction methods.","http://loinc.org/","LOINC","8636-3","C82515","C82515","Collection Date Time","datetime",""
"2025-11-18","QTc Correction Method Unspecified, Single Beat","C174286","C174286","C62085","Electrocardiogram Findings;Electrocardiogram Measurements;ECG Measurements","QTc Corr Method Unspecified, Single Beat;QTc Correction Method Unspecified, Single Beat;QTCUNSSB","Quantitative","A QT interval that is corrected for heart rate by unspecified correction method, or by non-standard correction methods, based on a QT interval measured on a single beat utilizing one or more ECG leads.","http://loinc.org/","LOINC","8636-3","C25330","C25330","Duration","integer",""
"2025-11-18","QTc Correction Method Unspecified, Single Beat","C174286","C174286","C62085","Electrocardiogram Findings;Electrocardiogram Measurements;ECG Measurements","QTc Corr Method Unspecified, Single Beat;QTc Correction Method Unspecified, Single Beat;QTCUNSSB","Quantitative","A QT interval that is corrected for heart rate by unspecified correction method, or by non-standard correction methods, based on a QT interval measured on a single beat utilizing one or more ECG leads.","http://loinc.org/","LOINC","8636-3","C42574","C42574","Unit of Time","string","Milliseconds;Seconds"
"2025-11-18","QTc Correction Method Unspecified, Single Beat","C174286","C174286","C62085","Electrocardiogram Findings;Electrocardiogram Measurements;ECG Measurements","QTc Corr Method Unspecified, Single Beat;QTc Correction Method Unspecified, Single Beat;QTCUNSSB","Quantitative","A QT interval that is corrected for heart rate by unspecified correction method, or by non-standard correction methods, based on a QT interval measured on a single beat utilizing one or more ECG leads.","http://loinc.org/","LOINC","8636-3","C51824","C51824","Evaluator","string","Investigator;Vendor;Adjudication Committee"
"2025-11-18","QTc Correction Method Unspecified, Single Beat","C174286","C174286","C62085","Electrocardiogram Findings;Electrocardiogram Measurements;ECG Measurements","QTc Corr Method Unspecified, Single Beat;QTc Correction Method Unspecified, Single Beat;QTCUNSSB","Quantitative","A QT interval that is corrected for heart rate by unspecified correction method, or by non-standard correction methods, based on a QT interval measured on a single beat utilizing one or more ECG leads.","http://loinc.org/","LOINC","8636-3","C82535","C82535","Test Method","string","12 Lead Standard;12 Lead Continuous ECG;10 Lead Standard;6 Lead Standard"
"2025-11-18","QTc Correction Method Unspecified, Single Beat","C174286","C174286","C62085","Electrocardiogram Findings;Electrocardiogram Measurements;ECG Measurements","QTc Corr Method Unspecified, Single Beat;QTc Correction Method Unspecified, Single Beat;QTCUNSSB","Quantitative","A QT interval that is corrected for heart rate by unspecified correction method, or by non-standard correction methods, based on a QT interval measured on a single beat utilizing one or more ECG leads.","http://loinc.org/","LOINC","8636-3","C25372","C25372","Category","string","Interval"
"2025-11-18","QTc Correction Method Unspecified, Single Beat","C174286","C174286","C62085","Electrocardiogram Findings;Electrocardiogram Measurements;ECG Measurements","QTc Corr Method Unspecified, Single Beat;QTc Correction Method Unspecified, Single Beat;QTCUNSSB","Quantitative","A QT interval that is corrected for heart rate by unspecified correction method, or by non-standard correction methods, based on a QT interval measured on a single beat utilizing one or more ECG leads.","http://loinc.org/","LOINC","8636-3","C82515","C82515","Collection Date Time","datetime",""
"2025-11-18","QTc Correction Method Unspecified, Single Beat","C174286","C174286","C62085","Electrocardiogram Findings;Electrocardiogram Measurements;ECG Measurements","QTc Corr Method Unspecified, Single Beat;QTc Correction Method Unspecified, Single Beat;QTCUNSSB","Quantitative","A QT interval that is corrected for heart rate by unspecified correction method, or by non-standard correction methods, based on a QT interval measured on a single beat utilizing one or more ECG leads.","http://loinc.org/","LOINC","8636-3","C62164","C62164","Body Position","string","Supine;Sitting"
"2025-11-18","QTc Correction Method Unspecified, Single Beat","C174286","C174286","C62085","Electrocardiogram Findings;Electrocardiogram Measurements;ECG Measurements","QTc Corr Method Unspecified, Single Beat;QTc Correction Method Unspecified, Single Beat;QTCUNSSB","Quantitative","A QT interval that is corrected for heart rate by unspecified correction method, or by non-standard correction methods, based on a QT interval measured on a single beat utilizing one or more ECG leads.","http://loinc.org/","LOINC","8636-3","C82516","C82516","Observation End Date Time","datetime",""
"2025-11-18","QTc Correction Method Unspecified, Single Beat","C174286","C174286","C62085","Electrocardiogram Findings;Electrocardiogram Measurements;ECG Measurements","QTc Corr Method Unspecified, Single Beat;QTc Correction Method Unspecified, Single Beat;QTCUNSSB","Quantitative","A QT interval that is corrected for heart rate by unspecified correction method, or by non-standard correction methods, based on a QT interval measured on a single beat utilizing one or more ECG leads.","http://loinc.org/","LOINC","8636-3","C50282","C50282","Lead Device","string","Lead 1;Lead 2"
"2025-11-18","RR Interval Single Measurement","C117792","C117792","C62085","Electrocardiogram Findings;Electrocardiogram Measurements;ECG Measurements","RR Interval Single Measurement;RRSM","Quantitative","An electrocardiographic measurement of the interval between two consecutive R waves. If R waves are not present, this measurement may utilize the interval between the most easily identified components of the QRS complex within two consecutive beats. (CDISC)","http://loinc.org/","LOINC","8637-1","C25330","C25330","Duration","integer",""
"2025-11-18","RR Interval Single Measurement","C117792","C117792","C62085","Electrocardiogram Findings;Electrocardiogram Measurements;ECG Measurements","RR Interval Single Measurement;RRSM","Quantitative","An electrocardiographic measurement of the interval between two consecutive R waves. If R waves are not present, this measurement may utilize the interval between the most easily identified components of the QRS complex within two consecutive beats. (CDISC)","http://loinc.org/","LOINC","8637-1","C82516","C82516","Observation End Date Time","datetime",""
"2025-11-18","RR Interval Single Measurement","C117792","C117792","C62085","Electrocardiogram Findings;Electrocardiogram Measurements;ECG Measurements","RR Interval Single Measurement;RRSM","Quantitative","An electrocardiographic measurement of the interval between two consecutive R waves. If R waves are not present, this measurement may utilize the interval between the most easily identified components of the QRS complex within two consecutive beats. (CDISC)","http://loinc.org/","LOINC","8637-1","C82535","C82535","Test Method","string","12 Lead Standard;12 Lead Continuous ECG;10 Lead Standard;6 Lead Standard"
"2025-11-18","RR Interval Single Measurement","C117792","C117792","C62085","Electrocardiogram Findings;Electrocardiogram Measurements;ECG Measurements","RR Interval Single Measurement;RRSM","Quantitative","An electrocardiographic measurement of the interval between two consecutive R waves. If R waves are not present, this measurement may utilize the interval between the most easily identified components of the QRS complex within two consecutive beats. (CDISC)","http://loinc.org/","LOINC","8637-1","C50282","C50282","Lead Device","string","Lead 1;Lead 2"
"2025-11-18","RR Interval Single Measurement","C117792","C117792","C62085","Electrocardiogram Findings;Electrocardiogram Measurements;ECG Measurements","RR Interval Single Measurement;RRSM","Quantitative","An electrocardiographic measurement of the interval between two consecutive R waves. If R waves are not present, this measurement may utilize the interval between the most easily identified components of the QRS complex within two consecutive beats. (CDISC)","http://loinc.org/","LOINC","8637-1","C82515","C82515","Collection Date Time","datetime",""
"2025-11-18","RR Interval Single Measurement","C117792","C117792","C62085","Electrocardiogram Findings;Electrocardiogram Measurements;ECG Measurements","RR Interval Single Measurement;RRSM","Quantitative","An electrocardiographic measurement of the interval between two consecutive R waves. If R waves are not present, this measurement may utilize the interval between the most easily identified components of the QRS complex within two consecutive beats. (CDISC)","http://loinc.org/","LOINC","8637-1","C25372","C25372","Category","string","Interval"
"2025-11-18","RR Interval Single Measurement","C117792","C117792","C62085","Electrocardiogram Findings;Electrocardiogram Measurements;ECG Measurements","RR Interval Single Measurement;RRSM","Quantitative","An electrocardiographic measurement of the interval between two consecutive R waves. If R waves are not present, this measurement may utilize the interval between the most easily identified components of the QRS complex within two consecutive beats. (CDISC)","http://loinc.org/","LOINC","8637-1","C51824","C51824","Evaluator","string","Investigator;Vendor;Adjudication Committee"
"2025-11-18","RR Interval Single Measurement","C117792","C117792","C62085","Electrocardiogram Findings;Electrocardiogram Measurements;ECG Measurements","RR Interval Single Measurement;RRSM","Quantitative","An electrocardiographic measurement of the interval between two consecutive R waves. If R waves are not present, this measurement may utilize the interval between the most easily identified components of the QRS complex within two consecutive beats. (CDISC)","http://loinc.org/","LOINC","8637-1","C62164","C62164","Body Position","string","Supine;Sitting"
"2025-11-18","RR Interval Single Measurement","C117792","C117792","C62085","Electrocardiogram Findings;Electrocardiogram Measurements;ECG Measurements","RR Interval Single Measurement;RRSM","Quantitative","An electrocardiographic measurement of the interval between two consecutive R waves. If R waves are not present, this measurement may utilize the interval between the most easily identified components of the QRS complex within two consecutive beats. (CDISC)","http://loinc.org/","LOINC","8637-1","C42574","C42574","Unit of Time","string","Milliseconds;Seconds"
"2026-03-31","Residual Volume","C89836","C89836","C38081","Respiratory System Findings;Pulmonary Function Test","RV","Quantitative","The volume of air remaining in the lungs after a maximal exhalation.","http://loinc.org/","LOINC","20146-7","C82515","C82515","Collection Date Time","datetime",""
"2026-03-31","Residual Volume","C89836","C89836","C38081","Respiratory System Findings;Pulmonary Function Test","RV","Quantitative","The volume of air remaining in the lungs after a maximal exhalation.","http://loinc.org/","LOINC","20146-7","C70856","C70856","Observation Result","decimal",""
"2026-03-31","Residual Volume","C89836","C89836","C38081","Respiratory System Findings;Pulmonary Function Test","RV","Quantitative","The volume of air remaining in the lungs after a maximal exhalation.","http://loinc.org/","LOINC","20146-7","C44279","C44279","Unit of Volume","string","mL"
"2024-12-16","Respiratory Rate","C49678","C49678","C49672","Vital Signs","RESP;RESPRATE","Quantitative","The rate of breathing (inhalation and exhalation) measured within in a unit time, usually expressed as breaths per minute.","http://loinc.org/","LOINC","9279-1","C70856","C70856","Observation Result","integer",""
"2024-12-16","Respiratory Rate","C49678","C49678","C49672","Vital Signs","RESP;RESPRATE","Quantitative","The rate of breathing (inhalation and exhalation) measured within in a unit time, usually expressed as breaths per minute.","http://loinc.org/","LOINC","9279-1","C73688","C73688","Count per Minute","string","Breaths per Minute"
"2024-12-16","Respiratory Rate","C49678","C49678","C49672","Vital Signs","RESP;RESPRATE","Quantitative","The rate of breathing (inhalation and exhalation) measured within in a unit time, usually expressed as breaths per minute.","http://loinc.org/","LOINC","9279-1","C82515","C82515","Collection Date Time","datetime",""
"2025-11-18","Single Beat P Wave Duration","C117776","C117776","C62085","Electrocardiogram Findings;Electrocardiogram Measurements;ECG Measurements","P Wave Duration, Single Beat;Single Beat P Wave Duration;PWDURSB","Quantitative","An electrocardiographic interval measured from the onset of the P wave to the offset of the P wave of a single beat utilizing one or more leads. (CDISC)","http://loinc.org/","LOINC","8627-2","C25372","C25372","Category","string","Interval"
"2025-11-18","Single Beat P Wave Duration","C117776","C117776","C62085","Electrocardiogram Findings;Electrocardiogram Measurements;ECG Measurements","P Wave Duration, Single Beat;Single Beat P Wave Duration;PWDURSB","Quantitative","An electrocardiographic interval measured from the onset of the P wave to the offset of the P wave of a single beat utilizing one or more leads. (CDISC)","http://loinc.org/","LOINC","8627-2","C25330","C25330","Duration","integer",""
"2025-11-18","Single Beat P Wave Duration","C117776","C117776","C62085","Electrocardiogram Findings;Electrocardiogram Measurements;ECG Measurements","P Wave Duration, Single Beat;Single Beat P Wave Duration;PWDURSB","Quantitative","An electrocardiographic interval measured from the onset of the P wave to the offset of the P wave of a single beat utilizing one or more leads. (CDISC)","http://loinc.org/","LOINC","8627-2","C82515","C82515","Collection Date Time","datetime",""
"2025-11-18","Single Beat P Wave Duration","C117776","C117776","C62085","Electrocardiogram Findings;Electrocardiogram Measurements;ECG Measurements","P Wave Duration, Single Beat;Single Beat P Wave Duration;PWDURSB","Quantitative","An electrocardiographic interval measured from the onset of the P wave to the offset of the P wave of a single beat utilizing one or more leads. (CDISC)","http://loinc.org/","LOINC","8627-2","C82516","C82516","Observation End Date Time","datetime",""
"2025-11-18","Single Beat P Wave Duration","C117776","C117776","C62085","Electrocardiogram Findings;Electrocardiogram Measurements;ECG Measurements","P Wave Duration, Single Beat;Single Beat P Wave Duration;PWDURSB","Quantitative","An electrocardiographic interval measured from the onset of the P wave to the offset of the P wave of a single beat utilizing one or more leads. (CDISC)","http://loinc.org/","LOINC","8627-2","C51824","C51824","Evaluator","string","Investigator;Vendor;Adjudication Committee"
"2025-11-18","Single Beat P Wave Duration","C117776","C117776","C62085","Electrocardiogram Findings;Electrocardiogram Measurements;ECG Measurements","P Wave Duration, Single Beat;Single Beat P Wave Duration;PWDURSB","Quantitative","An electrocardiographic interval measured from the onset of the P wave to the offset of the P wave of a single beat utilizing one or more leads. (CDISC)","http://loinc.org/","LOINC","8627-2","C42574","C42574","Unit of Time","string","Milliseconds;Seconds"
"2025-11-18","Single Beat P Wave Duration","C117776","C117776","C62085","Electrocardiogram Findings;Electrocardiogram Measurements;ECG Measurements","P Wave Duration, Single Beat;Single Beat P Wave Duration;PWDURSB","Quantitative","An electrocardiographic interval measured from the onset of the P wave to the offset of the P wave of a single beat utilizing one or more leads. (CDISC)","http://loinc.org/","LOINC","8627-2","C62164","C62164","Body Position","string","Supine;Sitting"
"2025-11-18","Single Beat P Wave Duration","C117776","C117776","C62085","Electrocardiogram Findings;Electrocardiogram Measurements;ECG Measurements","P Wave Duration, Single Beat;Single Beat P Wave Duration;PWDURSB","Quantitative","An electrocardiographic interval measured from the onset of the P wave to the offset of the P wave of a single beat utilizing one or more leads. (CDISC)","http://loinc.org/","LOINC","8627-2","C82535","C82535","Test Method","string","12 Lead Standard;12 Lead Continuous ECG;10 Lead Standard;6 Lead Standard"
"2025-11-18","Single Beat P Wave Duration","C117776","C117776","C62085","Electrocardiogram Findings;Electrocardiogram Measurements;ECG Measurements","P Wave Duration, Single Beat;Single Beat P Wave Duration;PWDURSB","Quantitative","An electrocardiographic interval measured from the onset of the P wave to the offset of the P wave of a single beat utilizing one or more leads. (CDISC)","http://loinc.org/","LOINC","8627-2","C50282","C50282","Lead Device","string","Lead 1;Lead 2"
"2025-11-18","Single Beat PR Interval","C117774","C117774","C62085","Electrocardiogram Findings;Electrocardiogram Measurements;ECG Measurements","Single Beat PR Interval;PQ Interval, Single Beat;PQSB;PR Interval, Single Beat;PR Interval, Single Beat;PRSB","Quantitative","An electrocardiographic interval measured from the onset of the P wave to the onset of the QRS complex of a single beat utilizing one or more leads. (CDISC)","http://loinc.org/","LOINC","8625-6","C62164","C62164","Body Position","string","Supine;Sitting"
"2025-11-18","Single Beat PR Interval","C117774","C117774","C62085","Electrocardiogram Findings;Electrocardiogram Measurements;ECG Measurements","Single Beat PR Interval;PQ Interval, Single Beat;PQSB;PR Interval, Single Beat;PR Interval, Single Beat;PRSB","Quantitative","An electrocardiographic interval measured from the onset of the P wave to the onset of the QRS complex of a single beat utilizing one or more leads. (CDISC)","http://loinc.org/","LOINC","8625-6","C42574","C42574","Unit of Time","string","Milliseconds;Seconds"
"2025-11-18","Single Beat PR Interval","C117774","C117774","C62085","Electrocardiogram Findings;Electrocardiogram Measurements;ECG Measurements","Single Beat PR Interval;PQ Interval, Single Beat;PQSB;PR Interval, Single Beat;PR Interval, Single Beat;PRSB","Quantitative","An electrocardiographic interval measured from the onset of the P wave to the onset of the QRS complex of a single beat utilizing one or more leads. (CDISC)","http://loinc.org/","LOINC","8625-6","C82535","C82535","Test Method","string","12 Lead Standard;12 Lead Continuous ECG;10 Lead Standard;6 Lead Standard"
"2025-11-18","Single Beat PR Interval","C117774","C117774","C62085","Electrocardiogram Findings;Electrocardiogram Measurements;ECG Measurements","Single Beat PR Interval;PQ Interval, Single Beat;PQSB;PR Interval, Single Beat;PR Interval, Single Beat;PRSB","Quantitative","An electrocardiographic interval measured from the onset of the P wave to the onset of the QRS complex of a single beat utilizing one or more leads. (CDISC)","http://loinc.org/","LOINC","8625-6","C50282","C50282","Lead Device","string","Lead 1;Lead 2"
"2025-11-18","Single Beat PR Interval","C117774","C117774","C62085","Electrocardiogram Findings;Electrocardiogram Measurements;ECG Measurements","Single Beat PR Interval;PQ Interval, Single Beat;PQSB;PR Interval, Single Beat;PR Interval, Single Beat;PRSB","Quantitative","An electrocardiographic interval measured from the onset of the P wave to the onset of the QRS complex of a single beat utilizing one or more leads. (CDISC)","http://loinc.org/","LOINC","8625-6","C82516","C82516","Observation End Date Time","datetime",""
"2025-11-18","Single Beat PR Interval","C117774","C117774","C62085","Electrocardiogram Findings;Electrocardiogram Measurements;ECG Measurements","Single Beat PR Interval;PQ Interval, Single Beat;PQSB;PR Interval, Single Beat;PR Interval, Single Beat;PRSB","Quantitative","An electrocardiographic interval measured from the onset of the P wave to the onset of the QRS complex of a single beat utilizing one or more leads. (CDISC)","http://loinc.org/","LOINC","8625-6","C82515","C82515","Collection Date Time","datetime",""
"2025-11-18","Single Beat PR Interval","C117774","C117774","C62085","Electrocardiogram Findings;Electrocardiogram Measurements;ECG Measurements","Single Beat PR Interval;PQ Interval, Single Beat;PQSB;PR Interval, Single Beat;PR Interval, Single Beat;PRSB","Quantitative","An electrocardiographic interval measured from the onset of the P wave to the onset of the QRS complex of a single beat utilizing one or more leads. (CDISC)","http://loinc.org/","LOINC","8625-6","C25372","C25372","Category","string","Interval"
"2025-11-18","Single Beat PR Interval","C117774","C117774","C62085","Electrocardiogram Findings;Electrocardiogram Measurements;ECG Measurements","Single Beat PR Interval;PQ Interval, Single Beat;PQSB;PR Interval, Single Beat;PR Interval, Single Beat;PRSB","Quantitative","An electrocardiographic interval measured from the onset of the P wave to the onset of the QRS complex of a single beat utilizing one or more leads. (CDISC)","http://loinc.org/","LOINC","8625-6","C51824","C51824","Evaluator","string","Investigator;Vendor;Adjudication Committee"
"2025-11-18","Single Beat PR Interval","C117774","C117774","C62085","Electrocardiogram Findings;Electrocardiogram Measurements;ECG Measurements","Single Beat PR Interval;PQ Interval, Single Beat;PQSB;PR Interval, Single Beat;PR Interval, Single Beat;PRSB","Quantitative","An electrocardiographic interval measured from the onset of the P wave to the onset of the QRS complex of a single beat utilizing one or more leads. (CDISC)","http://loinc.org/","LOINC","8625-6","C25330","C25330","Duration","integer",""
"2025-11-18","Single Beat QRS Duration","C117780","C117780","C62085","Electrocardiogram Findings;Electrocardiogram Measurements;ECG Measurements","QRS Duration, Single Beat;Single Beat QRS Duration;QRSSB","Quantitative","An electrocardiographic interval measured from the onset of the QRS complex to the offset of the QRS complex of a single beat utilizing one or more leads. (CDISC)","http://loinc.org/","LOINC","8633-0","C82515","C82515","Collection Date Time","datetime",""
"2025-11-18","Single Beat QRS Duration","C117780","C117780","C62085","Electrocardiogram Findings;Electrocardiogram Measurements;ECG Measurements","QRS Duration, Single Beat;Single Beat QRS Duration;QRSSB","Quantitative","An electrocardiographic interval measured from the onset of the QRS complex to the offset of the QRS complex of a single beat utilizing one or more leads. (CDISC)","http://loinc.org/","LOINC","8633-0","C25372","C25372","Category","string","Interval"
"2025-11-18","Single Beat QRS Duration","C117780","C117780","C62085","Electrocardiogram Findings;Electrocardiogram Measurements;ECG Measurements","QRS Duration, Single Beat;Single Beat QRS Duration;QRSSB","Quantitative","An electrocardiographic interval measured from the onset of the QRS complex to the offset of the QRS complex of a single beat utilizing one or more leads. (CDISC)","http://loinc.org/","LOINC","8633-0","C51824","C51824","Evaluator","string","Investigator;Vendor;Adjudication Committee"
"2025-11-18","Single Beat QRS Duration","C117780","C117780","C62085","Electrocardiogram Findings;Electrocardiogram Measurements;ECG Measurements","QRS Duration, Single Beat;Single Beat QRS Duration;QRSSB","Quantitative","An electrocardiographic interval measured from the onset of the QRS complex to the offset of the QRS complex of a single beat utilizing one or more leads. (CDISC)","http://loinc.org/","LOINC","8633-0","C82535","C82535","Test Method","string","12 Lead Standard;12 Lead Continuous ECG;10 Lead Standard;6 Lead Standard"
"2025-11-18","Single Beat QRS Duration","C117780","C117780","C62085","Electrocardiogram Findings;Electrocardiogram Measurements;ECG Measurements","QRS Duration, Single Beat;Single Beat QRS Duration;QRSSB","Quantitative","An electrocardiographic interval measured from the onset of the QRS complex to the offset of the QRS complex of a single beat utilizing one or more leads. (CDISC)","http://loinc.org/","LOINC","8633-0","C50282","C50282","Lead Device","string","Lead 1;Lead 2"
"2025-11-18","Single Beat QRS Duration","C117780","C117780","C62085","Electrocardiogram Findings;Electrocardiogram Measurements;ECG Measurements","QRS Duration, Single Beat;Single Beat QRS Duration;QRSSB","Quantitative","An electrocardiographic interval measured from the onset of the QRS complex to the offset of the QRS complex of a single beat utilizing one or more leads. (CDISC)","http://loinc.org/","LOINC","8633-0","C82516","C82516","Observation End Date Time","datetime",""
"2025-11-18","Single Beat QRS Duration","C117780","C117780","C62085","Electrocardiogram Findings;Electrocardiogram Measurements;ECG Measurements","QRS Duration, Single Beat;Single Beat QRS Duration;QRSSB","Quantitative","An electrocardiographic interval measured from the onset of the QRS complex to the offset of the QRS complex of a single beat utilizing one or more leads. (CDISC)","http://loinc.org/","LOINC","8633-0","C25330","C25330","Duration","integer",""
"2025-11-18","Single Beat QRS Duration","C117780","C117780","C62085","Electrocardiogram Findings;Electrocardiogram Measurements;ECG Measurements","QRS Duration, Single Beat;Single Beat QRS Duration;QRSSB","Quantitative","An electrocardiographic interval measured from the onset of the QRS complex to the offset of the QRS complex of a single beat utilizing one or more leads. (CDISC)","http://loinc.org/","LOINC","8633-0","C42574","C42574","Unit of Time","string","Milliseconds;Seconds"
"2025-11-18","Single Beat QRS Duration","C117780","C117780","C62085","Electrocardiogram Findings;Electrocardiogram Measurements;ECG Measurements","QRS Duration, Single Beat;Single Beat QRS Duration;QRSSB","Quantitative","An electrocardiographic interval measured from the onset of the QRS complex to the offset of the QRS complex of a single beat utilizing one or more leads. (CDISC)","http://loinc.org/","LOINC","8633-0","C62164","C62164","Body Position","string","Supine;Sitting"
"2025-11-18","Single Beat QT Interval","C117788","C117788","C62085","Electrocardiogram Findings;Electrocardiogram Measurements;ECG Measurements","QT Interval, Single Beat;Single Beat QT Interval;QTSB","Quantitative","An electrocardiographic interval measured from the onset of the QRS complex to the offset of the T wave of a single beat utilizing one or more leads. (CDISC)","http://loinc.org/","LOINC","8634-8","C25372","C25372","Category","string","Interval"
"2025-11-18","Single Beat QT Interval","C117788","C117788","C62085","Electrocardiogram Findings;Electrocardiogram Measurements;ECG Measurements","QT Interval, Single Beat;Single Beat QT Interval;QTSB","Quantitative","An electrocardiographic interval measured from the onset of the QRS complex to the offset of the T wave of a single beat utilizing one or more leads. (CDISC)","http://loinc.org/","LOINC","8634-8","C82515","C82515","Collection Date Time","datetime",""
"2025-11-18","Single Beat QT Interval","C117788","C117788","C62085","Electrocardiogram Findings;Electrocardiogram Measurements;ECG Measurements","QT Interval, Single Beat;Single Beat QT Interval;QTSB","Quantitative","An electrocardiographic interval measured from the onset of the QRS complex to the offset of the T wave of a single beat utilizing one or more leads. (CDISC)","http://loinc.org/","LOINC","8634-8","C82535","C82535","Test Method","string","12 Lead Standard;12 Lead Continuous ECG;10 Lead Standard;6 Lead Standard"
"2025-11-18","Single Beat QT Interval","C117788","C117788","C62085","Electrocardiogram Findings;Electrocardiogram Measurements;ECG Measurements","QT Interval, Single Beat;Single Beat QT Interval;QTSB","Quantitative","An electrocardiographic interval measured from the onset of the QRS complex to the offset of the T wave of a single beat utilizing one or more leads. (CDISC)","http://loinc.org/","LOINC","8634-8","C51824","C51824","Evaluator","string","Investigator;Vendor;Adjudication Committee"
"2025-11-18","Single Beat QT Interval","C117788","C117788","C62085","Electrocardiogram Findings;Electrocardiogram Measurements;ECG Measurements","QT Interval, Single Beat;Single Beat QT Interval;QTSB","Quantitative","An electrocardiographic interval measured from the onset of the QRS complex to the offset of the T wave of a single beat utilizing one or more leads. (CDISC)","http://loinc.org/","LOINC","8634-8","C50282","C50282","Lead Device","string","Lead 1;Lead 2"
"2025-11-18","Single Beat QT Interval","C117788","C117788","C62085","Electrocardiogram Findings;Electrocardiogram Measurements;ECG Measurements","QT Interval, Single Beat;Single Beat QT Interval;QTSB","Quantitative","An electrocardiographic interval measured from the onset of the QRS complex to the offset of the T wave of a single beat utilizing one or more leads. (CDISC)","http://loinc.org/","LOINC","8634-8","C82516","C82516","Observation End Date Time","datetime",""
"2025-11-18","Single Beat QT Interval","C117788","C117788","C62085","Electrocardiogram Findings;Electrocardiogram Measurements;ECG Measurements","QT Interval, Single Beat;Single Beat QT Interval;QTSB","Quantitative","An electrocardiographic interval measured from the onset of the QRS complex to the offset of the T wave of a single beat utilizing one or more leads. (CDISC)","http://loinc.org/","LOINC","8634-8","C25330","C25330","Duration","integer",""
"2025-11-18","Single Beat QT Interval","C117788","C117788","C62085","Electrocardiogram Findings;Electrocardiogram Measurements;ECG Measurements","QT Interval, Single Beat;Single Beat QT Interval;QTSB","Quantitative","An electrocardiographic interval measured from the onset of the QRS complex to the offset of the T wave of a single beat utilizing one or more leads. (CDISC)","http://loinc.org/","LOINC","8634-8","C62164","C62164","Body Position","string","Supine;Sitting"
"2025-11-18","Single Beat QT Interval","C117788","C117788","C62085","Electrocardiogram Findings;Electrocardiogram Measurements;ECG Measurements","QT Interval, Single Beat;Single Beat QT Interval;QTSB","Quantitative","An electrocardiographic interval measured from the onset of the QRS complex to the offset of the T wave of a single beat utilizing one or more leads. (CDISC)","http://loinc.org/","LOINC","8634-8","C42574","C42574","Unit of Time","string","Milliseconds;Seconds"
"2025-11-18","Single Beat QTCB Interval","C117785","C117785","C62085","Electrocardiogram Findings;Electrocardiogram Measurements;ECG Measurements","QTcB Interval, Single Beat;Single Beat QTCB Interval;QTCBSB","Quantitative","A QT single beat interval corrected for heart rate using Bazett's formula.","http://loinc.org/","LOINC","76635-2","C51824","C51824","Evaluator","string","Investigator;Vendor;Adjudication Committee"
"2025-11-18","Single Beat QTCB Interval","C117785","C117785","C62085","Electrocardiogram Findings;Electrocardiogram Measurements;ECG Measurements","QTcB Interval, Single Beat;Single Beat QTCB Interval;QTCBSB","Quantitative","A QT single beat interval corrected for heart rate using Bazett's formula.","http://loinc.org/","LOINC","76635-2","C82516","C82516","Observation End Date Time","datetime",""
"2025-11-18","Single Beat QTCB Interval","C117785","C117785","C62085","Electrocardiogram Findings;Electrocardiogram Measurements;ECG Measurements","QTcB Interval, Single Beat;Single Beat QTCB Interval;QTCBSB","Quantitative","A QT single beat interval corrected for heart rate using Bazett's formula.","http://loinc.org/","LOINC","76635-2","C82535","C82535","Test Method","string","12 Lead Standard;12 Lead Continuous ECG;10 Lead Standard;6 Lead Standard"
"2025-11-18","Single Beat QTCB Interval","C117785","C117785","C62085","Electrocardiogram Findings;Electrocardiogram Measurements;ECG Measurements","QTcB Interval, Single Beat;Single Beat QTCB Interval;QTCBSB","Quantitative","A QT single beat interval corrected for heart rate using Bazett's formula.","http://loinc.org/","LOINC","76635-2","C62164","C62164","Body Position","string","Supine;Sitting"
"2025-11-18","Single Beat QTCB Interval","C117785","C117785","C62085","Electrocardiogram Findings;Electrocardiogram Measurements;ECG Measurements","QTcB Interval, Single Beat;Single Beat QTCB Interval;QTCBSB","Quantitative","A QT single beat interval corrected for heart rate using Bazett's formula.","http://loinc.org/","LOINC","76635-2","C82515","C82515","Collection Date Time","datetime",""
"2025-11-18","Single Beat QTCB Interval","C117785","C117785","C62085","Electrocardiogram Findings;Electrocardiogram Measurements;ECG Measurements","QTcB Interval, Single Beat;Single Beat QTCB Interval;QTCBSB","Quantitative","A QT single beat interval corrected for heart rate using Bazett's formula.","http://loinc.org/","LOINC","76635-2","C25372","C25372","Category","string","Interval"
"2025-11-18","Single Beat QTCB Interval","C117785","C117785","C62085","Electrocardiogram Findings;Electrocardiogram Measurements;ECG Measurements","QTcB Interval, Single Beat;Single Beat QTCB Interval;QTCBSB","Quantitative","A QT single beat interval corrected for heart rate using Bazett's formula.","http://loinc.org/","LOINC","76635-2","C50282","C50282","Lead Device","string","Lead 1;Lead 2"
"2025-11-18","Single Beat QTCB Interval","C117785","C117785","C62085","Electrocardiogram Findings;Electrocardiogram Measurements;ECG Measurements","QTcB Interval, Single Beat;Single Beat QTCB Interval;QTCBSB","Quantitative","A QT single beat interval corrected for heart rate using Bazett's formula.","http://loinc.org/","LOINC","76635-2","C42574","C42574","Unit of Time","string","Milliseconds;Seconds"
"2025-11-18","Single Beat QTCB Interval","C117785","C117785","C62085","Electrocardiogram Findings;Electrocardiogram Measurements;ECG Measurements","QTcB Interval, Single Beat;Single Beat QTCB Interval;QTCBSB","Quantitative","A QT single beat interval corrected for heart rate using Bazett's formula.","http://loinc.org/","LOINC","76635-2","C25330","C25330","Duration","integer",""
"2025-11-18","Single Beat QTCF Interval","C117787","C117787","C62085","Electrocardiogram Findings;Electrocardiogram Measurements;ECG Measurements","QTcF Interval, Single Beat;QTCFSB;Single Beat QTCF Interval","Quantitative","A QT single beat interval corrected for heart rate using Fridericia's formula.","http://loinc.org/","LOINC","76634-5","C50282","C50282","Lead Device","string","Lead 1;Lead 2"
"2025-11-18","Single Beat QTCF Interval","C117787","C117787","C62085","Electrocardiogram Findings;Electrocardiogram Measurements;ECG Measurements","QTcF Interval, Single Beat;QTCFSB;Single Beat QTCF Interval","Quantitative","A QT single beat interval corrected for heart rate using Fridericia's formula.","http://loinc.org/","LOINC","76634-5","C51824","C51824","Evaluator","string","Investigator;Vendor;Adjudication Committee"
"2025-11-18","Single Beat QTCF Interval","C117787","C117787","C62085","Electrocardiogram Findings;Electrocardiogram Measurements;ECG Measurements","QTcF Interval, Single Beat;QTCFSB;Single Beat QTCF Interval","Quantitative","A QT single beat interval corrected for heart rate using Fridericia's formula.","http://loinc.org/","LOINC","76634-5","C82515","C82515","Collection Date Time","datetime",""
"2025-11-18","Single Beat QTCF Interval","C117787","C117787","C62085","Electrocardiogram Findings;Electrocardiogram Measurements;ECG Measurements","QTcF Interval, Single Beat;QTCFSB;Single Beat QTCF Interval","Quantitative","A QT single beat interval corrected for heart rate using Fridericia's formula.","http://loinc.org/","LOINC","76634-5","C62164","C62164","Body Position","string","Supine;Sitting"
"2025-11-18","Single Beat QTCF Interval","C117787","C117787","C62085","Electrocardiogram Findings;Electrocardiogram Measurements;ECG Measurements","QTcF Interval, Single Beat;QTCFSB;Single Beat QTCF Interval","Quantitative","A QT single beat interval corrected for heart rate using Fridericia's formula.","http://loinc.org/","LOINC","76634-5","C82516","C82516","Observation End Date Time","datetime",""
"2025-11-18","Single Beat QTCF Interval","C117787","C117787","C62085","Electrocardiogram Findings;Electrocardiogram Measurements;ECG Measurements","QTcF Interval, Single Beat;QTCFSB;Single Beat QTCF Interval","Quantitative","A QT single beat interval corrected for heart rate using Fridericia's formula.","http://loinc.org/","LOINC","76634-5","C42574","C42574","Unit of Time","string","Milliseconds;Seconds"
"2025-11-18","Single Beat QTCF Interval","C117787","C117787","C62085","Electrocardiogram Findings;Electrocardiogram Measurements;ECG Measurements","QTcF Interval, Single Beat;QTCFSB;Single Beat QTCF Interval","Quantitative","A QT single beat interval corrected for heart rate using Fridericia's formula.","http://loinc.org/","LOINC","76634-5","C25372","C25372","Category","string","Interval"
"2025-11-18","Single Beat QTCF Interval","C117787","C117787","C62085","Electrocardiogram Findings;Electrocardiogram Measurements;ECG Measurements","QTcF Interval, Single Beat;QTCFSB;Single Beat QTCF Interval","Quantitative","A QT single beat interval corrected for heart rate using Fridericia's formula.","http://loinc.org/","LOINC","76634-5","C25330","C25330","Duration","integer",""
"2025-11-18","Single Beat QTCF Interval","C117787","C117787","C62085","Electrocardiogram Findings;Electrocardiogram Measurements;ECG Measurements","QTcF Interval, Single Beat;QTCFSB;Single Beat QTCF Interval","Quantitative","A QT single beat interval corrected for heart rate using Fridericia's formula.","http://loinc.org/","LOINC","76634-5","C82535","C82535","Test Method","string","12 Lead Standard;12 Lead Continuous ECG;10 Lead Standard;6 Lead Standard"
"2025-11-18","Single Measurement PP Interval","C117772","C117772","C62085","Electrocardiogram Findings;Electrocardiogram Measurements;ECG Measurements","PP Interval, Single Measurement;Single Measurement PP Interval;PPSM","Quantitative","An electrocardiographic measurement of the interval between the onsets of two consecutive P waves. (CDISC)","http://loinc.org/","LOINC","8624-9","C62164","C62164","Body Position","string","Supine;Sitting"
"2025-11-18","Single Measurement PP Interval","C117772","C117772","C62085","Electrocardiogram Findings;Electrocardiogram Measurements;ECG Measurements","PP Interval, Single Measurement;Single Measurement PP Interval;PPSM","Quantitative","An electrocardiographic measurement of the interval between the onsets of two consecutive P waves. (CDISC)","http://loinc.org/","LOINC","8624-9","C25330","C25330","Duration","integer",""
"2025-11-18","Single Measurement PP Interval","C117772","C117772","C62085","Electrocardiogram Findings;Electrocardiogram Measurements;ECG Measurements","PP Interval, Single Measurement;Single Measurement PP Interval;PPSM","Quantitative","An electrocardiographic measurement of the interval between the onsets of two consecutive P waves. (CDISC)","http://loinc.org/","LOINC","8624-9","C82516","C82516","Observation End Date Time","datetime",""
"2025-11-18","Single Measurement PP Interval","C117772","C117772","C62085","Electrocardiogram Findings;Electrocardiogram Measurements;ECG Measurements","PP Interval, Single Measurement;Single Measurement PP Interval;PPSM","Quantitative","An electrocardiographic measurement of the interval between the onsets of two consecutive P waves. (CDISC)","http://loinc.org/","LOINC","8624-9","C42574","C42574","Unit of Time","string","Milliseconds;Seconds"
"2025-11-18","Single Measurement PP Interval","C117772","C117772","C62085","Electrocardiogram Findings;Electrocardiogram Measurements;ECG Measurements","PP Interval, Single Measurement;Single Measurement PP Interval;PPSM","Quantitative","An electrocardiographic measurement of the interval between the onsets of two consecutive P waves. (CDISC)","http://loinc.org/","LOINC","8624-9","C25372","C25372","Category","string","Interval"
"2025-11-18","Single Measurement PP Interval","C117772","C117772","C62085","Electrocardiogram Findings;Electrocardiogram Measurements;ECG Measurements","PP Interval, Single Measurement;Single Measurement PP Interval;PPSM","Quantitative","An electrocardiographic measurement of the interval between the onsets of two consecutive P waves. (CDISC)","http://loinc.org/","LOINC","8624-9","C82515","C82515","Collection Date Time","datetime",""
"2025-11-18","Single Measurement PP Interval","C117772","C117772","C62085","Electrocardiogram Findings;Electrocardiogram Measurements;ECG Measurements","PP Interval, Single Measurement;Single Measurement PP Interval;PPSM","Quantitative","An electrocardiographic measurement of the interval between the onsets of two consecutive P waves. (CDISC)","http://loinc.org/","LOINC","8624-9","C50282","C50282","Lead Device","string","Lead 1;Lead 2"
"2025-11-18","Single Measurement PP Interval","C117772","C117772","C62085","Electrocardiogram Findings;Electrocardiogram Measurements;ECG Measurements","PP Interval, Single Measurement;Single Measurement PP Interval;PPSM","Quantitative","An electrocardiographic measurement of the interval between the onsets of two consecutive P waves. (CDISC)","http://loinc.org/","LOINC","8624-9","C51824","C51824","Evaluator","string","Investigator;Vendor;Adjudication Committee"
"2025-11-18","Single Measurement PP Interval","C117772","C117772","C62085","Electrocardiogram Findings;Electrocardiogram Measurements;ECG Measurements","PP Interval, Single Measurement;Single Measurement PP Interval;PPSM","Quantitative","An electrocardiographic measurement of the interval between the onsets of two consecutive P waves. (CDISC)","http://loinc.org/","LOINC","8624-9","C82535","C82535","Test Method","string","12 Lead Standard;12 Lead Continuous ECG;10 Lead Standard;6 Lead Standard"
"2025-12-16","Systolic Blood Pressure","C25298","C25298","C54706","Vital Signs;Blood Pressure","SYSBP","Quantitative","The maximum pressure exerted into the systemic arterial circulation during the contraction of the left ventricle of the heart.","http://loinc.org/","LOINC","8480-6","C82535","C82535","Test Method","string","Auscultation automatic;Auscultation manual;Cuff-manual palpated;Doppler;Oscillometry;Arterial line;Venous line;Continuous noninvasive arterial pressure (CNAP)"
"2025-12-16","Systolic Blood Pressure","C25298","C25298","C54706","Vital Signs;Blood Pressure","SYSBP","Quantitative","The maximum pressure exerted into the systemic arterial circulation during the contraction of the left ventricle of the heart.","http://loinc.org/","LOINC","8480-6","C82515","C82515","Collection Date Time","datetime",""
"2025-12-16","Systolic Blood Pressure","C25298","C25298","C54706","Vital Signs;Blood Pressure","SYSBP","Quantitative","The maximum pressure exerted into the systemic arterial circulation during the contraction of the left ventricle of the heart.","http://loinc.org/","LOINC","8480-6","C25185","C25185","Laterality","string","Left;Right"
"2025-12-16","Systolic Blood Pressure","C25298","C25298","C54706","Vital Signs;Blood Pressure","SYSBP","Quantitative","The maximum pressure exerted into the systemic arterial circulation during the contraction of the left ventricle of the heart.","http://loinc.org/","LOINC","8480-6","C13717","C13717","Anatomic Site","string","Arm;Forearm;Thigh;Calf;Artery;Vein"
"2025-12-16","Systolic Blood Pressure","C25298","C25298","C54706","Vital Signs;Blood Pressure","SYSBP","Quantitative","The maximum pressure exerted into the systemic arterial circulation during the contraction of the left ventricle of the heart.","http://loinc.org/","LOINC","8480-6","C62164","C62164","Body Position","string","Decubitus;Fowlers;Lateral Decubitus;Left Lateral Decubitus;Prone;Reverse Trendelenburg;Right Lateral Decubitus;Semi-Fowlers;Semi-Recumbent;Sitting;Sitting, Legs Dependent;Sling;Standing;Standing, Bent Forward;Supine;Trendelenburg;Unconstrained"
"2025-12-16","Systolic Blood Pressure","C25298","C25298","C54706","Vital Signs;Blood Pressure","SYSBP","Quantitative","The maximum pressure exerted into the systemic arterial circulation during the contraction of the left ventricle of the heart.","http://loinc.org/","LOINC","8480-6","C70856","C70856","Observation Result","decimal",""
"2025-12-16","Systolic Blood Pressure","C25298","C25298","C54706","Vital Signs;Blood Pressure","SYSBP","Quantitative","The maximum pressure exerted into the systemic arterial circulation during the contraction of the left ventricle of the heart.","http://loinc.org/","LOINC","8480-6","C49669","C49669","Unit of Pressure","string","cmHg;mmHG;Pascal"
"2026-03-31","Thoracic Gas Volume","C124426","C124426","C38081","Respiratory System Findings;Pulmonary Function Test","TGV","Quantitative","The absolute volume of gas contained in the thoracic cavity at any given point in time and at any level of alveolar pressure.","http://loinc.org/","LOINC","20132-7","C82515","C82515","Collection Date Time","datetime",""
"2026-03-31","Thoracic Gas Volume","C124426","C124426","C38081","Respiratory System Findings;Pulmonary Function Test","TGV","Quantitative","The absolute volume of gas contained in the thoracic cavity at any given point in time and at any level of alveolar pressure.","http://loinc.org/","LOINC","20132-7","C70856","C70856","Observation Result","decimal",""
"2026-03-31","Thoracic Gas Volume","C124426","C124426","C38081","Respiratory System Findings;Pulmonary Function Test","TGV","Quantitative","The absolute volume of gas contained in the thoracic cavity at any given point in time and at any level of alveolar pressure.","http://loinc.org/","LOINC","20132-7","C44279","C44279","Unit of Volume","string","mL;L"
"2026-03-31","Total Lung Capacity","C111325","C111325","C38081","Respiratory System Findings;Pulmonary Function Test","Lung volume test;TLC;TLUNGCAP;Total lung capacity","Quantitative","The total volume of air in the lungs after maximum inhalation.","http://loinc.org/","LOINC","19862-2","C44279","C44279","Unit of Volume","string","mL;L"
"2026-03-31","Total Lung Capacity","C111325","C111325","C38081","Respiratory System Findings;Pulmonary Function Test","Lung volume test;TLC;TLUNGCAP;Total lung capacity","Quantitative","The total volume of air in the lungs after maximum inhalation.","http://loinc.org/","LOINC","19862-2","C82515","C82515","Collection Date Time","datetime",""
"2026-03-31","Total Lung Capacity","C111325","C111325","C38081","Respiratory System Findings;Pulmonary Function Test","Lung volume test;TLC;TLUNGCAP;Total lung capacity","Quantitative","The total volume of air in the lungs after maximum inhalation.","http://loinc.org/","LOINC","19862-2","C70856","C70856","Observation Result","decimal",""
"2026-03-31","Triceps Skinfold Thickness","C98793","C98793","C77537","Vital Signs;Body Measurements","TRSKNF","Quantitative","A measurement of the thickness of a pinch of skin on the triceps.","http://loinc.org/","LOINC","8354-3","C42578","C42578","Unit of Length","string","mm;cm;in"
"2026-03-31","Triceps Skinfold Thickness","C98793","C98793","C77537","Vital Signs;Body Measurements","TRSKNF","Quantitative","A measurement of the thickness of a pinch of skin on the triceps.","http://loinc.org/","LOINC","8354-3","C70856","C70856","Observation Result","decimal",""
"2026-03-31","Triceps Skinfold Thickness","C98793","C98793","C77537","Vital Signs;Body Measurements","TRSKNF","Quantitative","A measurement of the thickness of a pinch of skin on the triceps.","http://loinc.org/","LOINC","8354-3","C82515","C82515","Collection Date Time","datetime",""
"2025-12-16","Urine Glucose Test Strip Measurement [RETIRED]","NEW_1","","C147905","Laboratory Tests","Urine Glucose Dipstick","Ordinal","An ordinal measurement of glucose present in a sample. [RETIRED]","http://loinc.org/","LOINC","2349-9","C70713","C70713","Biospecimen Type","string","Urine"
"2025-12-16","Urine Glucose Test Strip Measurement [RETIRED]","NEW_1","","C147905","Laboratory Tests","Urine Glucose Dipstick","Ordinal","An ordinal measurement of glucose present in a sample. [RETIRED]","http://loinc.org/","LOINC","2349-9","C82535","C82535","Test Method","string","Test Strip;Dipstick"
"2025-12-16","Urine Glucose Test Strip Measurement [RETIRED]","NEW_1","","C147905","Laboratory Tests","Urine Glucose Dipstick","Ordinal","An ordinal measurement of glucose present in a sample. [RETIRED]","http://loinc.org/","LOINC","2349-9","C70856","C70856","Observation Result","string",""
"2025-12-16","Urine Glucose Test Strip Measurement [RETIRED]","NEW_1","","C147905","Laboratory Tests","Urine Glucose Dipstick","Ordinal","An ordinal measurement of glucose present in a sample. [RETIRED]","http://loinc.org/","LOINC","2349-9","C93566","C93566","Fasting Status Indicator","boolean",""
"2025-12-16","Waist Circumference","C100948","C100948","","Vital Signs;Body Measurements","WSTCIR","Quantitative","A circumferential measurement of the waist, which may be classified as the area immediately below the lowest rib, at the narrowest part of the torso, midpoint between the lowest rib and the iliac crest, or immediately above the iliac crest.","http://loinc.org/","LOINC","56115-9","C70856","C70856","Observation Result","decimal",""
"2025-12-16","Waist Circumference","C100948","C100948","","Vital Signs;Body Measurements","WSTCIR","Quantitative","A circumferential measurement of the waist, which may be classified as the area immediately below the lowest rib, at the narrowest part of the torso, midpoint between the lowest rib and the iliac crest, or immediately above the iliac crest.","http://loinc.org/","LOINC","56115-9","C42578","C42578","Unit of Length","string","cm;in;mm"
"2025-12-16","Waist Circumference","C100948","C100948","","Vital Signs;Body Measurements","WSTCIR","Quantitative","A circumferential measurement of the waist, which may be classified as the area immediately below the lowest rib, at the narrowest part of the torso, midpoint between the lowest rib and the iliac crest, or immediately above the iliac crest.","http://loinc.org/","LOINC","56115-9","C13717","C13717","Anatomic Site","string","Waist"
"2025-12-16","Waist Circumference","C100948","C100948","","Vital Signs;Body Measurements","WSTCIR","Quantitative","A circumferential measurement of the waist, which may be classified as the area immediately below the lowest rib, at the narrowest part of the torso, midpoint between the lowest rib and the iliac crest, or immediately above the iliac crest.","http://loinc.org/","LOINC","56115-9","C82515","C82515","Collection Date Time","datetime",""
"2026-03-31","Weight-for-Age Percentile","C163569","C163569","","Vital Signs;Body Measurements","WTAPCTL","Quantitative","A measurement of an individual's weight in relationship to age, in comparison to a reference percentile curve.","http://loinc.org/","LOINC","8336-0","C70856","C70856","Observation Result","decimal",""
"2026-03-31","Weight-for-Age Percentile","C163569","C163569","","Vital Signs;Body Measurements","WTAPCTL","Quantitative","A measurement of an individual's weight in relationship to age, in comparison to a reference percentile curve.","http://loinc.org/","LOINC","8336-0","C82515","C82515","Collection Date Time","datetime",""
