bc_id,short_name,synonyms
C127127,4-(Methylnitrosamino)-1-(3-Pyridyl)-1-Butanol,NNAL;Nicotine-Derived Nitrosamine Alcohol
C127127,4-(Methylnitrosamino)-1-(3-Pyridyl)-1-Butanol,NNAL;Nicotine-Derived Nitrosamine Alcohol
C127127,4-(Methylnitrosamino)-1-(3-Pyridyl)-1-Butanol,NNAL;Nicotine-Derived Nitrosamine Alcohol
C115789,6 Minute Walk Functional Test 2008 Version,6MWT;SIXMW1;SIX MINUTE WALK
C115789,6 Minute Walk Functional Test 2008 Version,6MWT;SIXMW1;SIX MINUTE WALK
C115789,6 Minute Walk Functional Test 2008 Version,6MWT;SIXMW1;SIX MINUTE WALK
C115789,6 Minute Walk Functional Test 2008 Version,6MWT;SIXMW1;SIX MINUTE WALK
C115789,6 Minute Walk Functional Test 2008 Version,6MWT;SIXMW1;SIX MINUTE WALK
C115800,6MWT - Distance at 1 Minute,SIXMW101;SIXMW1-Distance at 1 Minute
C115800,6MWT - Distance at 1 Minute,SIXMW101;SIXMW1-Distance at 1 Minute
C115800,6MWT - Distance at 1 Minute,SIXMW101;SIXMW1-Distance at 1 Minute
C115800,6MWT - Distance at 1 Minute,SIXMW101;SIXMW1-Distance at 1 Minute
C115800,6MWT - Distance at 1 Minute,SIXMW101;SIXMW1-Distance at 1 Minute
C115801,6MWT - Distance at 2 Minutes,SIXMW102;SIXMW1-Distance at 2 Minutes
C115801,6MWT - Distance at 2 Minutes,SIXMW102;SIXMW1-Distance at 2 Minutes
C115801,6MWT - Distance at 2 Minutes,SIXMW102;SIXMW1-Distance at 2 Minutes
C115801,6MWT - Distance at 2 Minutes,SIXMW102;SIXMW1-Distance at 2 Minutes
C115801,6MWT - Distance at 2 Minutes,SIXMW102;SIXMW1-Distance at 2 Minutes
C115802,6MWT - Distance at 3 Minutes,SIXMW103;SIXMW1-Distance at 3 Minutes
C115802,6MWT - Distance at 3 Minutes,SIXMW103;SIXMW1-Distance at 3 Minutes
C115802,6MWT - Distance at 3 Minutes,SIXMW103;SIXMW1-Distance at 3 Minutes
C115802,6MWT - Distance at 3 Minutes,SIXMW103;SIXMW1-Distance at 3 Minutes
C115802,6MWT - Distance at 3 Minutes,SIXMW103;SIXMW1-Distance at 3 Minutes
C115803,6MWT - Distance at 4 Minutes,SIXMW104;SIXMW1-Distance at 4 Minutes
C115803,6MWT - Distance at 4 Minutes,SIXMW104;SIXMW1-Distance at 4 Minutes
C115803,6MWT - Distance at 4 Minutes,SIXMW104;SIXMW1-Distance at 4 Minutes
C115803,6MWT - Distance at 4 Minutes,SIXMW104;SIXMW1-Distance at 4 Minutes
C115803,6MWT - Distance at 4 Minutes,SIXMW104;SIXMW1-Distance at 4 Minutes
C115804,6MWT - Distance at 5 Minutes,SIXMW105;SIXMW1-Distance at 5 Minutes
C115804,6MWT - Distance at 5 Minutes,SIXMW105;SIXMW1-Distance at 5 Minutes
C115804,6MWT - Distance at 5 Minutes,SIXMW105;SIXMW1-Distance at 5 Minutes
C115804,6MWT - Distance at 5 Minutes,SIXMW105;SIXMW1-Distance at 5 Minutes
C115804,6MWT - Distance at 5 Minutes,SIXMW105;SIXMW1-Distance at 5 Minutes
C115805,6MWT - Distance at 6 Minutes,SIXMW106;SIXMW1-Distance at 6 Minutes
C115805,6MWT - Distance at 6 Minutes,SIXMW106;SIXMW1-Distance at 6 Minutes
C115805,6MWT - Distance at 6 Minutes,SIXMW106;SIXMW1-Distance at 6 Minutes
C115805,6MWT - Distance at 6 Minutes,SIXMW106;SIXMW1-Distance at 6 Minutes
C115805,6MWT - Distance at 6 Minutes,SIXMW106;SIXMW1-Distance at 6 Minutes
C115409,6MWT Functional Test Question,6MWT Question
C100106,ADAS-Cog CDISC Version Functional Test Question,ADAS-Cog CDISC Version Functional Test Question
C102044,AIMS - Current Teeth/Dentures Problems,AIMS01-Current Problems Teeth/Dentures;AIMS0111
C102044,AIMS - Current Teeth/Dentures Problems,AIMS01-Current Problems Teeth/Dentures;AIMS0111
C102044,AIMS - Current Teeth/Dentures Problems,AIMS01-Current Problems Teeth/Dentures;AIMS0111
C102044,AIMS - Current Teeth/Dentures Problems,AIMS01-Current Problems Teeth/Dentures;AIMS0111
C102044,AIMS - Current Teeth/Dentures Problems,AIMS01-Current Problems Teeth/Dentures;AIMS0111
C102042,AIMS - Incapacitation Due to Abnormal Movements,AIMS01-Incapacitation due Abn Movements;AIMS0109
C102042,AIMS - Incapacitation Due to Abnormal Movements,AIMS01-Incapacitation due Abn Movements;AIMS0109
C102042,AIMS - Incapacitation Due to Abnormal Movements,AIMS01-Incapacitation due Abn Movements;AIMS0109
C102042,AIMS - Incapacitation Due to Abnormal Movements,AIMS01-Incapacitation due Abn Movements;AIMS0109
C102042,AIMS - Incapacitation Due to Abnormal Movements,AIMS01-Incapacitation due Abn Movements;AIMS0109
C102036,AIMS - Jaw,AIMS01-Jaw;AIMS0103
C102036,AIMS - Jaw,AIMS01-Jaw;AIMS0103
C102036,AIMS - Jaw,AIMS01-Jaw;AIMS0103
C102036,AIMS - Jaw,AIMS01-Jaw;AIMS0103
C102036,AIMS - Jaw,AIMS01-Jaw;AIMS0103
C102035,AIMS - Lips and Perioral Area,AIMS01-Lips and Perioral Area;AIMS0102
C102035,AIMS - Lips and Perioral Area,AIMS01-Lips and Perioral Area;AIMS0102
C102035,AIMS - Lips and Perioral Area,AIMS01-Lips and Perioral Area;AIMS0102
C102035,AIMS - Lips and Perioral Area,AIMS01-Lips and Perioral Area;AIMS0102
C102035,AIMS - Lips and Perioral Area,AIMS01-Lips and Perioral Area;AIMS0102
C102039,AIMS - Lower Extremities,AIMS01-Lower Extremities;AIMS0106
C102039,AIMS - Lower Extremities,AIMS01-Lower Extremities;AIMS0106
C102039,AIMS - Lower Extremities,AIMS01-Lower Extremities;AIMS0106
C102039,AIMS - Lower Extremities,AIMS01-Lower Extremities;AIMS0106
C102039,AIMS - Lower Extremities,AIMS01-Lower Extremities;AIMS0106
C102034,AIMS - Muscles of Facial Expression,AIMS01-Muscles of Facial Expression;AIMS0101
C102034,AIMS - Muscles of Facial Expression,AIMS01-Muscles of Facial Expression;AIMS0101
C102034,AIMS - Muscles of Facial Expression,AIMS01-Muscles of Facial Expression;AIMS0101
C102034,AIMS - Muscles of Facial Expression,AIMS01-Muscles of Facial Expression;AIMS0101
C102034,AIMS - Muscles of Facial Expression,AIMS01-Muscles of Facial Expression;AIMS0101
C102040,"AIMS - Neck, Shoulders, Hips","AIMS01-Neck, Shoulders, Hips;AIMS0107"
C102040,"AIMS - Neck, Shoulders, Hips","AIMS01-Neck, Shoulders, Hips;AIMS0107"
C102040,"AIMS - Neck, Shoulders, Hips","AIMS01-Neck, Shoulders, Hips;AIMS0107"
C102040,"AIMS - Neck, Shoulders, Hips","AIMS01-Neck, Shoulders, Hips;AIMS0107"
C102040,"AIMS - Neck, Shoulders, Hips","AIMS01-Neck, Shoulders, Hips;AIMS0107"
C102045,AIMS - Patient Usually Wears Dentures,AIMS01-Patient Usually Wear Dentures;AIMS0112
C102045,AIMS - Patient Usually Wears Dentures,AIMS01-Patient Usually Wear Dentures;AIMS0112
C102045,AIMS - Patient Usually Wears Dentures,AIMS01-Patient Usually Wear Dentures;AIMS0112
C102045,AIMS - Patient Usually Wears Dentures,AIMS01-Patient Usually Wear Dentures;AIMS0112
C102045,AIMS - Patient Usually Wears Dentures,AIMS01-Patient Usually Wear Dentures;AIMS0112
C102043,AIMS - Patient's Awareness of Abnormal Movements,AIMS01-Patient Awareness Abn Movements;AIMS0110
C102043,AIMS - Patient's Awareness of Abnormal Movements,AIMS01-Patient Awareness Abn Movements;AIMS0110
C102043,AIMS - Patient's Awareness of Abnormal Movements,AIMS01-Patient Awareness Abn Movements;AIMS0110
C102043,AIMS - Patient's Awareness of Abnormal Movements,AIMS01-Patient Awareness Abn Movements;AIMS0110
C102043,AIMS - Patient's Awareness of Abnormal Movements,AIMS01-Patient Awareness Abn Movements;AIMS0110
C102041,AIMS - Severity of Abnormal Movements,AIMS01-Severity of Abnormal Movements;AIMS0108
C102041,AIMS - Severity of Abnormal Movements,AIMS01-Severity of Abnormal Movements;AIMS0108
C102041,AIMS - Severity of Abnormal Movements,AIMS01-Severity of Abnormal Movements;AIMS0108
C102041,AIMS - Severity of Abnormal Movements,AIMS01-Severity of Abnormal Movements;AIMS0108
C102041,AIMS - Severity of Abnormal Movements,AIMS01-Severity of Abnormal Movements;AIMS0108
C102037,AIMS - Tongue,AIMS01-Tongue;AIMS0104
C102037,AIMS - Tongue,AIMS01-Tongue;AIMS0104
C102037,AIMS - Tongue,AIMS01-Tongue;AIMS0104
C102037,AIMS - Tongue,AIMS01-Tongue;AIMS0104
C102037,AIMS - Tongue,AIMS01-Tongue;AIMS0104
C102038,AIMS - Upper Extremities,AIMS01-Upper Extremities;AIMS0105
C102038,AIMS - Upper Extremities,AIMS01-Upper Extremities;AIMS0105
C102038,AIMS - Upper Extremities,AIMS01-Upper Extremities;AIMS0105
C102038,AIMS - Upper Extremities,AIMS01-Upper Extremities;AIMS0105
C102038,AIMS - Upper Extremities,AIMS01-Upper Extremities;AIMS0105
C177561,AJCC Cancer Staging Manual,AJCC Cancer Staging Manual;ajcc staging system edition
C125755,AJCC Cancer Staging Manual 7th Edition,AJCC V7;AJCC1;AJCC7
C141699,AJCC v7 - Anatomic Stage,AJCC1-Anatomic;Stage;AJCC104
C141699,AJCC v7 - Anatomic Stage,AJCC1-Anatomic;Stage;AJCC104
C141699,AJCC v7 - Anatomic Stage,AJCC1-Anatomic;Stage;AJCC104
C141699,AJCC v7 - Anatomic Stage,AJCC1-Anatomic;Stage;AJCC104
C141699,AJCC v7 - Anatomic Stage,AJCC1-Anatomic;Stage;AJCC104
C141698,AJCC v7 - Distant Metastasis (M),AJCC1-Distant Metastasis (M);AJCC103
C141698,AJCC v7 - Distant Metastasis (M),AJCC1-Distant Metastasis (M);AJCC103
C141698,AJCC v7 - Distant Metastasis (M),AJCC1-Distant Metastasis (M);AJCC103
C141698,AJCC v7 - Distant Metastasis (M),AJCC1-Distant Metastasis (M);AJCC103
C141698,AJCC v7 - Distant Metastasis (M),AJCC1-Distant Metastasis (M);AJCC103
C141697,AJCC v7 - Regional Lymph Nodes (N),AJCC1-Regional Lymph Nodes (N);AJCC102
C141697,AJCC v7 - Regional Lymph Nodes (N),AJCC1-Regional Lymph Nodes (N);AJCC102
C141697,AJCC v7 - Regional Lymph Nodes (N),AJCC1-Regional Lymph Nodes (N);AJCC102
C141697,AJCC v7 - Regional Lymph Nodes (N),AJCC1-Regional Lymph Nodes (N);AJCC102
C141697,AJCC v7 - Regional Lymph Nodes (N),AJCC1-Regional Lymph Nodes (N);AJCC102
C176205,AJCC v7 - Residual Tumor (R),AJCC1-Residual Tumor (R);AJCC105
C176205,AJCC v7 - Residual Tumor (R),AJCC1-Residual Tumor (R);AJCC105
C176205,AJCC v7 - Residual Tumor (R),AJCC1-Residual Tumor (R);AJCC105
C176205,AJCC v7 - Residual Tumor (R),AJCC1-Residual Tumor (R);AJCC105
C176205,AJCC v7 - Residual Tumor (R),AJCC1-Residual Tumor (R);AJCC105
C121109,APACHE II - 15 Minus Glasgow Coma Score,APCH1-15 Minus Glasgow Coma Score;APCH112
C121109,APACHE II - 15 Minus Glasgow Coma Score,APCH1-15 Minus Glasgow Coma Score;APCH112
C121109,APACHE II - 15 Minus Glasgow Coma Score,APCH1-15 Minus Glasgow Coma Score;APCH112
C121109,APACHE II - 15 Minus Glasgow Coma Score,APCH1-15 Minus Glasgow Coma Score;APCH112
C121110,"APACHE II - A, Total Acute Physiology Score",APCH1-A: Total Acute Physiology Score;APCH113
C121110,"APACHE II - A, Total Acute Physiology Score",APCH1-A: Total Acute Physiology Score;APCH113
C121110,"APACHE II - A, Total Acute Physiology Score",APCH1-A: Total Acute Physiology Score;APCH113
C121110,"APACHE II - A, Total Acute Physiology Score",APCH1-A: Total Acute Physiology Score;APCH113
C121102,APACHE II - Arterial pH,APCH1-Arterial pH;APCH106A
C121102,APACHE II - Arterial pH,APCH1-Arterial pH;APCH106A
C121102,APACHE II - Arterial pH,APCH1-Arterial pH;APCH106A
C121102,APACHE II - Arterial pH,APCH1-Arterial pH;APCH106A
C121111,"APACHE II - B, Age Points",APCH1-B: Age Points;APCH114
C121111,"APACHE II - B, Age Points",APCH1-B: Age Points;APCH114
C121111,"APACHE II - B, Age Points",APCH1-B: Age Points;APCH114
C121111,"APACHE II - B, Age Points",APCH1-B: Age Points;APCH114
C121111,"APACHE II - B, Age Points",APCH1-B: Age Points;APCH114
C121112,"APACHE II - C, Chronic Health Points",APCH1-C: Chronic Health Points;APCH115
C121112,"APACHE II - C, Chronic Health Points",APCH1-C: Chronic Health Points;APCH115
C121112,"APACHE II - C, Chronic Health Points",APCH1-C: Chronic Health Points;APCH115
C121112,"APACHE II - C, Chronic Health Points",APCH1-C: Chronic Health Points;APCH115
C121098,APACHE II - Heart Rate,APCH1-Heart Rate;APCH103
C121098,APACHE II - Heart Rate,APCH1-Heart Rate;APCH103
C121098,APACHE II - Heart Rate,APCH1-Heart Rate;APCH103
C121098,APACHE II - Heart Rate,APCH1-Heart Rate;APCH103
C121098,APACHE II - Heart Rate,APCH1-Heart Rate;APCH103
C121107,APACHE II - Hematocrit,APCH1-Hematocrit;APCH110
C121107,APACHE II - Hematocrit,APCH1-Hematocrit;APCH110
C121107,APACHE II - Hematocrit,APCH1-Hematocrit;APCH110
C121107,APACHE II - Hematocrit,APCH1-Hematocrit;APCH110
C121107,APACHE II - Hematocrit,APCH1-Hematocrit;APCH110
C121097,APACHE II - Mean Arterial Pressure,APCH1-Mean Arterial Pressure;APCH102
C121097,APACHE II - Mean Arterial Pressure,APCH1-Mean Arterial Pressure;APCH102
C121097,APACHE II - Mean Arterial Pressure,APCH1-Mean Arterial Pressure;APCH102
C121097,APACHE II - Mean Arterial Pressure,APCH1-Mean Arterial Pressure;APCH102
C121097,APACHE II - Mean Arterial Pressure,APCH1-Mean Arterial Pressure;APCH102
C121100,"APACHE II - Oxygenation, A-aDO2",APCH1-Oxygenation: A-aDO2;APCH105A
C121100,"APACHE II - Oxygenation, A-aDO2",APCH1-Oxygenation: A-aDO2;APCH105A
C121100,"APACHE II - Oxygenation, A-aDO2",APCH1-Oxygenation: A-aDO2;APCH105A
C121100,"APACHE II - Oxygenation, A-aDO2",APCH1-Oxygenation: A-aDO2;APCH105A
C121100,"APACHE II - Oxygenation, A-aDO2",APCH1-Oxygenation: A-aDO2;APCH105A
C121101,"APACHE II - Oxygenation, PaO2",APCH1-Oxygenation: PaO2;APCH105B
C121101,"APACHE II - Oxygenation, PaO2",APCH1-Oxygenation: PaO2;APCH105B
C121101,"APACHE II - Oxygenation, PaO2",APCH1-Oxygenation: PaO2;APCH105B
C121101,"APACHE II - Oxygenation, PaO2",APCH1-Oxygenation: PaO2;APCH105B
C121101,"APACHE II - Oxygenation, PaO2",APCH1-Oxygenation: PaO2;APCH105B
C121099,APACHE II - Respiratory Rate,APCH1-Respiratory Rate;APCH104
C121099,APACHE II - Respiratory Rate,APCH1-Respiratory Rate;APCH104
C121099,APACHE II - Respiratory Rate,APCH1-Respiratory Rate;APCH104
C121099,APACHE II - Respiratory Rate,APCH1-Respiratory Rate;APCH104
C121099,APACHE II - Respiratory Rate,APCH1-Respiratory Rate;APCH104
C121106,APACHE II - Serum Creatinine,APCH1-Serum Creatinine;APCH109
C121106,APACHE II - Serum Creatinine,APCH1-Serum Creatinine;APCH109
C121106,APACHE II - Serum Creatinine,APCH1-Serum Creatinine;APCH109
C121106,APACHE II - Serum Creatinine,APCH1-Serum Creatinine;APCH109
C121106,APACHE II - Serum Creatinine,APCH1-Serum Creatinine;APCH109
C121103,APACHE II - Serum HCO3,APCH1-Serum HCO3;APCH106B
C121103,APACHE II - Serum HCO3,APCH1-Serum HCO3;APCH106B
C121103,APACHE II - Serum HCO3,APCH1-Serum HCO3;APCH106B
C121103,APACHE II - Serum HCO3,APCH1-Serum HCO3;APCH106B
C121103,APACHE II - Serum HCO3,APCH1-Serum HCO3;APCH106B
C121105,APACHE II - Serum Potassium,APCH1-Serum Potassium;APCH108
C121105,APACHE II - Serum Potassium,APCH1-Serum Potassium;APCH108
C121105,APACHE II - Serum Potassium,APCH1-Serum Potassium;APCH108
C121105,APACHE II - Serum Potassium,APCH1-Serum Potassium;APCH108
C121105,APACHE II - Serum Potassium,APCH1-Serum Potassium;APCH108
C121104,APACHE II - Serum Sodium,APCH1-Serum Sodium;APCH107
C121104,APACHE II - Serum Sodium,APCH1-Serum Sodium;APCH107
C121104,APACHE II - Serum Sodium,APCH1-Serum Sodium;APCH107
C121104,APACHE II - Serum Sodium,APCH1-Serum Sodium;APCH107
C121104,APACHE II - Serum Sodium,APCH1-Serum Sodium;APCH107
C121096,"APACHE II - Temperature, Rectal",APCH1-Temperature - Rectal;APCH101
C121096,"APACHE II - Temperature, Rectal",APCH1-Temperature - Rectal;APCH101
C121096,"APACHE II - Temperature, Rectal",APCH1-Temperature - Rectal;APCH101
C121096,"APACHE II - Temperature, Rectal",APCH1-Temperature - Rectal;APCH101
C121096,"APACHE II - Temperature, Rectal",APCH1-Temperature - Rectal;APCH101
C121096,"APACHE II - Temperature, Rectal",APCH1-Temperature - Rectal;APCH101
C121113,APACHE II - Total APACHE II Score,APCH1-Total APACHE II Score;APCH116
C121113,APACHE II - Total APACHE II Score,APCH1-Total APACHE II Score;APCH116
C121113,APACHE II - Total APACHE II Score,APCH1-Total APACHE II Score;APCH116
C121113,APACHE II - Total APACHE II Score,APCH1-Total APACHE II Score;APCH116
C121108,APACHE II - White Blood Count,APCH1-White Blood Count;APCH111
C121108,APACHE II - White Blood Count,APCH1-White Blood Count;APCH111
C121108,APACHE II - White Blood Count,APCH1-White Blood Count;APCH111
C121108,APACHE II - White Blood Count,APCH1-White Blood Count;APCH111
C121108,APACHE II - White Blood Count,APCH1-White Blood Count;APCH111
C120994,APACHE II Clinical Classification Question,APACHE II Question
C147843,ATLAS - Age,ATLAS1-Age;ATLAS101;ATLAS - Age
C147843,ATLAS - Age,ATLAS1-Age;ATLAS101;ATLAS - Age
C147843,ATLAS - Age,ATLAS1-Age;ATLAS101;ATLAS - Age
C147843,ATLAS - Age,ATLAS1-Age;ATLAS101;ATLAS - Age
C147843,ATLAS - Age,ATLAS1-Age;ATLAS101;ATLAS - Age
C147846,ATLAS - Albumin,ATLAS1-Albumin;ATLAS104;ATLAS - Albumin
C147846,ATLAS - Albumin,ATLAS1-Albumin;ATLAS104;ATLAS - Albumin
C147846,ATLAS - Albumin,ATLAS1-Albumin;ATLAS104;ATLAS - Albumin
C147846,ATLAS - Albumin,ATLAS1-Albumin;ATLAS104;ATLAS - Albumin
C147846,ATLAS - Albumin,ATLAS1-Albumin;ATLAS104;ATLAS - Albumin
C147845,ATLAS - Leukocyte Count,ATLAS1-Leukocyte Count;ATLAS103;ATLAS - Leukocyte Count
C147845,ATLAS - Leukocyte Count,ATLAS1-Leukocyte Count;ATLAS103;ATLAS - Leukocyte Count
C147845,ATLAS - Leukocyte Count,ATLAS1-Leukocyte Count;ATLAS103;ATLAS - Leukocyte Count
C147845,ATLAS - Leukocyte Count,ATLAS1-Leukocyte Count;ATLAS103;ATLAS - Leukocyte Count
C147848,ATLAS - Score,ATLAS1-Score;ATLAS106;ATLAS - Score
C147848,ATLAS - Score,ATLAS1-Score;ATLAS106;ATLAS - Score
C147848,ATLAS - Score,ATLAS1-Score;ATLAS106;ATLAS - Score
C147848,ATLAS - Score,ATLAS1-Score;ATLAS106;ATLAS - Score
C147847,ATLAS - Serum Creatinine,ATLAS1-Serum Creatinine;ATLAS105;ATLAS - Serum Creatinine
C147847,ATLAS - Serum Creatinine,ATLAS1-Serum Creatinine;ATLAS105;ATLAS - Serum Creatinine
C147847,ATLAS - Serum Creatinine,ATLAS1-Serum Creatinine;ATLAS105;ATLAS - Serum Creatinine
C147847,ATLAS - Serum Creatinine,ATLAS1-Serum Creatinine;ATLAS105;ATLAS - Serum Creatinine
C147847,ATLAS - Serum Creatinine,ATLAS1-Serum Creatinine;ATLAS105;ATLAS - Serum Creatinine
C147844,ATLAS - Treatment With Antibiotics,ATLAS1-Treatment With Antibiotics;ATLAS102;ATLAS - Treatment With Antibiotics
C147844,ATLAS - Treatment With Antibiotics,ATLAS1-Treatment With Antibiotics;ATLAS102;ATLAS - Treatment With Antibiotics
C147844,ATLAS - Treatment With Antibiotics,ATLAS1-Treatment With Antibiotics;ATLAS102;ATLAS - Treatment With Antibiotics
C147844,ATLAS - Treatment With Antibiotics,ATLAS1-Treatment With Antibiotics;ATLAS102;ATLAS - Treatment With Antibiotics
C147589,ATLAS Score Clinical Classification,ATLAS;ATLAS1
C147589,ATLAS Score Clinical Classification,ATLAS;ATLAS1
C147589,ATLAS Score Clinical Classification,ATLAS;ATLAS1
C147589,ATLAS Score Clinical Classification,ATLAS;ATLAS1
C103346,Abdominal Skinfold Thickness,ABSKNF
C103346,Abdominal Skinfold Thickness,ABSKNF
C103346,Abdominal Skinfold Thickness,ABSKNF
C154889,Abnormal Bleeding Indicator,BLEEDIND;Abnormal Indicator
C154889,Abnormal Bleeding Indicator,BLEEDIND;Abnormal Indicator
C154889,Abnormal Bleeding Indicator,BLEEDIND;Abnormal Indicator
C154889,Abnormal Bleeding Indicator,BLEEDIND;Abnormal Indicator
C102111,Abnormal Involuntary Movement Scale Clinical Classification,AIMS;AIMS01
C102111,Abnormal Involuntary Movement Scale Clinical Classification,AIMS;AIMS01
C102111,Abnormal Involuntary Movement Scale Clinical Classification,AIMS;AIMS01
C102111,Abnormal Involuntary Movement Scale Clinical Classification,AIMS;AIMS01
C64470,Absolute Basophil Count,Basophils;Total Basophil Count
C64470,Absolute Basophil Count,Basophils;Total Basophil Count
C64470,Absolute Basophil Count,Basophils;Total Basophil Count
C64470,Absolute Basophil Count,Basophils;Total Basophil Count
C64470,Absolute Basophil Count,Basophils;Total Basophil Count
C63321,Absolute Neutrophil Count,Neutrophils;Total Neutrophil Count;NEUT
C63321,Absolute Neutrophil Count,Neutrophils;Total Neutrophil Count;NEUT
C63321,Absolute Neutrophil Count,Neutrophils;Total Neutrophil Count;NEUT
C63321,Absolute Neutrophil Count,Neutrophils;Total Neutrophil Count;NEUT
C63321,Absolute Neutrophil Count,Neutrophils;Total Neutrophil Count;NEUT
C123424,Academic Research Council Coronary Stent Thrombosis Timing,"STCTIMNG;Stent Thrombosis, Coronary, ARC Timing"
C123424,Academic Research Council Coronary Stent Thrombosis Timing,"STCTIMNG;Stent Thrombosis, Coronary, ARC Timing"
C123424,Academic Research Council Coronary Stent Thrombosis Timing,"STCTIMNG;Stent Thrombosis, Coronary, ARC Timing"
C123424,Academic Research Council Coronary Stent Thrombosis Timing,"STCTIMNG;Stent Thrombosis, Coronary, ARC Timing"
C123424,Academic Research Council Coronary Stent Thrombosis Timing,"STCTIMNG;Stent Thrombosis, Coronary, ARC Timing"
C123424,Academic Research Council Coronary Stent Thrombosis Timing,"STCTIMNG;Stent Thrombosis, Coronary, ARC Timing"
C38462,Activated Partial Thromboplastin Time,APTT
C38462,Activated Partial Thromboplastin Time,APTT
C38462,Activated Partial Thromboplastin Time,APTT
C38462,Activated Partial Thromboplastin Time,APTT
C38462,Activated Partial Thromboplastin Time,APTT
C68609,Active Comparator,Active Control
C68612,Active Comparator Drug,Comparative Treatment Name;COMPTRT
C68612,Active Comparator Drug,Comparative Treatment Name;COMPTRT
C68612,Active Comparator Drug,Comparative Treatment Name;COMPTRT
C68612,Active Comparator Drug,Comparative Treatment Name;COMPTRT
C68612,Active Comparator Drug,Comparative Treatment Name;COMPTRT
C204695,Actively Menstruating Indicator,AMENSIND
C204695,Actively Menstruating Indicator,AMENSIND
C178050,Actual Date of Delivery,ADLVRDTC
C178050,Actual Date of Delivery,ADLVRDTC
C98703,Actual Subject Number,ACTSUB;Actual Number of Subjects
C98703,Actual Subject Number,ACTSUB;Actual Number of Subjects
C98703,Actual Subject Number,ACTSUB;Actual Number of Subjects
C119239,Acute Myocardial Infarction From PCI Complication Type,PCIAAC;PCI Acute Angiographic Complication
C119239,Acute Myocardial Infarction From PCI Complication Type,PCIAAC;PCI Acute Angiographic Complication
C119239,Acute Myocardial Infarction From PCI Complication Type,PCIAAC;PCI Acute Angiographic Complication
C119239,Acute Myocardial Infarction From PCI Complication Type,PCIAAC;PCI Acute Angiographic Complication
C119239,Acute Myocardial Infarction From PCI Complication Type,PCIAAC;PCI Acute Angiographic Complication
C119239,Acute Myocardial Infarction From PCI Complication Type,PCIAAC;PCI Acute Angiographic Complication
C118936,Acute Myocardial Infarction Type,ACMITYPE
C118936,Acute Myocardial Infarction Type,ACMITYPE
C118936,Acute Myocardial Infarction Type,ACMITYPE
C118936,Acute Myocardial Infarction Type,ACMITYPE
C118936,Acute Myocardial Infarction Type,ACMITYPE
C118936,Acute Myocardial Infarction Type,ACMITYPE
C118936,Acute Myocardial Infarction Type,ACMITYPE
C118936,Acute Myocardial Infarction Type,ACMITYPE
C121005,Acute Physiology and Chronic Health Evaluation II Clinical Classification,APACHE II
C121005,Acute Physiology and Chronic Health Evaluation II Clinical Classification,APACHE II
C121005,Acute Physiology and Chronic Health Evaluation II Clinical Classification,APACHE II
C121005,Acute Physiology and Chronic Health Evaluation II Clinical Classification,APACHE II
C146995,Adaptive Study Design Indicator,ADAPT;Adaptive Design
C146995,Adaptive Study Design Indicator,ADAPT;Adaptive Design
C146995,Adaptive Study Design Indicator,ADAPT;Adaptive Design
C146995,Adaptive Study Design Indicator,ADAPT;Adaptive Design
C146995,Adaptive Study Design Indicator,ADAPT;Adaptive Design
C146995,Adaptive Study Design Indicator,ADAPT;Adaptive Design
C189634,Additional Disease-Related Findings,ADDRELF
C189634,Additional Disease-Related Findings,ADDRELF
C156601,Additional Outcome Measure,OUTMSADD
C156601,Additional Outcome Measure,OUTMSADD
C156601,Additional Outcome Measure,OUTMSADD
C189362,Adrenarche Age,ADRNRAGE
C189362,Adrenarche Age,ADRNRAGE
C189362,Adrenarche Age,ADRNRAGE
C83347,Adverse Event Yes No Indicator,AEYN
C83347,Adverse Event Yes No Indicator,AEYN
C69217,Age Started,Age at Onset
C135383,Age at Death,AGEDTH;Age At Date of Death
C135383,Age at Death,AGEDTH;Age At Date of Death
C135383,Age at Death,AGEDTH;Age At Date of Death
C201481,Age at First Oral Sex,FSXOAGE
C201481,Age at First Oral Sex,FSXOAGE
C201481,Age at First Oral Sex,FSXOAGE
C201480,Age at First Sexual Intercourse,FSXIAGE
C201480,Age at First Sexual Intercourse,FSXIAGE
C201480,Age at First Sexual Intercourse,FSXIAGE
C19666,Age at Menarche,MENARAGE;Menarche Age
C19666,Age at Menarche,MENARAGE;Menarche Age
C19666,Age at Menarche,MENARAGE;Menarche Age
C106497,Age at Menopause,MENOAGE;Menopause Age
C106497,Age at Menopause,MENOAGE;Menopause Age
C106497,Age at Menopause,MENOAGE;Menopause Age
C117773,Aggregate PR Interval,PR Interval Aggregate;PQ Interval Aggregate;PRAG;PQAG
C117773,Aggregate PR Interval,PR Interval Aggregate;PQ Interval Aggregate;PRAG;PQAG
C117773,Aggregate PR Interval,PR Interval Aggregate;PQ Interval Aggregate;PRAG;PQAG
C117773,Aggregate PR Interval,PR Interval Aggregate;PQ Interval Aggregate;PRAG;PQAG
C117773,Aggregate PR Interval,PR Interval Aggregate;PQ Interval Aggregate;PRAG;PQAG
C117773,Aggregate PR Interval,PR Interval Aggregate;PQ Interval Aggregate;PRAG;PQAG
C117773,Aggregate PR Interval,PR Interval Aggregate;PQ Interval Aggregate;PRAG;PQAG
C117773,Aggregate PR Interval,PR Interval Aggregate;PQ Interval Aggregate;PRAG;PQAG
C117773,Aggregate PR Interval,PR Interval Aggregate;PQ Interval Aggregate;PRAG;PQAG
C117779,Aggregate QRS Duration,QRS Aggregate Duration;QRSAG
C117779,Aggregate QRS Duration,QRS Aggregate Duration;QRSAG
C117779,Aggregate QRS Duration,QRS Aggregate Duration;QRSAG
C117779,Aggregate QRS Duration,QRS Aggregate Duration;QRSAG
C117779,Aggregate QRS Duration,QRS Aggregate Duration;QRSAG
C117779,Aggregate QRS Duration,QRS Aggregate Duration;QRSAG
C117779,Aggregate QRS Duration,QRS Aggregate Duration;QRSAG
C117779,Aggregate QRS Duration,QRS Aggregate Duration;QRSAG
C117779,Aggregate QRS Duration,QRS Aggregate Duration;QRSAG
C117783,Aggregate QT Interval,QT Interval Aggregate;QTAG
C117783,Aggregate QT Interval,QT Interval Aggregate;QTAG
C117783,Aggregate QT Interval,QT Interval Aggregate;QTAG
C117783,Aggregate QT Interval,QT Interval Aggregate;QTAG
C117783,Aggregate QT Interval,QT Interval Aggregate;QTAG
C117783,Aggregate QT Interval,QT Interval Aggregate;QTAG
C117783,Aggregate QT Interval,QT Interval Aggregate;QTAG
C117783,Aggregate QT Interval,QT Interval Aggregate;QTAG
C117783,Aggregate QT Interval,QT Interval Aggregate;QTAG
C117784,Aggregate QTCB Interval,QTCB Interval Aggregate;QTCBAG
C117784,Aggregate QTCB Interval,QTCB Interval Aggregate;QTCBAG
C117784,Aggregate QTCB Interval,QTCB Interval Aggregate;QTCBAG
C117784,Aggregate QTCB Interval,QTCB Interval Aggregate;QTCBAG
C117784,Aggregate QTCB Interval,QTCB Interval Aggregate;QTCBAG
C117784,Aggregate QTCB Interval,QTCB Interval Aggregate;QTCBAG
C117784,Aggregate QTCB Interval,QTCB Interval Aggregate;QTCBAG
C117784,Aggregate QTCB Interval,QTCB Interval Aggregate;QTCBAG
C117784,Aggregate QTCB Interval,QTCB Interval Aggregate;QTCBAG
C117786,Aggregate QTCF Interval,QTCF Interval Aggregate;QTCFAG
C117786,Aggregate QTCF Interval,QTCF Interval Aggregate;QTCFAG
C117786,Aggregate QTCF Interval,QTCF Interval Aggregate;QTCFAG
C117786,Aggregate QTCF Interval,QTCF Interval Aggregate;QTCFAG
C117786,Aggregate QTCF Interval,QTCF Interval Aggregate;QTCFAG
C117786,Aggregate QTCF Interval,QTCF Interval Aggregate;QTCFAG
C117786,Aggregate QTCF Interval,QTCF Interval Aggregate;QTCFAG
C117786,Aggregate QTCF Interval,QTCF Interval Aggregate;QTCFAG
C117786,Aggregate QTCF Interval,QTCF Interval Aggregate;QTCFAG
C117791,Aggregate RR Interval,RR Interval Aggregate;RRAG
C117791,Aggregate RR Interval,RR Interval Aggregate;RRAG
C117791,Aggregate RR Interval,RR Interval Aggregate;RRAG
C117791,Aggregate RR Interval,RR Interval Aggregate;RRAG
C117791,Aggregate RR Interval,RR Interval Aggregate;RRAG
C117791,Aggregate RR Interval,RR Interval Aggregate;RRAG
C117791,Aggregate RR Interval,RR Interval Aggregate;RRAG
C117791,Aggregate RR Interval,RR Interval Aggregate;RRAG
C117791,Aggregate RR Interval,RR Interval Aggregate;RRAG
C170620,Air Trapping Measurement,Air Trapping;AIRTRAP
C170620,Air Trapping Measurement,Air Trapping;AIRTRAP
C170620,Air Trapping Measurement,Air Trapping;AIRTRAP
C124422,Airway Conductance,GAW
C124422,Airway Conductance,GAW
C120927,Airway Resistance,AIRRES;RAW;Raw
C120927,Airway Resistance,AIRRES;RAW;Raw
C120927,Airway Resistance,AIRRES;RAW;Raw
C170457,Airway Volume,AWVOL
C170457,Airway Volume,AWVOL
C170457,Airway Volume,AWVOL
C170619,Airway Wall Volume,AWWVOL
C170619,Airway Wall Volume,AWWVOL
C170619,Airway Wall Volume,AWWVOL
C64433,Alanine Aminotransferase Measurement,ALT;SGPT
C64433,Alanine Aminotransferase Measurement,ALT;SGPT
C64433,Alanine Aminotransferase Measurement,ALT;SGPT
C64433,Alanine Aminotransferase Measurement,ALT;SGPT
C64433,Alanine Aminotransferase Measurement,ALT;SGPT
C64431,Albumin Measurement,Albumin
C64431,Albumin Measurement,Albumin
C64431,Albumin Measurement,Albumin
C64431,Albumin Measurement,Albumin
C64431,Albumin Measurement,Albumin
C74761,Albumin to Creatinine Ratio Measurement,Albumin/Creatinine;Albumin/creatinine ratio;Albumin/creatinine ratio measurement;Microalbumin/Creatinine Ratio;ALBCREAT
C74761,Albumin to Creatinine Ratio Measurement,Albumin/Creatinine;Albumin/creatinine ratio;Albumin/creatinine ratio measurement;Microalbumin/Creatinine Ratio;ALBCREAT
C74761,Albumin to Creatinine Ratio Measurement,Albumin/Creatinine;Albumin/creatinine ratio;Albumin/creatinine ratio measurement;Microalbumin/Creatinine Ratio;ALBCREAT
C74761,Albumin to Creatinine Ratio Measurement,Albumin/Creatinine;Albumin/creatinine ratio;Albumin/creatinine ratio measurement;Microalbumin/Creatinine Ratio;ALBCREAT
C74761,Albumin to Creatinine Ratio Measurement,Albumin/Creatinine;Albumin/creatinine ratio;Albumin/creatinine ratio measurement;Microalbumin/Creatinine Ratio;ALBCREAT
C103453,Albumin to Total Protein Ratio Measurement,Albumin/Total Protein;ALBPROT
C103453,Albumin to Total Protein Ratio Measurement,Albumin/Total Protein;ALBPROT
C103453,Albumin to Total Protein Ratio Measurement,Albumin/Total Protein;ALBPROT
C103453,Albumin to Total Protein Ratio Measurement,Albumin/Total Protein;ALBPROT
C103453,Albumin to Total Protein Ratio Measurement,Albumin/Total Protein;ALBPROT
C81229,Alcohol Use History,Alcohol History;Alcohol Use
C81229,Alcohol Use History,Alcohol History;Alcohol Use
C81229,Alcohol Use History,Alcohol History;Alcohol Use
C81229,Alcohol Use History,Alcohol History;Alcohol Use
C81229,Alcohol Use History,Alcohol History;Alcohol Use
C81229,Alcohol Use History,Alcohol History;Alcohol Use
C81229,Alcohol Use History,Alcohol History;Alcohol Use
C81229,Alcohol Use History,Alcohol History;Alcohol Use
C81229,Alcohol Use History,Alcohol History;Alcohol Use
C81229,Alcohol Use History,Alcohol History;Alcohol Use
C81229,Alcohol Use History,Alcohol History;Alcohol Use
C81229,Alcohol Use History,Alcohol History;Alcohol Use
C81229,Alcohol Use History,Alcohol History;Alcohol Use
C81229,Alcohol Use History,Alcohol History;Alcohol Use
C81229,Alcohol Use History,Alcohol History;Alcohol Use
C81229,Alcohol Use History,Alcohol History;Alcohol Use
C81229,Alcohol Use History,Alcohol History;Alcohol Use
C81229,Alcohol Use History,Alcohol History;Alcohol Use
C16275,Algorithm,Algorithms
C64432,Alkaline Phosphatase Measurement,Alkaline Phosphatase
C64432,Alkaline Phosphatase Measurement,Alkaline Phosphatase
C64432,Alkaline Phosphatase Measurement,Alkaline Phosphatase
C64432,Alkaline Phosphatase Measurement,Alkaline Phosphatase
C64432,Alkaline Phosphatase Measurement,Alkaline Phosphatase
C112221,Allergen Skin Response Index Measurement,ASRINDEX
C112221,Allergen Skin Response Index Measurement,ASRINDEX
C112221,Allergen Skin Response Index Measurement,ASRINDEX
C112221,Allergen Skin Response Index Measurement,ASRINDEX
C112221,Allergen Skin Response Index Measurement,ASRINDEX
C112221,Allergen Skin Response Index Measurement,ASRINDEX
C112222,Allergen Skin Response Intensity Measurement,ASRINT
C112222,Allergen Skin Response Intensity Measurement,ASRINT
C112222,Allergen Skin Response Intensity Measurement,ASRINT
C112222,Allergen Skin Response Intensity Measurement,ASRINT
C112222,Allergen Skin Response Intensity Measurement,ASRINT
C112222,Allergen Skin Response Intensity Measurement,ASRINT
C187776,Allergen-induced IgA Antibody Measurement,ARIGAAB;Allergen-induced IgA Antibody
C187776,Allergen-induced IgA Antibody Measurement,ARIGAAB;Allergen-induced IgA Antibody
C187776,Allergen-induced IgA Antibody Measurement,ARIGAAB;Allergen-induced IgA Antibody
C187776,Allergen-induced IgA Antibody Measurement,ARIGAAB;Allergen-induced IgA Antibody
C187776,Allergen-induced IgA Antibody Measurement,ARIGAAB;Allergen-induced IgA Antibody
C187776,Allergen-induced IgA Antibody Measurement,ARIGAAB;Allergen-induced IgA Antibody
C187776,Allergen-induced IgA Antibody Measurement,ARIGAAB;Allergen-induced IgA Antibody
C187776,Allergen-induced IgA Antibody Measurement,ARIGAAB;Allergen-induced IgA Antibody
C187776,Allergen-induced IgA Antibody Measurement,ARIGAAB;Allergen-induced IgA Antibody
C181398,Allergen-induced IgE Antibody Measurement,ARIGEAB;Allergen-induced IgE Antibody
C181398,Allergen-induced IgE Antibody Measurement,ARIGEAB;Allergen-induced IgE Antibody
C181398,Allergen-induced IgE Antibody Measurement,ARIGEAB;Allergen-induced IgE Antibody
C181398,Allergen-induced IgE Antibody Measurement,ARIGEAB;Allergen-induced IgE Antibody
C181398,Allergen-induced IgE Antibody Measurement,ARIGEAB;Allergen-induced IgE Antibody
C181398,Allergen-induced IgE Antibody Measurement,ARIGEAB;Allergen-induced IgE Antibody
C181398,Allergen-induced IgE Antibody Measurement,ARIGEAB;Allergen-induced IgE Antibody
C181398,Allergen-induced IgE Antibody Measurement,ARIGEAB;Allergen-induced IgE Antibody
C181398,Allergen-induced IgE Antibody Measurement,ARIGEAB;Allergen-induced IgE Antibody
C181398,Allergen-induced IgE Antibody Measurement,ARIGEAB;Allergen-induced IgE Antibody
C181398,Allergen-induced IgE Antibody Measurement,ARIGEAB;Allergen-induced IgE Antibody
C187777,Allergen-induced IgG Antibody Measurement,ARIGGAB;Allergen-induced IgG Antibody
C187777,Allergen-induced IgG Antibody Measurement,ARIGGAB;Allergen-induced IgG Antibody
C187777,Allergen-induced IgG Antibody Measurement,ARIGGAB;Allergen-induced IgG Antibody
C187777,Allergen-induced IgG Antibody Measurement,ARIGGAB;Allergen-induced IgG Antibody
C187777,Allergen-induced IgG Antibody Measurement,ARIGGAB;Allergen-induced IgG Antibody
C187777,Allergen-induced IgG Antibody Measurement,ARIGGAB;Allergen-induced IgG Antibody
C187777,Allergen-induced IgG Antibody Measurement,ARIGGAB;Allergen-induced IgG Antibody
C187777,Allergen-induced IgG Antibody Measurement,ARIGGAB;Allergen-induced IgG Antibody
C187777,Allergen-induced IgG Antibody Measurement,ARIGGAB;Allergen-induced IgG Antibody
C187777,Allergen-induced IgG Antibody Measurement,ARIGGAB;Allergen-induced IgG Antibody
C187777,Allergen-induced IgG Antibody Measurement,ARIGGAB;Allergen-induced IgG Antibody
C187779,Allergen-induced IgM Antibody Measurement,ARIGMAB;Allergen-induced IgM Antibody
C187779,Allergen-induced IgM Antibody Measurement,ARIGMAB;Allergen-induced IgM Antibody
C187779,Allergen-induced IgM Antibody Measurement,ARIGMAB;Allergen-induced IgM Antibody
C187779,Allergen-induced IgM Antibody Measurement,ARIGMAB;Allergen-induced IgM Antibody
C187779,Allergen-induced IgM Antibody Measurement,ARIGMAB;Allergen-induced IgM Antibody
C187779,Allergen-induced IgM Antibody Measurement,ARIGMAB;Allergen-induced IgM Antibody
C187779,Allergen-induced IgM Antibody Measurement,ARIGMAB;Allergen-induced IgM Antibody
C187779,Allergen-induced IgM Antibody Measurement,ARIGMAB;Allergen-induced IgM Antibody
C187779,Allergen-induced IgM Antibody Measurement,ARIGMAB;Allergen-induced IgM Antibody
C191306,Alpha Angle of the Hip,ALPHANGL;Alpha Angle
C191306,Alpha Angle of the Hip,ALPHANGL;Alpha Angle
C191306,Alpha Angle of the Hip,ALPHANGL;Alpha Angle
C191306,Alpha Angle of the Hip,ALPHANGL;Alpha Angle
C191306,Alpha Angle of the Hip,ALPHANGL;Alpha Angle
C191306,Alpha Angle of the Hip,ALPHANGL;Alpha Angle
C156584,Alveolar Volume,ALVVOL;VA
C156584,Alveolar Volume,ALVVOL;VA
C156584,Alveolar Volume,ALVVOL;VA
C25391,Analysis,Analyze;Analytical;Analyzed
C156564,Anatomic Response,ANATRESP
C156564,Anatomic Response,ANATRESP
C156564,Anatomic Response,ANATRESP
C156564,Anatomic Response,ANATRESP
C156564,Anatomic Response,ANATRESP
C74797,Anisocyte Measurement,Anisocytes;Anisocytosis;ANISO
C74797,Anisocyte Measurement,Anisocytes;Anisocytosis;ANISO
C74797,Anisocyte Measurement,Anisocytes;Anisocytosis;ANISO
C74797,Anisocyte Measurement,Anisocytes;Anisocytosis;ANISO
C87304,Ankle-Brachial Index,ABI;Ankle-Arm Index;Ankle-Arm Pressure Index;Ankle-Brachial Pressure Index
C87304,Ankle-Brachial Index,ABI;Ankle-Arm Index;Ankle-Arm Pressure Index;Ankle-Brachial Pressure Index
C156629,Anticipated Adverse Event [RETIRED],Adverse Event;Prespecified Adverse Event
C156629,Anticipated Adverse Event [RETIRED],Adverse Event;Prespecified Adverse Event
C156629,Anticipated Adverse Event [RETIRED],Adverse Event;Prespecified Adverse Event
C156629,Anticipated Adverse Event [RETIRED],Adverse Event;Prespecified Adverse Event
C156629,Anticipated Adverse Event [RETIRED],Adverse Event;Prespecified Adverse Event
C156629,Anticipated Adverse Event [RETIRED],Adverse Event;Prespecified Adverse Event
C156629,Anticipated Adverse Event [RETIRED],Adverse Event;Prespecified Adverse Event
C156629,Anticipated Adverse Event [RETIRED],Adverse Event;Prespecified Adverse Event
C156629,Anticipated Adverse Event [RETIRED],Adverse Event;Prespecified Adverse Event
C156629,Anticipated Adverse Event [RETIRED],Adverse Event;Prespecified Adverse Event
C156629,Anticipated Adverse Event [RETIRED],Adverse Event;Prespecified Adverse Event
C156629,Anticipated Adverse Event [RETIRED],Adverse Event;Prespecified Adverse Event
C156629,Anticipated Adverse Event [RETIRED],Adverse Event;Prespecified Adverse Event
C156629,Anticipated Adverse Event [RETIRED],Adverse Event;Prespecified Adverse Event
C156629,Anticipated Adverse Event [RETIRED],Adverse Event;Prespecified Adverse Event
C156629,Anticipated Adverse Event [RETIRED],Adverse Event;Prespecified Adverse Event
C156629,Anticipated Adverse Event [RETIRED],Adverse Event;Prespecified Adverse Event
C156629,Anticipated Adverse Event [RETIRED],Adverse Event;Prespecified Adverse Event
C156629,Anticipated Adverse Event [RETIRED],Adverse Event;Prespecified Adverse Event
C156629,Anticipated Adverse Event [RETIRED],Adverse Event;Prespecified Adverse Event
C156629,Anticipated Adverse Event [RETIRED],Adverse Event;Prespecified Adverse Event
C156629,Anticipated Adverse Event [RETIRED],Adverse Event;Prespecified Adverse Event
C156629,Anticipated Adverse Event [RETIRED],Adverse Event;Prespecified Adverse Event
C156629,Anticipated Adverse Event [RETIRED],Adverse Event;Prespecified Adverse Event
C156629,Anticipated Adverse Event [RETIRED],Adverse Event;Prespecified Adverse Event
C156629,Anticipated Adverse Event [RETIRED],Adverse Event;Prespecified Adverse Event
C112281,Antigenic Skin Flare Longest Diameter Measurement,Flare Longest Diameter;FLRLDIAM
C112281,Antigenic Skin Flare Longest Diameter Measurement,Flare Longest Diameter;FLRLDIAM
C112281,Antigenic Skin Flare Longest Diameter Measurement,Flare Longest Diameter;FLRLDIAM
C112281,Antigenic Skin Flare Longest Diameter Measurement,Flare Longest Diameter;FLRLDIAM
C112281,Antigenic Skin Flare Longest Diameter Measurement,Flare Longest Diameter;FLRLDIAM
C112281,Antigenic Skin Flare Longest Diameter Measurement,Flare Longest Diameter;FLRLDIAM
C112281,Antigenic Skin Flare Longest Diameter Measurement,Flare Longest Diameter;FLRLDIAM
C112282,Antigenic Skin Flare Mean Diameter Measurement,Flare Mean Diameter;FLRMDIAM
C112282,Antigenic Skin Flare Mean Diameter Measurement,Flare Mean Diameter;FLRMDIAM
C112282,Antigenic Skin Flare Mean Diameter Measurement,Flare Mean Diameter;FLRMDIAM
C112282,Antigenic Skin Flare Mean Diameter Measurement,Flare Mean Diameter;FLRMDIAM
C112282,Antigenic Skin Flare Mean Diameter Measurement,Flare Mean Diameter;FLRMDIAM
C112282,Antigenic Skin Flare Mean Diameter Measurement,Flare Mean Diameter;FLRMDIAM
C112282,Antigenic Skin Flare Mean Diameter Measurement,Flare Mean Diameter;FLRMDIAM
C112283,Antigenic Skin Flare Size Measurement,Flare Size;FLARESZ
C112283,Antigenic Skin Flare Size Measurement,Flare Size;FLARESZ
C112283,Antigenic Skin Flare Size Measurement,Flare Size;FLARESZ
C112283,Antigenic Skin Flare Size Measurement,Flare Size;FLARESZ
C112283,Antigenic Skin Flare Size Measurement,Flare Size;FLARESZ
C112283,Antigenic Skin Flare Size Measurement,Flare Size;FLARESZ
C178018,Appendicular Skeletal Muscle Mass Measurement,ASMM;ASMMASS
C178018,Appendicular Skeletal Muscle Mass Measurement,ASMM;ASMMASS
C178018,Appendicular Skeletal Muscle Mass Measurement,ASMM;ASMMASS
C178018,Appendicular Skeletal Muscle Mass Measurement,ASMM;ASMMASS
C178018,Appendicular Skeletal Muscle Mass Measurement,ASMM;ASMMASS
C178018,Appendicular Skeletal Muscle Mass Measurement,ASMM;ASMMASS
C171499,Appropriate Developmental Age Indicator,ADEVAIND;Appropriate Development For Age Indicator
C171499,Appropriate Developmental Age Indicator,ADEVAIND;Appropriate Development For Age Indicator
C171499,Appropriate Developmental Age Indicator,ADEVAIND;Appropriate Development For Age Indicator
C181553,Arm Span,ARMSPAN;Armspan;Reach;Wingspan
C181553,Arm Span,ARMSPAN;Armspan;Reach;Wingspan
C181553,Arm Span,ARMSPAN;Armspan;Reach;Wingspan
C71252,Arterial Blood Gas Measurement,ABG
C64467,Aspartate Aminotransferase Measurement,AST;SGOT
C64467,Aspartate Aminotransferase Measurement,AST;SGOT
C64467,Aspartate Aminotransferase Measurement,AST;SGOT
C64467,Aspartate Aminotransferase Measurement,AST;SGOT
C64467,Aspartate Aminotransferase Measurement,AST;SGOT
C111131,Atrioventricular Conduction ECG Assessment,AVCOND;Atrioventricular Conduction
C111131,Atrioventricular Conduction ECG Assessment,AVCOND;Atrioventricular Conduction
C111131,Atrioventricular Conduction ECG Assessment,AVCOND;Atrioventricular Conduction
C111131,Atrioventricular Conduction ECG Assessment,AVCOND;Atrioventricular Conduction
C111131,Atrioventricular Conduction ECG Assessment,AVCOND;Atrioventricular Conduction
C111131,Atrioventricular Conduction ECG Assessment,AVCOND;Atrioventricular Conduction
C111131,Atrioventricular Conduction ECG Assessment,AVCOND;Atrioventricular Conduction
C186741,Automated Breast Ultrasound,Automated Ultrasound;Diagnostic Ulatrasound;Ultrasound
C186741,Automated Breast Ultrasound,Automated Ultrasound;Diagnostic Ulatrasound;Ultrasound
C186741,Automated Breast Ultrasound,Automated Ultrasound;Diagnostic Ulatrasound;Ultrasound
C186741,Automated Breast Ultrasound,Automated Ultrasound;Diagnostic Ulatrasound;Ultrasound
C186741,Automated Breast Ultrasound,Automated Ultrasound;Diagnostic Ulatrasound;Ultrasound
C186741,Automated Breast Ultrasound,Automated Ultrasound;Diagnostic Ulatrasound;Ultrasound
C186741,Automated Breast Ultrasound,Automated Ultrasound;Diagnostic Ulatrasound;Ultrasound
C186741,Automated Breast Ultrasound,Automated Ultrasound;Diagnostic Ulatrasound;Ultrasound
C186741,Automated Breast Ultrasound,Automated Ultrasound;Diagnostic Ulatrasound;Ultrasound
C186741,Automated Breast Ultrasound,Automated Ultrasound;Diagnostic Ulatrasound;Ultrasound
C186741,Automated Breast Ultrasound,Automated Ultrasound;Diagnostic Ulatrasound;Ultrasound
C135384,Autopsy Indicator,AUTOPIND;Was Autopsy Performed
C135384,Autopsy Indicator,AUTOPIND;Was Autopsy Performed
C189354,Average Menstrual Cycle Duration,MENSDURA;Average Menstrual Cycle Length
C189354,Average Menstrual Cycle Duration,MENSDURA;Average Menstrual Cycle Length
C189354,Average Menstrual Cycle Duration,MENSDURA;Average Menstrual Cycle Length
C111132,Axis and Voltage ECG Assessment,AXISVOLT;Axis and Voltage
C111132,Axis and Voltage ECG Assessment,AXISVOLT;Axis and Voltage
C111132,Axis and Voltage ECG Assessment,AXISVOLT;Axis and Voltage
C111132,Axis and Voltage ECG Assessment,AXISVOLT;Axis and Voltage
C111132,Axis and Voltage ECG Assessment,AXISVOLT;Axis and Voltage
C111132,Axis and Voltage ECG Assessment,AXISVOLT;Axis and Voltage
C111132,Axis and Voltage ECG Assessment,AXISVOLT;Axis and Voltage
C174314,B-Lymphocyte Count,B-Cell Lymphocytes;B-Cells;B-Lymphocytes
C174314,B-Lymphocyte Count,B-Cell Lymphocytes;B-Cells;B-Lymphocytes
C174314,B-Lymphocyte Count,B-Cell Lymphocytes;B-Cells;B-Lymphocytes
C174314,B-Lymphocyte Count,B-Cell Lymphocytes;B-Cells;B-Lymphocytes
C174314,B-Lymphocyte Count,B-Cell Lymphocytes;B-Cells;B-Lymphocytes
C163567,BMI-for-Age Percentile,BMIAPCTL
C163567,BMI-for-Age Percentile,BMIAPCTL
C100373,BPRS-Anchored - Anxiety,BPRSA1-Anxiety;BPRSA102;BPRS-Anchored - Anxiety
C100373,BPRS-Anchored - Anxiety,BPRSA1-Anxiety;BPRSA102;BPRS-Anchored - Anxiety
C100373,BPRS-Anchored - Anxiety,BPRSA1-Anxiety;BPRSA102;BPRS-Anchored - Anxiety
C100373,BPRS-Anchored - Anxiety,BPRSA1-Anxiety;BPRSA102;BPRS-Anchored - Anxiety
C100373,BPRS-Anchored - Anxiety,BPRSA1-Anxiety;BPRSA102;BPRS-Anchored - Anxiety
C100387,BPRS-Anchored - Blunted Affect,BPRSA1-Blunted Affect;BPRSA116;BPRS-Anchored - Blunted Affect
C100387,BPRS-Anchored - Blunted Affect,BPRSA1-Blunted Affect;BPRSA116;BPRS-Anchored - Blunted Affect
C100387,BPRS-Anchored - Blunted Affect,BPRSA1-Blunted Affect;BPRSA116;BPRS-Anchored - Blunted Affect
C100387,BPRS-Anchored - Blunted Affect,BPRSA1-Blunted Affect;BPRSA116;BPRS-Anchored - Blunted Affect
C100387,BPRS-Anchored - Blunted Affect,BPRSA1-Blunted Affect;BPRSA116;BPRS-Anchored - Blunted Affect
C100375,BPRS-Anchored - Conceptual Disorganization,BPRSA1-Conceptual Disorganization;BPRSA104;BPRS-Anchored - Conceptual Disorganization
C100375,BPRS-Anchored - Conceptual Disorganization,BPRSA1-Conceptual Disorganization;BPRSA104;BPRS-Anchored - Conceptual Disorganization
C100375,BPRS-Anchored - Conceptual Disorganization,BPRSA1-Conceptual Disorganization;BPRSA104;BPRS-Anchored - Conceptual Disorganization
C100375,BPRS-Anchored - Conceptual Disorganization,BPRSA1-Conceptual Disorganization;BPRSA104;BPRS-Anchored - Conceptual Disorganization
C100375,BPRS-Anchored - Conceptual Disorganization,BPRSA1-Conceptual Disorganization;BPRSA104;BPRS-Anchored - Conceptual Disorganization
C100380,BPRS-Anchored - Depressive Mood,BPRSA1-Depressive Mood;BPRSA109;BPRS-Anchored - Depressive Mood
C100380,BPRS-Anchored - Depressive Mood,BPRSA1-Depressive Mood;BPRSA109;BPRS-Anchored - Depressive Mood
C100380,BPRS-Anchored - Depressive Mood,BPRSA1-Depressive Mood;BPRSA109;BPRS-Anchored - Depressive Mood
C100380,BPRS-Anchored - Depressive Mood,BPRSA1-Depressive Mood;BPRSA109;BPRS-Anchored - Depressive Mood
C100380,BPRS-Anchored - Depressive Mood,BPRSA1-Depressive Mood;BPRSA109;BPRS-Anchored - Depressive Mood
C100389,BPRS-Anchored - Disorientation,BPRSA1-Disorientation;BPRSA118;BPRS-Anchored - Disorientation
C100389,BPRS-Anchored - Disorientation,BPRSA1-Disorientation;BPRSA118;BPRS-Anchored - Disorientation
C100389,BPRS-Anchored - Disorientation,BPRSA1-Disorientation;BPRSA118;BPRS-Anchored - Disorientation
C100389,BPRS-Anchored - Disorientation,BPRSA1-Disorientation;BPRSA118;BPRS-Anchored - Disorientation
C100389,BPRS-Anchored - Disorientation,BPRSA1-Disorientation;BPRSA118;BPRS-Anchored - Disorientation
C100374,BPRS-Anchored - Emotional Withdrawal,BPRSA1-Emotional Withdrawal;BPRSA103;BPRS-Anchored - Emotional Withdrawal
C100374,BPRS-Anchored - Emotional Withdrawal,BPRSA1-Emotional Withdrawal;BPRSA103;BPRS-Anchored - Emotional Withdrawal
C100374,BPRS-Anchored - Emotional Withdrawal,BPRSA1-Emotional Withdrawal;BPRSA103;BPRS-Anchored - Emotional Withdrawal
C100374,BPRS-Anchored - Emotional Withdrawal,BPRSA1-Emotional Withdrawal;BPRSA103;BPRS-Anchored - Emotional Withdrawal
C100374,BPRS-Anchored - Emotional Withdrawal,BPRSA1-Emotional Withdrawal;BPRSA103;BPRS-Anchored - Emotional Withdrawal
C100388,BPRS-Anchored - Excitement,BPRSA1-Excitement;BPRSA117;BPRS-Anchored - Excitement
C100388,BPRS-Anchored - Excitement,BPRSA1-Excitement;BPRSA117;BPRS-Anchored - Excitement
C100388,BPRS-Anchored - Excitement,BPRSA1-Excitement;BPRSA117;BPRS-Anchored - Excitement
C100388,BPRS-Anchored - Excitement,BPRSA1-Excitement;BPRSA117;BPRS-Anchored - Excitement
C100388,BPRS-Anchored - Excitement,BPRSA1-Excitement;BPRSA117;BPRS-Anchored - Excitement
C100379,BPRS-Anchored - Grandiosity,BPRSA1-Grandiosity;BPRSA108;BPRS-Anchored - Grandiosity
C100379,BPRS-Anchored - Grandiosity,BPRSA1-Grandiosity;BPRSA108;BPRS-Anchored - Grandiosity
C100379,BPRS-Anchored - Grandiosity,BPRSA1-Grandiosity;BPRSA108;BPRS-Anchored - Grandiosity
C100379,BPRS-Anchored - Grandiosity,BPRSA1-Grandiosity;BPRSA108;BPRS-Anchored - Grandiosity
C100379,BPRS-Anchored - Grandiosity,BPRSA1-Grandiosity;BPRSA108;BPRS-Anchored - Grandiosity
C100376,BPRS-Anchored - Guilt Feelings,BPRSA1-Guilt Feelings;BPRSA105;BPRS-Anchored - Guilt Feelings
C100376,BPRS-Anchored - Guilt Feelings,BPRSA1-Guilt Feelings;BPRSA105;BPRS-Anchored - Guilt Feelings
C100376,BPRS-Anchored - Guilt Feelings,BPRSA1-Guilt Feelings;BPRSA105;BPRS-Anchored - Guilt Feelings
C100376,BPRS-Anchored - Guilt Feelings,BPRSA1-Guilt Feelings;BPRSA105;BPRS-Anchored - Guilt Feelings
C100376,BPRS-Anchored - Guilt Feelings,BPRSA1-Guilt Feelings;BPRSA105;BPRS-Anchored - Guilt Feelings
C100383,BPRS-Anchored - Hallucinatory Behavior,BPRSA1-Hallucinatory Behavior;BPRSA112;BPRS-Anchored - Hallucinatory Behavior
C100383,BPRS-Anchored - Hallucinatory Behavior,BPRSA1-Hallucinatory Behavior;BPRSA112;BPRS-Anchored - Hallucinatory Behavior
C100383,BPRS-Anchored - Hallucinatory Behavior,BPRSA1-Hallucinatory Behavior;BPRSA112;BPRS-Anchored - Hallucinatory Behavior
C100383,BPRS-Anchored - Hallucinatory Behavior,BPRSA1-Hallucinatory Behavior;BPRSA112;BPRS-Anchored - Hallucinatory Behavior
C100383,BPRS-Anchored - Hallucinatory Behavior,BPRSA1-Hallucinatory Behavior;BPRSA112;BPRS-Anchored - Hallucinatory Behavior
C100381,BPRS-Anchored - Hostility,BPRSA1-Hostility;BPRSA110;BPRS-Anchored - Hostility
C100381,BPRS-Anchored - Hostility,BPRSA1-Hostility;BPRSA110;BPRS-Anchored - Hostility
C100381,BPRS-Anchored - Hostility,BPRSA1-Hostility;BPRSA110;BPRS-Anchored - Hostility
C100381,BPRS-Anchored - Hostility,BPRSA1-Hostility;BPRSA110;BPRS-Anchored - Hostility
C100381,BPRS-Anchored - Hostility,BPRSA1-Hostility;BPRSA110;BPRS-Anchored - Hostility
C100378,BPRS-Anchored - Mannerisms and Posturing,BPRSA1-Mannerisms and Posturing;BPRSA107;BPRS-Anchored - Mannerisms and Posturing
C100378,BPRS-Anchored - Mannerisms and Posturing,BPRSA1-Mannerisms and Posturing;BPRSA107;BPRS-Anchored - Mannerisms and Posturing
C100378,BPRS-Anchored - Mannerisms and Posturing,BPRSA1-Mannerisms and Posturing;BPRSA107;BPRS-Anchored - Mannerisms and Posturing
C100378,BPRS-Anchored - Mannerisms and Posturing,BPRSA1-Mannerisms and Posturing;BPRSA107;BPRS-Anchored - Mannerisms and Posturing
C100384,BPRS-Anchored - Motor Retardation,BPRSA1-Motor Retardation;BPRSA113;BPRS-Anchored - Motor Retardation
C100384,BPRS-Anchored - Motor Retardation,BPRSA1-Motor Retardation;BPRSA113;BPRS-Anchored - Motor Retardation
C100384,BPRS-Anchored - Motor Retardation,BPRSA1-Motor Retardation;BPRSA113;BPRS-Anchored - Motor Retardation
C100384,BPRS-Anchored - Motor Retardation,BPRSA1-Motor Retardation;BPRSA113;BPRS-Anchored - Motor Retardation
C100372,BPRS-Anchored - Somatic Concern,BPRSA1-Somatic Concern;BPRSA101;BPRS-Anchored - Somatic Concern
C100372,BPRS-Anchored - Somatic Concern,BPRSA1-Somatic Concern;BPRSA101;BPRS-Anchored - Somatic Concern
C100372,BPRS-Anchored - Somatic Concern,BPRSA1-Somatic Concern;BPRSA101;BPRS-Anchored - Somatic Concern
C100372,BPRS-Anchored - Somatic Concern,BPRSA1-Somatic Concern;BPRSA101;BPRS-Anchored - Somatic Concern
C100372,BPRS-Anchored - Somatic Concern,BPRSA1-Somatic Concern;BPRSA101;BPRS-Anchored - Somatic Concern
C100382,BPRS-Anchored - Suspiciousness,BPRSA1-Suspiciousness;BPRSA111;BPRS-Anchored - Suspiciousness
C100382,BPRS-Anchored - Suspiciousness,BPRSA1-Suspiciousness;BPRSA111;BPRS-Anchored - Suspiciousness
C100382,BPRS-Anchored - Suspiciousness,BPRSA1-Suspiciousness;BPRSA111;BPRS-Anchored - Suspiciousness
C100382,BPRS-Anchored - Suspiciousness,BPRSA1-Suspiciousness;BPRSA111;BPRS-Anchored - Suspiciousness
C100382,BPRS-Anchored - Suspiciousness,BPRSA1-Suspiciousness;BPRSA111;BPRS-Anchored - Suspiciousness
C100377,BPRS-Anchored - Tension,BPRSA1-Tension;BPRSA106;BPRS-Anchored - Tension
C100377,BPRS-Anchored - Tension,BPRSA1-Tension;BPRSA106;BPRS-Anchored - Tension
C100377,BPRS-Anchored - Tension,BPRSA1-Tension;BPRSA106;BPRS-Anchored - Tension
C100377,BPRS-Anchored - Tension,BPRSA1-Tension;BPRSA106;BPRS-Anchored - Tension
C100377,BPRS-Anchored - Tension,BPRSA1-Tension;BPRSA106;BPRS-Anchored - Tension
C100385,BPRS-Anchored - Uncooperativeness,BPRSA1-Uncooperativeness;BPRSA114;BPRS-Anchored - Uncooperativeness
C100385,BPRS-Anchored - Uncooperativeness,BPRSA1-Uncooperativeness;BPRSA114;BPRS-Anchored - Uncooperativeness
C100385,BPRS-Anchored - Uncooperativeness,BPRSA1-Uncooperativeness;BPRSA114;BPRS-Anchored - Uncooperativeness
C100385,BPRS-Anchored - Uncooperativeness,BPRSA1-Uncooperativeness;BPRSA114;BPRS-Anchored - Uncooperativeness
C100385,BPRS-Anchored - Uncooperativeness,BPRSA1-Uncooperativeness;BPRSA114;BPRS-Anchored - Uncooperativeness
C100386,BPRS-Anchored - Unusual Thought Content,BPRSA1-Unusual Thought Content;BPRSA115;BPRS-Anchored - Unusual Thought Content
C100386,BPRS-Anchored - Unusual Thought Content,BPRSA1-Unusual Thought Content;BPRSA115;BPRS-Anchored - Unusual Thought Content
C100386,BPRS-Anchored - Unusual Thought Content,BPRSA1-Unusual Thought Content;BPRSA115;BPRS-Anchored - Unusual Thought Content
C100386,BPRS-Anchored - Unusual Thought Content,BPRSA1-Unusual Thought Content;BPRSA115;BPRS-Anchored - Unusual Thought Content
C100386,BPRS-Anchored - Unusual Thought Content,BPRSA1-Unusual Thought Content;BPRSA115;BPRS-Anchored - Unusual Thought Content
C146692,BRCA Mutation Analysis,BRCA Mutation Status;BRCA Family Gene Mutation Analysis
C146692,BRCA Mutation Analysis,BRCA Mutation Status;BRCA Family Gene Mutation Analysis
C146692,BRCA Mutation Analysis,BRCA Mutation Status;BRCA Family Gene Mutation Analysis
C146692,BRCA Mutation Analysis,BRCA Mutation Status;BRCA Family Gene Mutation Analysis
C146692,BRCA Mutation Analysis,BRCA Mutation Status;BRCA Family Gene Mutation Analysis
C146692,BRCA Mutation Analysis,BRCA Mutation Status;BRCA Family Gene Mutation Analysis
C146692,BRCA Mutation Analysis,BRCA Mutation Status;BRCA Family Gene Mutation Analysis
C19635,BRCA1 Gene Mutation,BRCA1;BRCA1 Mutation;Breast Cancer 1 Gene Mutation;BROVCA1 Gene Mutation;Mutation of the BRCA1 Gene
C19635,BRCA1 Gene Mutation,BRCA1;BRCA1 Mutation;Breast Cancer 1 Gene Mutation;BROVCA1 Gene Mutation;Mutation of the BRCA1 Gene
C19635,BRCA1 Gene Mutation,BRCA1;BRCA1 Mutation;Breast Cancer 1 Gene Mutation;BROVCA1 Gene Mutation;Mutation of the BRCA1 Gene
C19635,BRCA1 Gene Mutation,BRCA1;BRCA1 Mutation;Breast Cancer 1 Gene Mutation;BROVCA1 Gene Mutation;Mutation of the BRCA1 Gene
C19635,BRCA1 Gene Mutation,BRCA1;BRCA1 Mutation;Breast Cancer 1 Gene Mutation;BROVCA1 Gene Mutation;Mutation of the BRCA1 Gene
C19635,BRCA1 Gene Mutation,BRCA1;BRCA1 Mutation;Breast Cancer 1 Gene Mutation;BROVCA1 Gene Mutation;Mutation of the BRCA1 Gene
C19635,BRCA1 Gene Mutation,BRCA1;BRCA1 Mutation;Breast Cancer 1 Gene Mutation;BROVCA1 Gene Mutation;Mutation of the BRCA1 Gene
C19636,BRCA2 Gene Mutation,BRCA2;BRCA2 Mutation;Breast Cancer 2 Gene Mutation;BROVCA2 Gene Mutation;Mutation of the BRCA2 Gene;XRCC11 Gene Mutation;BRCC2 Gene Mutation;FANCD1 Gene Mutation
C19636,BRCA2 Gene Mutation,BRCA2;BRCA2 Mutation;Breast Cancer 2 Gene Mutation;BROVCA2 Gene Mutation;Mutation of the BRCA2 Gene;XRCC11 Gene Mutation;BRCC2 Gene Mutation;FANCD1 Gene Mutation
C19636,BRCA2 Gene Mutation,BRCA2;BRCA2 Mutation;Breast Cancer 2 Gene Mutation;BROVCA2 Gene Mutation;Mutation of the BRCA2 Gene;XRCC11 Gene Mutation;BRCC2 Gene Mutation;FANCD1 Gene Mutation
C19636,BRCA2 Gene Mutation,BRCA2;BRCA2 Mutation;Breast Cancer 2 Gene Mutation;BROVCA2 Gene Mutation;Mutation of the BRCA2 Gene;XRCC11 Gene Mutation;BRCC2 Gene Mutation;FANCD1 Gene Mutation
C19636,BRCA2 Gene Mutation,BRCA2;BRCA2 Mutation;Breast Cancer 2 Gene Mutation;BROVCA2 Gene Mutation;Mutation of the BRCA2 Gene;XRCC11 Gene Mutation;BRCC2 Gene Mutation;FANCD1 Gene Mutation
C19636,BRCA2 Gene Mutation,BRCA2;BRCA2 Mutation;Breast Cancer 2 Gene Mutation;BROVCA2 Gene Mutation;Mutation of the BRCA2 Gene;XRCC11 Gene Mutation;BRCC2 Gene Mutation;FANCD1 Gene Mutation
C19636,BRCA2 Gene Mutation,BRCA2;BRCA2 Mutation;Breast Cancer 2 Gene Mutation;BROVCA2 Gene Mutation;Mutation of the BRCA2 Gene;XRCC11 Gene Mutation;BRCC2 Gene Mutation;FANCD1 Gene Mutation
C154880,Bartholin's Gland Abnormality Indicator,BTHGLIND;Abnormal Indicator
C154880,Bartholin's Gland Abnormality Indicator,BTHGLIND;Abnormal Indicator
C126083,Basal Metabolic Rate,BMR
C126083,Basal Metabolic Rate,BMR
C126083,Basal Metabolic Rate,BMR
C94536,Best Overall Response,BESTRESP
C94536,Best Overall Response,BESTRESP
C94536,Best Overall Response,BESTRESP
C94536,Best Overall Response,BESTRESP
C94536,Best Overall Response,BESTRESP
C94536,Best Overall Response,BESTRESP
C94536,Best Overall Response,BESTRESP
C191307,Beta Angle of the Hip,BETAANGL;Beta Angle
C191307,Beta Angle of the Hip,BETAANGL;Beta Angle
C191307,Beta Angle of the Hip,BETAANGL;Beta Angle
C191307,Beta Angle of the Hip,BETAANGL;Beta Angle
C191307,Beta Angle of the Hip,BETAANGL;Beta Angle
C191307,Beta Angle of the Hip,BETAANGL;Beta Angle
C74667,Bicarbonate Measurement,Bicarbonate;HCO3
C74667,Bicarbonate Measurement,Bicarbonate;HCO3
C74667,Bicarbonate Measurement,Bicarbonate;HCO3
C74667,Bicarbonate Measurement,Bicarbonate;HCO3
C74667,Bicarbonate Measurement,Bicarbonate;HCO3
C15189,Biopsy Procedure,Bx
C15189,Biopsy Procedure,Bx
C15189,Biopsy Procedure,Bx
C15189,Biopsy Procedure,Bx
C15189,Biopsy Procedure,Bx
C15189,Biopsy Procedure,Bx
C15189,Biopsy Procedure,Bx
C15189,Biopsy Procedure,Bx
C15189,Biopsy Procedure,Bx
C15189,Biopsy Procedure,Bx
C15189,Biopsy Procedure,Bx
C70945,Biospecimen Collection,Collecting;Collected;Sample Collection
C70945,Biospecimen Collection,Collecting;Collected;Sample Collection
C70945,Biospecimen Collection,Collecting;Collected;Sample Collection
C70945,Biospecimen Collection,Collecting;Collected;Sample Collection
C70945,Biospecimen Collection,Collecting;Collected;Sample Collection
C70945,Biospecimen Collection,Collecting;Collected;Sample Collection
C70945,Biospecimen Collection,Collecting;Collected;Sample Collection
C164620,Biospecimen Retention Indicator,BRIND
C164620,Biospecimen Retention Indicator,BRIND
C164620,Biospecimen Retention Indicator,BRIND
C164620,Biospecimen Retention Indicator,BRIND
C164620,Biospecimen Retention Indicator,BRIND
C164620,Biospecimen Retention Indicator,BRIND
C179747,Biospecimen Shipping,Biological Sample Shipment;Biological Sample Shipping;Biological Sample Transport;Specimen Ship;Shipped
C179747,Biospecimen Shipping,Biological Sample Shipment;Biological Sample Shipping;Biological Sample Transport;Specimen Ship;Shipped
C179747,Biospecimen Shipping,Biological Sample Shipment;Biological Sample Shipping;Biological Sample Transport;Specimen Ship;Shipped
C179747,Biospecimen Shipping,Biological Sample Shipment;Biological Sample Shipping;Biological Sample Transport;Specimen Ship;Shipped
C179747,Biospecimen Shipping,Biological Sample Shipment;Biological Sample Shipping;Biological Sample Transport;Specimen Ship;Shipped
C179747,Biospecimen Shipping,Biological Sample Shipment;Biological Sample Shipping;Biological Sample Transport;Specimen Ship;Shipped
C179748,Biospecimen Storage,Biological Sample Storage;Storing
C179748,Biospecimen Storage,Biological Sample Storage;Storing
C179748,Biospecimen Storage,Biological Sample Storage;Storing
C179748,Biospecimen Storage,Biological Sample Storage;Storing
C179748,Biospecimen Storage,Biological Sample Storage;Storing
C179748,Biospecimen Storage,Biological Sample Storage;Storing
C106501,Birth Control Method,BCMETHOD
C106501,Birth Control Method,BCMETHOD
C200441,Birth Country,BRCTRY;Country of Birth;Birth Country
C200441,Birth Country,BRCTRY;Country of Birth;Birth Country
C200441,Birth Country,BRCTRY;Country of Birth;Birth Country
C93516,Birth Country Code,BRCTRYCD;Birth Country Code;birthCountryCode
C93516,Birth Country Code,BRCTRYCD;Birth Country Code;birthCountryCode
C93516,Birth Country Code,BRCTRYCD;Birth Country Code;birthCountryCode
C83217,Birth Date and Time,BRTHDTC;Date/Time of Birth
C83217,Birth Date and Time,BRTHDTC;Date/Time of Birth
C198361,Birth Plurality,BTHPLRTY;Birth Plurality
C198361,Birth Plurality,BTHPLRTY;Birth Plurality
C198361,Birth Plurality,BTHPLRTY;Birth Plurality
C76325,Birth Weight,BRTHWT
C76325,Birth Weight,BRTHWT
C76325,Birth Weight,BRTHWT
C189352,Bleeding or Spotting Between Menstrual Periods Indicator,BSBMPIND;Bleed/Spot Between Menstrual Periods Ind
C189352,Bleeding or Spotting Between Menstrual Periods Indicator,BSBMPIND;Bleed/Spot Between Menstrual Periods Ind
C122195,Blistering Indicator,BLISTIND
C122195,Blistering Indicator,BLISTIND
C122195,Blistering Indicator,BLISTIND
C122195,Blistering Indicator,BLISTIND
C122195,Blistering Indicator,BLISTIND
C122195,Blistering Indicator,BLISTIND
C28133,Blood Cell Count,Complete Blood Count;CBC;Full Blood Count;FBC
C94866,Blood Flow Rate,Blood Flow Rate;BLDFLRT
C94866,Blood Flow Rate,Blood Flow Rate;BLDFLRT
C94866,Blood Flow Rate,Blood Flow Rate;BLDFLRT
C94866,Blood Flow Rate,Blood Flow Rate;BLDFLRT
C94866,Blood Flow Rate,Blood Flow Rate;BLDFLRT
C94866,Blood Flow Rate,Blood Flow Rate;BLDFLRT
C94866,Blood Flow Rate,Blood Flow Rate;BLDFLRT
C54706,Blood Pressure,BP
C199996,Body Cell Mass Measurement,BCM;Body Cell Mass
C199996,Body Cell Mass Measurement,BCM;Body Cell Mass
C199996,Body Cell Mass Measurement,BCM;Body Cell Mass
C122232,Body Fat Measurement,BODYFATM
C122232,Body Fat Measurement,BODYFATM
C122232,Body Fat Measurement,BODYFATM
C49680,Body Frame Size,Frame Size
C49680,Body Frame Size,Frame Size
C164634,Body Height,HEIGHT
C164634,Body Height,HEIGHT
C164634,Body Height,HEIGHT
C205752,Body Length-for-Age Percentile,BLAPCTL
C205752,Body Length-for-Age Percentile,BLAPCTL
C16358,Body Mass Index,BMI;Quetelet Index
C16358,Body Mass Index,BMI;Quetelet Index
C16358,Body Mass Index,BMI;Quetelet Index
C25157,Body Surface Area,BSA
C25157,Body Surface Area,BSA
C25157,Body Surface Area,BSA
C174446,Body Temperature,Temperature
C174446,Body Temperature,Temperature
C174446,Body Temperature,Temperature
C174446,Body Temperature,Temperature
C164325,Body Temperature Measurement,Vital Signs - Body Temperature
C81328,Body Weight,WEIGHT
C81328,Body Weight,WEIGHT
C81328,Body Weight,WEIGHT
C135477,Bone Marrow Disease Involvement Indicator,BMIVLIND;Bone Marrow Involvement Indicator
C135477,Bone Marrow Disease Involvement Indicator,BMIVLIND;Bone Marrow Involvement Indicator
C135477,Bone Marrow Disease Involvement Indicator,BMIVLIND;Bone Marrow Involvement Indicator
C135477,Bone Marrow Disease Involvement Indicator,BMIVLIND;Bone Marrow Involvement Indicator
C135477,Bone Marrow Disease Involvement Indicator,BMIVLIND;Bone Marrow Involvement Indicator
C147472,Bone Mineral Content,BMC;Bone Mineral Mass;Bone Mass
C147472,Bone Mineral Content,BMC;Bone Mineral Mass;Bone Mass
C147472,Bone Mineral Content,BMC;Bone Mineral Mass;Bone Mass
C147472,Bone Mineral Content,BMC;Bone Mineral Mass;Bone Mass
C147472,Bone Mineral Content,BMC;Bone Mineral Mass;Bone Mass
C147472,Bone Mineral Content,BMC;Bone Mineral Mass;Bone Mass
C147473,Bone Mineral Density T-Score,BMDT
C147473,Bone Mineral Density T-Score,BMDT
C147473,Bone Mineral Density T-Score,BMDT
C147473,Bone Mineral Density T-Score,BMDT
C147473,Bone Mineral Density T-Score,BMDT
C61545,Bone Mineral Density Test,BMD;Bone Mineral Density;Bone Mass;Bone Density
C61545,Bone Mineral Density Test,BMD;Bone Mineral Density;Bone Mass;Bone Density
C61545,Bone Mineral Density Test,BMD;Bone Mineral Density;Bone Mass;Bone Density
C61545,Bone Mineral Density Test,BMD;Bone Mineral Density;Bone Mass;Bone Density
C61545,Bone Mineral Density Test,BMD;Bone Mineral Density;Bone Mass;Bone Density
C61545,Bone Mineral Density Test,BMD;Bone Mineral Density;Bone Mass;Bone Density
C139217,Bone Mineral Density Z-Score,BMDZ
C139217,Bone Mineral Density Z-Score,BMDZ
C139217,Bone Mineral Density Z-Score,BMDZ
C139217,Bone Mineral Density Z-Score,BMDZ
C139217,Bone Mineral Density Z-Score,BMDZ
C15195,Brachytherapy,Internal Radiation;Internal Radiation Brachytherapy
C15195,Brachytherapy,Internal Radiation;Internal Radiation Brachytherapy
C15195,Brachytherapy,Internal Radiation;Internal Radiation Brachytherapy
C15195,Brachytherapy,Internal Radiation;Internal Radiation Brachytherapy
C15195,Brachytherapy,Internal Radiation;Internal Radiation Brachytherapy
C15195,Brachytherapy,Internal Radiation;Internal Radiation Brachytherapy
C15195,Brachytherapy,Internal Radiation;Internal Radiation Brachytherapy
C15195,Brachytherapy,Internal Radiation;Internal Radiation Brachytherapy
C15195,Brachytherapy,Internal Radiation;Internal Radiation Brachytherapy
C15195,Brachytherapy,Internal Radiation;Internal Radiation Brachytherapy
C15774,Breast Cancer Therapeutic Procedure,Breast Cancer Treatment;Breast Cancer Surgeries
C15774,Breast Cancer Therapeutic Procedure,Breast Cancer Treatment;Breast Cancer Surgeries
C15774,Breast Cancer Therapeutic Procedure,Breast Cancer Treatment;Breast Cancer Surgeries
C15774,Breast Cancer Therapeutic Procedure,Breast Cancer Treatment;Breast Cancer Surgeries
C15774,Breast Cancer Therapeutic Procedure,Breast Cancer Treatment;Breast Cancer Surgeries
C15774,Breast Cancer Therapeutic Procedure,Breast Cancer Treatment;Breast Cancer Surgeries
C15774,Breast Cancer Therapeutic Procedure,Breast Cancer Treatment;Breast Cancer Surgeries
C15774,Breast Cancer Therapeutic Procedure,Breast Cancer Treatment;Breast Cancer Surgeries
C15774,Breast Cancer Therapeutic Procedure,Breast Cancer Treatment;Breast Cancer Surgeries
C15774,Breast Cancer Therapeutic Procedure,Breast Cancer Treatment;Breast Cancer Surgeries
C15774,Breast Cancer Therapeutic Procedure,Breast Cancer Treatment;Breast Cancer Surgeries
C139533,Breast Cancer by AJCC v8 Anatomic Stage,Breast Carcinoma by AJCC v8 Anatomic Stage;TNM Staging
C139533,Breast Cancer by AJCC v8 Anatomic Stage,Breast Carcinoma by AJCC v8 Anatomic Stage;TNM Staging
C139533,Breast Cancer by AJCC v8 Anatomic Stage,Breast Carcinoma by AJCC v8 Anatomic Stage;TNM Staging
C139533,Breast Cancer by AJCC v8 Anatomic Stage,Breast Carcinoma by AJCC v8 Anatomic Stage;TNM Staging
C139554,Breast Cancer by AJCC v8 Prognostic Stage,Breast Carcinoma by AJCC v8 Prognostic Stage;Breast Cancer by AJCC v8 Prognostic Stage Group;TNM Staging
C139554,Breast Cancer by AJCC v8 Prognostic Stage,Breast Carcinoma by AJCC v8 Prognostic Stage;Breast Cancer by AJCC v8 Prognostic Stage Group;TNM Staging
C139554,Breast Cancer by AJCC v8 Prognostic Stage,Breast Carcinoma by AJCC v8 Prognostic Stage;Breast Cancer by AJCC v8 Prognostic Stage Group;TNM Staging
C139554,Breast Cancer by AJCC v8 Prognostic Stage,Breast Carcinoma by AJCC v8 Prognostic Stage;Breast Cancer by AJCC v8 Prognostic Stage Group;TNM Staging
C139532,Breast Cancer by AJCC v8 Stage,Breast Carcinoma by AJCC v8 Stage;TNM Staging
C139532,Breast Cancer by AJCC v8 Stage,Breast Carcinoma by AJCC v8 Stage;TNM Staging
C139532,Breast Cancer by AJCC v8 Stage,Breast Carcinoma by AJCC v8 Stage;TNM Staging
C139532,Breast Cancer by AJCC v8 Stage,Breast Carcinoma by AJCC v8 Stage;TNM Staging
C4872,Breast Carcinoma,Cancer of the Breast
C112233,Breast Fed Indicator,BRFEDIND;Breast Fed Indicator
C112233,Breast Fed Indicator,BRFEDIND;Breast Fed Indicator
C112233,Breast Fed Indicator,BRFEDIND;Breast Fed Indicator
C189364,Breastfeeding End Date,BRFENDTC
C189364,Breastfeeding End Date,BRFENDTC
C189363,Breastfeeding Start Date,BRFSTDTC
C189363,Breastfeeding Start Date,BRFSTDTC
C100761,Brief Psychiatric Rating Scale A Clinical Classification,BPRS-A;BPRSA1;Brief Psychiatric Rating Scale - Anchored
C100761,Brief Psychiatric Rating Scale A Clinical Classification,BPRS-A;BPRSA1;Brief Psychiatric Rating Scale - Anchored
C100761,Brief Psychiatric Rating Scale A Clinical Classification,BPRS-A;BPRSA1;Brief Psychiatric Rating Scale - Anchored
C100761,Brief Psychiatric Rating Scale A Clinical Classification,BPRS-A;BPRSA1;Brief Psychiatric Rating Scale - Anchored
C139223,"Brooke Modified Medical Research Council Manual Muscle Test Score, Abduction","BMMTABDT;Brooke mMRC MMT Score, Abduction"
C139223,"Brooke Modified Medical Research Council Manual Muscle Test Score, Abduction","BMMTABDT;Brooke mMRC MMT Score, Abduction"
C139223,"Brooke Modified Medical Research Council Manual Muscle Test Score, Abduction","BMMTABDT;Brooke mMRC MMT Score, Abduction"
C139223,"Brooke Modified Medical Research Council Manual Muscle Test Score, Abduction","BMMTABDT;Brooke mMRC MMT Score, Abduction"
C139223,"Brooke Modified Medical Research Council Manual Muscle Test Score, Abduction","BMMTABDT;Brooke mMRC MMT Score, Abduction"
C139225,"Brooke Modified Medical Research Council Manual Muscle Test Score, Dorsiflexion","BMMTDORS;Brooke mMRC MMT Score, Dorsiflexion"
C139225,"Brooke Modified Medical Research Council Manual Muscle Test Score, Dorsiflexion","BMMTDORS;Brooke mMRC MMT Score, Dorsiflexion"
C139225,"Brooke Modified Medical Research Council Manual Muscle Test Score, Dorsiflexion","BMMTDORS;Brooke mMRC MMT Score, Dorsiflexion"
C139225,"Brooke Modified Medical Research Council Manual Muscle Test Score, Dorsiflexion","BMMTDORS;Brooke mMRC MMT Score, Dorsiflexion"
C139225,"Brooke Modified Medical Research Council Manual Muscle Test Score, Dorsiflexion","BMMTDORS;Brooke mMRC MMT Score, Dorsiflexion"
C139227,"Brooke Modified Medical Research Council Manual Muscle Test Score, Eversion","BMMTEVE;Brooke mMRC MMT Score, Eversion"
C139227,"Brooke Modified Medical Research Council Manual Muscle Test Score, Eversion","BMMTEVE;Brooke mMRC MMT Score, Eversion"
C139227,"Brooke Modified Medical Research Council Manual Muscle Test Score, Eversion","BMMTEVE;Brooke mMRC MMT Score, Eversion"
C139227,"Brooke Modified Medical Research Council Manual Muscle Test Score, Eversion","BMMTEVE;Brooke mMRC MMT Score, Eversion"
C139227,"Brooke Modified Medical Research Council Manual Muscle Test Score, Eversion","BMMTEVE;Brooke mMRC MMT Score, Eversion"
C139220,"Brooke Modified Medical Research Council Manual Muscle Test Score, Extension","BMMTEXT;Brooke mMRC MMT Score, Extension"
C139220,"Brooke Modified Medical Research Council Manual Muscle Test Score, Extension","BMMTEXT;Brooke mMRC MMT Score, Extension"
C139220,"Brooke Modified Medical Research Council Manual Muscle Test Score, Extension","BMMTEXT;Brooke mMRC MMT Score, Extension"
C139220,"Brooke Modified Medical Research Council Manual Muscle Test Score, Extension","BMMTEXT;Brooke mMRC MMT Score, Extension"
C139220,"Brooke Modified Medical Research Council Manual Muscle Test Score, Extension","BMMTEXT;Brooke mMRC MMT Score, Extension"
C139222,"Brooke Modified Medical Research Council Manual Muscle Test Score, Flexion","BMMTFLX;Brooke mMRC MMT Score, Flexion"
C139222,"Brooke Modified Medical Research Council Manual Muscle Test Score, Flexion","BMMTFLX;Brooke mMRC MMT Score, Flexion"
C139222,"Brooke Modified Medical Research Council Manual Muscle Test Score, Flexion","BMMTFLX;Brooke mMRC MMT Score, Flexion"
C139222,"Brooke Modified Medical Research Council Manual Muscle Test Score, Flexion","BMMTFLX;Brooke mMRC MMT Score, Flexion"
C139222,"Brooke Modified Medical Research Council Manual Muscle Test Score, Flexion","BMMTFLX;Brooke mMRC MMT Score, Flexion"
C139226,"Brooke Modified Medical Research Council Manual Muscle Test Score, Inversion","BMMTINV;Brooke mMRC MMT Score, Inversion"
C139226,"Brooke Modified Medical Research Council Manual Muscle Test Score, Inversion","BMMTINV;Brooke mMRC MMT Score, Inversion"
C139226,"Brooke Modified Medical Research Council Manual Muscle Test Score, Inversion","BMMTINV;Brooke mMRC MMT Score, Inversion"
C139226,"Brooke Modified Medical Research Council Manual Muscle Test Score, Inversion","BMMTINV;Brooke mMRC MMT Score, Inversion"
C139226,"Brooke Modified Medical Research Council Manual Muscle Test Score, Inversion","BMMTINV;Brooke mMRC MMT Score, Inversion"
C139224,"Brooke Modified Medical Research Council Manual Muscle Test Score, Lateral Rotation","BMMTLR;Brooke mMRC MMT Score, Lat. Rotat.;Brooke mMRC MMT Score, Lateral Rotation"
C139224,"Brooke Modified Medical Research Council Manual Muscle Test Score, Lateral Rotation","BMMTLR;Brooke mMRC MMT Score, Lat. Rotat.;Brooke mMRC MMT Score, Lateral Rotation"
C139224,"Brooke Modified Medical Research Council Manual Muscle Test Score, Lateral Rotation","BMMTLR;Brooke mMRC MMT Score, Lat. Rotat.;Brooke mMRC MMT Score, Lateral Rotation"
C139224,"Brooke Modified Medical Research Council Manual Muscle Test Score, Lateral Rotation","BMMTLR;Brooke mMRC MMT Score, Lat. Rotat.;Brooke mMRC MMT Score, Lateral Rotation"
C139224,"Brooke Modified Medical Research Council Manual Muscle Test Score, Lateral Rotation","BMMTLR;Brooke mMRC MMT Score, Lat. Rotat.;Brooke mMRC MMT Score, Lateral Rotation"
C139221,"Brooke Modified Medical Research Council Manual Muscle Test Score, Plantar Flexion","BMMTPF;Brooke mMRC MMT Score, Plantar Flex;Brooke mMRC MMT Score, Plantar Flexion"
C139221,"Brooke Modified Medical Research Council Manual Muscle Test Score, Plantar Flexion","BMMTPF;Brooke mMRC MMT Score, Plantar Flex;Brooke mMRC MMT Score, Plantar Flexion"
C139221,"Brooke Modified Medical Research Council Manual Muscle Test Score, Plantar Flexion","BMMTPF;Brooke mMRC MMT Score, Plantar Flex;Brooke mMRC MMT Score, Plantar Flexion"
C139221,"Brooke Modified Medical Research Council Manual Muscle Test Score, Plantar Flexion","BMMTPF;Brooke mMRC MMT Score, Plantar Flex;Brooke mMRC MMT Score, Plantar Flexion"
C139221,"Brooke Modified Medical Research Council Manual Muscle Test Score, Plantar Flexion","BMMTPF;Brooke mMRC MMT Score, Plantar Flex;Brooke mMRC MMT Score, Plantar Flexion"
C64548,C-Reactive Protein Measurement,CRP;C Reactive Protein
C64548,C-Reactive Protein Measurement,CRP;C Reactive Protein
C64548,C-Reactive Protein Measurement,CRP;C Reactive Protein
C64548,C-Reactive Protein Measurement,CRP;C Reactive Protein
C64548,C-Reactive Protein Measurement,CRP;C Reactive Protein
C139271,CDC HIV High Risk Donor Indicator,HIVHRIND;CDC HIV High Risk Donor Indicator
C139271,CDC HIV High Risk Donor Indicator,HIVHRIND;CDC HIV High Risk Donor Indicator
C139271,CDC HIV High Risk Donor Indicator,HIVHRIND;CDC HIV High Risk Donor Indicator
C100231,CDISC ADAS-Cog - Attempt to Draw,ADCCPS;Attempt to Draw;CDISC ADAS-Cog - Attempt to Draw
C100231,CDISC ADAS-Cog - Attempt to Draw,ADCCPS;Attempt to Draw;CDISC ADAS-Cog - Attempt to Draw
C100231,CDISC ADAS-Cog - Attempt to Draw,ADCCPS;Attempt to Draw;CDISC ADAS-Cog - Attempt to Draw
C100231,CDISC ADAS-Cog - Attempt to Draw,ADCCPS;Attempt to Draw;CDISC ADAS-Cog - Attempt to Draw
C100231,CDISC ADAS-Cog - Attempt to Draw,ADCCPS;Attempt to Draw;CDISC ADAS-Cog - Attempt to Draw
C100231,CDISC ADAS-Cog - Attempt to Draw,ADCCPS;Attempt to Draw;CDISC ADAS-Cog - Attempt to Draw
C100231,CDISC ADAS-Cog - Attempt to Draw,ADCCPS;Attempt to Draw;CDISC ADAS-Cog - Attempt to Draw
C100231,CDISC ADAS-Cog - Attempt to Draw,ADCCPS;Attempt to Draw;CDISC ADAS-Cog - Attempt to Draw
C100209,CDISC ADAS-Cog - Commands Summary Score,ADCCMD;Commands;CDISC ADAS-Cog - Commands Summary Score
C100209,CDISC ADAS-Cog - Commands Summary Score,ADCCMD;Commands;CDISC ADAS-Cog - Commands Summary Score
C100209,CDISC ADAS-Cog - Commands Summary Score,ADCCMD;Commands;CDISC ADAS-Cog - Commands Summary Score
C100209,CDISC ADAS-Cog - Commands Summary Score,ADCCMD;Commands;CDISC ADAS-Cog - Commands Summary Score
C100209,CDISC ADAS-Cog - Commands Summary Score,ADCCMD;Commands;CDISC ADAS-Cog - Commands Summary Score
C100209,CDISC ADAS-Cog - Commands Summary Score,ADCCMD;Commands;CDISC ADAS-Cog - Commands Summary Score
C100209,CDISC ADAS-Cog - Commands Summary Score,ADCCMD;Commands;CDISC ADAS-Cog - Commands Summary Score
C100209,CDISC ADAS-Cog - Commands Summary Score,ADCCMD;Commands;CDISC ADAS-Cog - Commands Summary Score
C100211,CDISC ADAS-Cog - Commands: Ceiling,ADCCMD02;Commands: Ceiling;CDISC ADAS-Cog - Commands: Ceiling
C100211,CDISC ADAS-Cog - Commands: Ceiling,ADCCMD02;Commands: Ceiling;CDISC ADAS-Cog - Commands: Ceiling
C100211,CDISC ADAS-Cog - Commands: Ceiling,ADCCMD02;Commands: Ceiling;CDISC ADAS-Cog - Commands: Ceiling
C100211,CDISC ADAS-Cog - Commands: Ceiling,ADCCMD02;Commands: Ceiling;CDISC ADAS-Cog - Commands: Ceiling
C100211,CDISC ADAS-Cog - Commands: Ceiling,ADCCMD02;Commands: Ceiling;CDISC ADAS-Cog - Commands: Ceiling
C100211,CDISC ADAS-Cog - Commands: Ceiling,ADCCMD02;Commands: Ceiling;CDISC ADAS-Cog - Commands: Ceiling
C100211,CDISC ADAS-Cog - Commands: Ceiling,ADCCMD02;Commands: Ceiling;CDISC ADAS-Cog - Commands: Ceiling
C100211,CDISC ADAS-Cog - Commands: Ceiling,ADCCMD02;Commands: Ceiling;CDISC ADAS-Cog - Commands: Ceiling
C100210,CDISC ADAS-Cog - Commands: Fist,ADCCMD01;Commands: Fist;CDISC ADAS-Cog - Commands: Fist
C100210,CDISC ADAS-Cog - Commands: Fist,ADCCMD01;Commands: Fist;CDISC ADAS-Cog - Commands: Fist
C100210,CDISC ADAS-Cog - Commands: Fist,ADCCMD01;Commands: Fist;CDISC ADAS-Cog - Commands: Fist
C100210,CDISC ADAS-Cog - Commands: Fist,ADCCMD01;Commands: Fist;CDISC ADAS-Cog - Commands: Fist
C100210,CDISC ADAS-Cog - Commands: Fist,ADCCMD01;Commands: Fist;CDISC ADAS-Cog - Commands: Fist
C100210,CDISC ADAS-Cog - Commands: Fist,ADCCMD01;Commands: Fist;CDISC ADAS-Cog - Commands: Fist
C100210,CDISC ADAS-Cog - Commands: Fist,ADCCMD01;Commands: Fist;CDISC ADAS-Cog - Commands: Fist
C100210,CDISC ADAS-Cog - Commands: Fist,ADCCMD01;Commands: Fist;CDISC ADAS-Cog - Commands: Fist
C100212,CDISC ADAS-Cog - Commands: Pencil,ADCCMD03;Commands: Pencil;CDISC ADAS-Cog - Commands: Pencil
C100212,CDISC ADAS-Cog - Commands: Pencil,ADCCMD03;Commands: Pencil;CDISC ADAS-Cog - Commands: Pencil
C100212,CDISC ADAS-Cog - Commands: Pencil,ADCCMD03;Commands: Pencil;CDISC ADAS-Cog - Commands: Pencil
C100212,CDISC ADAS-Cog - Commands: Pencil,ADCCMD03;Commands: Pencil;CDISC ADAS-Cog - Commands: Pencil
C100212,CDISC ADAS-Cog - Commands: Pencil,ADCCMD03;Commands: Pencil;CDISC ADAS-Cog - Commands: Pencil
C100212,CDISC ADAS-Cog - Commands: Pencil,ADCCMD03;Commands: Pencil;CDISC ADAS-Cog - Commands: Pencil
C100212,CDISC ADAS-Cog - Commands: Pencil,ADCCMD03;Commands: Pencil;CDISC ADAS-Cog - Commands: Pencil
C100212,CDISC ADAS-Cog - Commands: Pencil,ADCCMD03;Commands: Pencil;CDISC ADAS-Cog - Commands: Pencil
C100214,CDISC ADAS-Cog - Commands: Shoulder,ADCCMD05;Commands: Shoulder;CDISC ADAS-Cog - Commands: Shoulder
C100214,CDISC ADAS-Cog - Commands: Shoulder,ADCCMD05;Commands: Shoulder;CDISC ADAS-Cog - Commands: Shoulder
C100214,CDISC ADAS-Cog - Commands: Shoulder,ADCCMD05;Commands: Shoulder;CDISC ADAS-Cog - Commands: Shoulder
C100214,CDISC ADAS-Cog - Commands: Shoulder,ADCCMD05;Commands: Shoulder;CDISC ADAS-Cog - Commands: Shoulder
C100214,CDISC ADAS-Cog - Commands: Shoulder,ADCCMD05;Commands: Shoulder;CDISC ADAS-Cog - Commands: Shoulder
C100214,CDISC ADAS-Cog - Commands: Shoulder,ADCCMD05;Commands: Shoulder;CDISC ADAS-Cog - Commands: Shoulder
C100214,CDISC ADAS-Cog - Commands: Shoulder,ADCCMD05;Commands: Shoulder;CDISC ADAS-Cog - Commands: Shoulder
C100214,CDISC ADAS-Cog - Commands: Shoulder,ADCCMD05;Commands: Shoulder;CDISC ADAS-Cog - Commands: Shoulder
C100213,CDISC ADAS-Cog - Commands: Watch,ADCCMD04;Commands: Watch;CDISC ADAS-Cog - Commands: Watch
C100213,CDISC ADAS-Cog - Commands: Watch,ADCCMD04;Commands: Watch;CDISC ADAS-Cog - Commands: Watch
C100213,CDISC ADAS-Cog - Commands: Watch,ADCCMD04;Commands: Watch;CDISC ADAS-Cog - Commands: Watch
C100213,CDISC ADAS-Cog - Commands: Watch,ADCCMD04;Commands: Watch;CDISC ADAS-Cog - Commands: Watch
C100213,CDISC ADAS-Cog - Commands: Watch,ADCCMD04;Commands: Watch;CDISC ADAS-Cog - Commands: Watch
C100213,CDISC ADAS-Cog - Commands: Watch,ADCCMD04;Commands: Watch;CDISC ADAS-Cog - Commands: Watch
C100213,CDISC ADAS-Cog - Commands: Watch,ADCCMD04;Commands: Watch;CDISC ADAS-Cog - Commands: Watch
C100213,CDISC ADAS-Cog - Commands: Watch,ADCCMD04;Commands: Watch;CDISC ADAS-Cog - Commands: Watch
C100278,CDISC ADAS-Cog - Comprehension,ADCCMP;Comprehension;CDISC ADAS-Cog - Comprehension
C100278,CDISC ADAS-Cog - Comprehension,ADCCMP;Comprehension;CDISC ADAS-Cog - Comprehension
C100278,CDISC ADAS-Cog - Comprehension,ADCCMP;Comprehension;CDISC ADAS-Cog - Comprehension
C100278,CDISC ADAS-Cog - Comprehension,ADCCMP;Comprehension;CDISC ADAS-Cog - Comprehension
C100278,CDISC ADAS-Cog - Comprehension,ADCCMP;Comprehension;CDISC ADAS-Cog - Comprehension
C100278,CDISC ADAS-Cog - Comprehension,ADCCMP;Comprehension;CDISC ADAS-Cog - Comprehension
C100278,CDISC ADAS-Cog - Comprehension,ADCCMP;Comprehension;CDISC ADAS-Cog - Comprehension
C100278,CDISC ADAS-Cog - Comprehension,ADCCMP;Comprehension;CDISC ADAS-Cog - Comprehension
C100279,CDISC ADAS-Cog - Concentration/Distractibility,ADCCON;Concentration/Distractibility;CDISC ADAS-Cog - Concentration/Distractibility
C100279,CDISC ADAS-Cog - Concentration/Distractibility,ADCCON;Concentration/Distractibility;CDISC ADAS-Cog - Concentration/Distractibility
C100279,CDISC ADAS-Cog - Concentration/Distractibility,ADCCON;Concentration/Distractibility;CDISC ADAS-Cog - Concentration/Distractibility
C100279,CDISC ADAS-Cog - Concentration/Distractibility,ADCCON;Concentration/Distractibility;CDISC ADAS-Cog - Concentration/Distractibility
C100279,CDISC ADAS-Cog - Concentration/Distractibility,ADCCON;Concentration/Distractibility;CDISC ADAS-Cog - Concentration/Distractibility
C100279,CDISC ADAS-Cog - Concentration/Distractibility,ADCCON;Concentration/Distractibility;CDISC ADAS-Cog - Concentration/Distractibility
C100279,CDISC ADAS-Cog - Concentration/Distractibility,ADCCON;Concentration/Distractibility;CDISC ADAS-Cog - Concentration/Distractibility
C100279,CDISC ADAS-Cog - Concentration/Distractibility,ADCCON;Concentration/Distractibility;CDISC ADAS-Cog - Concentration/Distractibility
C100226,CDISC ADAS-Cog - Constructional Praxis Summary Score,ADCCP;Constructional Praxis;CDISC ADAS-Cog - Constructional Praxis Summary Score
C100226,CDISC ADAS-Cog - Constructional Praxis Summary Score,ADCCP;Constructional Praxis;CDISC ADAS-Cog - Constructional Praxis Summary Score
C100226,CDISC ADAS-Cog - Constructional Praxis Summary Score,ADCCP;Constructional Praxis;CDISC ADAS-Cog - Constructional Praxis Summary Score
C100226,CDISC ADAS-Cog - Constructional Praxis Summary Score,ADCCP;Constructional Praxis;CDISC ADAS-Cog - Constructional Praxis Summary Score
C100226,CDISC ADAS-Cog - Constructional Praxis Summary Score,ADCCP;Constructional Praxis;CDISC ADAS-Cog - Constructional Praxis Summary Score
C100226,CDISC ADAS-Cog - Constructional Praxis Summary Score,ADCCP;Constructional Praxis;CDISC ADAS-Cog - Constructional Praxis Summary Score
C100226,CDISC ADAS-Cog - Constructional Praxis Summary Score,ADCCP;Constructional Praxis;CDISC ADAS-Cog - Constructional Praxis Summary Score
C100226,CDISC ADAS-Cog - Constructional Praxis Summary Score,ADCCP;Constructional Praxis;CDISC ADAS-Cog - Constructional Praxis Summary Score
C100228,CDISC ADAS-Cog - Constructional Praxis: 2 Rectangles,ADCCP02;Constructional Praxis: 2 Rectangles;CDISC ADAS-Cog - Constructional Praxis: 2 Rectangles
C100228,CDISC ADAS-Cog - Constructional Praxis: 2 Rectangles,ADCCP02;Constructional Praxis: 2 Rectangles;CDISC ADAS-Cog - Constructional Praxis: 2 Rectangles
C100228,CDISC ADAS-Cog - Constructional Praxis: 2 Rectangles,ADCCP02;Constructional Praxis: 2 Rectangles;CDISC ADAS-Cog - Constructional Praxis: 2 Rectangles
C100228,CDISC ADAS-Cog - Constructional Praxis: 2 Rectangles,ADCCP02;Constructional Praxis: 2 Rectangles;CDISC ADAS-Cog - Constructional Praxis: 2 Rectangles
C100228,CDISC ADAS-Cog - Constructional Praxis: 2 Rectangles,ADCCP02;Constructional Praxis: 2 Rectangles;CDISC ADAS-Cog - Constructional Praxis: 2 Rectangles
C100228,CDISC ADAS-Cog - Constructional Praxis: 2 Rectangles,ADCCP02;Constructional Praxis: 2 Rectangles;CDISC ADAS-Cog - Constructional Praxis: 2 Rectangles
C100228,CDISC ADAS-Cog - Constructional Praxis: 2 Rectangles,ADCCP02;Constructional Praxis: 2 Rectangles;CDISC ADAS-Cog - Constructional Praxis: 2 Rectangles
C100228,CDISC ADAS-Cog - Constructional Praxis: 2 Rectangles,ADCCP02;Constructional Praxis: 2 Rectangles;CDISC ADAS-Cog - Constructional Praxis: 2 Rectangles
C100227,CDISC ADAS-Cog - Constructional Praxis: Circle,ADCCP01;Constructional Praxis: Circle;CDISC ADAS-Cog - Constructional Praxis: Circle
C100227,CDISC ADAS-Cog - Constructional Praxis: Circle,ADCCP01;Constructional Praxis: Circle;CDISC ADAS-Cog - Constructional Praxis: Circle
C100227,CDISC ADAS-Cog - Constructional Praxis: Circle,ADCCP01;Constructional Praxis: Circle;CDISC ADAS-Cog - Constructional Praxis: Circle
C100227,CDISC ADAS-Cog - Constructional Praxis: Circle,ADCCP01;Constructional Praxis: Circle;CDISC ADAS-Cog - Constructional Praxis: Circle
C100227,CDISC ADAS-Cog - Constructional Praxis: Circle,ADCCP01;Constructional Praxis: Circle;CDISC ADAS-Cog - Constructional Praxis: Circle
C100227,CDISC ADAS-Cog - Constructional Praxis: Circle,ADCCP01;Constructional Praxis: Circle;CDISC ADAS-Cog - Constructional Praxis: Circle
C100227,CDISC ADAS-Cog - Constructional Praxis: Circle,ADCCP01;Constructional Praxis: Circle;CDISC ADAS-Cog - Constructional Praxis: Circle
C100227,CDISC ADAS-Cog - Constructional Praxis: Circle,ADCCP01;Constructional Praxis: Circle;CDISC ADAS-Cog - Constructional Praxis: Circle
C100230,CDISC ADAS-Cog - Constructional Praxis: Cube,ADCCP04;Constructional Praxis: Cube;CDISC ADAS-Cog - Constructional Praxis: Cube
C100230,CDISC ADAS-Cog - Constructional Praxis: Cube,ADCCP04;Constructional Praxis: Cube;CDISC ADAS-Cog - Constructional Praxis: Cube
C100230,CDISC ADAS-Cog - Constructional Praxis: Cube,ADCCP04;Constructional Praxis: Cube;CDISC ADAS-Cog - Constructional Praxis: Cube
C100230,CDISC ADAS-Cog - Constructional Praxis: Cube,ADCCP04;Constructional Praxis: Cube;CDISC ADAS-Cog - Constructional Praxis: Cube
C100230,CDISC ADAS-Cog - Constructional Praxis: Cube,ADCCP04;Constructional Praxis: Cube;CDISC ADAS-Cog - Constructional Praxis: Cube
C100230,CDISC ADAS-Cog - Constructional Praxis: Cube,ADCCP04;Constructional Praxis: Cube;CDISC ADAS-Cog - Constructional Praxis: Cube
C100230,CDISC ADAS-Cog - Constructional Praxis: Cube,ADCCP04;Constructional Praxis: Cube;CDISC ADAS-Cog - Constructional Praxis: Cube
C100230,CDISC ADAS-Cog - Constructional Praxis: Cube,ADCCP04;Constructional Praxis: Cube;CDISC ADAS-Cog - Constructional Praxis: Cube
C100229,CDISC ADAS-Cog - Constructional Praxis: Diamond,ADCCP03;Constructional Praxis: Diamond;CDISC ADAS-Cog - Constructional Praxis: Diamond
C100229,CDISC ADAS-Cog - Constructional Praxis: Diamond,ADCCP03;Constructional Praxis: Diamond;CDISC ADAS-Cog - Constructional Praxis: Diamond
C100229,CDISC ADAS-Cog - Constructional Praxis: Diamond,ADCCP03;Constructional Praxis: Diamond;CDISC ADAS-Cog - Constructional Praxis: Diamond
C100229,CDISC ADAS-Cog - Constructional Praxis: Diamond,ADCCP03;Constructional Praxis: Diamond;CDISC ADAS-Cog - Constructional Praxis: Diamond
C100229,CDISC ADAS-Cog - Constructional Praxis: Diamond,ADCCP03;Constructional Praxis: Diamond;CDISC ADAS-Cog - Constructional Praxis: Diamond
C100229,CDISC ADAS-Cog - Constructional Praxis: Diamond,ADCCP03;Constructional Praxis: Diamond;CDISC ADAS-Cog - Constructional Praxis: Diamond
C100229,CDISC ADAS-Cog - Constructional Praxis: Diamond,ADCCP03;Constructional Praxis: Diamond;CDISC ADAS-Cog - Constructional Praxis: Diamond
C100229,CDISC ADAS-Cog - Constructional Praxis: Diamond,ADCCP03;Constructional Praxis: Diamond;CDISC ADAS-Cog - Constructional Praxis: Diamond
C100215,CDISC ADAS-Cog - Delayed Word Recall Summary Score,ADCDRL;Delayed Word Recall;CDISC ADAS-Cog - Delayed Word Recall Summary Score
C100215,CDISC ADAS-Cog - Delayed Word Recall Summary Score,ADCDRL;Delayed Word Recall;CDISC ADAS-Cog - Delayed Word Recall Summary Score
C100215,CDISC ADAS-Cog - Delayed Word Recall Summary Score,ADCDRL;Delayed Word Recall;CDISC ADAS-Cog - Delayed Word Recall Summary Score
C100215,CDISC ADAS-Cog - Delayed Word Recall Summary Score,ADCDRL;Delayed Word Recall;CDISC ADAS-Cog - Delayed Word Recall Summary Score
C100215,CDISC ADAS-Cog - Delayed Word Recall Summary Score,ADCDRL;Delayed Word Recall;CDISC ADAS-Cog - Delayed Word Recall Summary Score
C100215,CDISC ADAS-Cog - Delayed Word Recall Summary Score,ADCDRL;Delayed Word Recall;CDISC ADAS-Cog - Delayed Word Recall Summary Score
C100215,CDISC ADAS-Cog - Delayed Word Recall Summary Score,ADCDRL;Delayed Word Recall;CDISC ADAS-Cog - Delayed Word Recall Summary Score
C100215,CDISC ADAS-Cog - Delayed Word Recall Summary Score,ADCDRL;Delayed Word Recall;CDISC ADAS-Cog - Delayed Word Recall Summary Score
C100216,CDISC ADAS-Cog - Delayed Word Recall: Word 1,ADCDRL01;Delayed Word Recall: Word [1];CDISC ADAS-Cog - Delayed Word Recall: Word 1
C100216,CDISC ADAS-Cog - Delayed Word Recall: Word 1,ADCDRL01;Delayed Word Recall: Word [1];CDISC ADAS-Cog - Delayed Word Recall: Word 1
C100216,CDISC ADAS-Cog - Delayed Word Recall: Word 1,ADCDRL01;Delayed Word Recall: Word [1];CDISC ADAS-Cog - Delayed Word Recall: Word 1
C100216,CDISC ADAS-Cog - Delayed Word Recall: Word 1,ADCDRL01;Delayed Word Recall: Word [1];CDISC ADAS-Cog - Delayed Word Recall: Word 1
C100216,CDISC ADAS-Cog - Delayed Word Recall: Word 1,ADCDRL01;Delayed Word Recall: Word [1];CDISC ADAS-Cog - Delayed Word Recall: Word 1
C100216,CDISC ADAS-Cog - Delayed Word Recall: Word 1,ADCDRL01;Delayed Word Recall: Word [1];CDISC ADAS-Cog - Delayed Word Recall: Word 1
C100216,CDISC ADAS-Cog - Delayed Word Recall: Word 1,ADCDRL01;Delayed Word Recall: Word [1];CDISC ADAS-Cog - Delayed Word Recall: Word 1
C100216,CDISC ADAS-Cog - Delayed Word Recall: Word 1,ADCDRL01;Delayed Word Recall: Word [1];CDISC ADAS-Cog - Delayed Word Recall: Word 1
C100225,CDISC ADAS-Cog - Delayed Word Recall: Word 10,ADCDRL10;Delayed Word Recall: Word [10];CDISC ADAS-Cog - Delayed Word Recall: Word 10
C100225,CDISC ADAS-Cog - Delayed Word Recall: Word 10,ADCDRL10;Delayed Word Recall: Word [10];CDISC ADAS-Cog - Delayed Word Recall: Word 10
C100225,CDISC ADAS-Cog - Delayed Word Recall: Word 10,ADCDRL10;Delayed Word Recall: Word [10];CDISC ADAS-Cog - Delayed Word Recall: Word 10
C100225,CDISC ADAS-Cog - Delayed Word Recall: Word 10,ADCDRL10;Delayed Word Recall: Word [10];CDISC ADAS-Cog - Delayed Word Recall: Word 10
C100225,CDISC ADAS-Cog - Delayed Word Recall: Word 10,ADCDRL10;Delayed Word Recall: Word [10];CDISC ADAS-Cog - Delayed Word Recall: Word 10
C100225,CDISC ADAS-Cog - Delayed Word Recall: Word 10,ADCDRL10;Delayed Word Recall: Word [10];CDISC ADAS-Cog - Delayed Word Recall: Word 10
C100225,CDISC ADAS-Cog - Delayed Word Recall: Word 10,ADCDRL10;Delayed Word Recall: Word [10];CDISC ADAS-Cog - Delayed Word Recall: Word 10
C100225,CDISC ADAS-Cog - Delayed Word Recall: Word 10,ADCDRL10;Delayed Word Recall: Word [10];CDISC ADAS-Cog - Delayed Word Recall: Word 10
C100217,CDISC ADAS-Cog - Delayed Word Recall: Word 2,ADCDRL02;Delayed Word Recall: Word [2];CDISC ADAS-Cog - Delayed Word Recall: Word 2
C100217,CDISC ADAS-Cog - Delayed Word Recall: Word 2,ADCDRL02;Delayed Word Recall: Word [2];CDISC ADAS-Cog - Delayed Word Recall: Word 2
C100217,CDISC ADAS-Cog - Delayed Word Recall: Word 2,ADCDRL02;Delayed Word Recall: Word [2];CDISC ADAS-Cog - Delayed Word Recall: Word 2
C100217,CDISC ADAS-Cog - Delayed Word Recall: Word 2,ADCDRL02;Delayed Word Recall: Word [2];CDISC ADAS-Cog - Delayed Word Recall: Word 2
C100217,CDISC ADAS-Cog - Delayed Word Recall: Word 2,ADCDRL02;Delayed Word Recall: Word [2];CDISC ADAS-Cog - Delayed Word Recall: Word 2
C100217,CDISC ADAS-Cog - Delayed Word Recall: Word 2,ADCDRL02;Delayed Word Recall: Word [2];CDISC ADAS-Cog - Delayed Word Recall: Word 2
C100217,CDISC ADAS-Cog - Delayed Word Recall: Word 2,ADCDRL02;Delayed Word Recall: Word [2];CDISC ADAS-Cog - Delayed Word Recall: Word 2
C100217,CDISC ADAS-Cog - Delayed Word Recall: Word 2,ADCDRL02;Delayed Word Recall: Word [2];CDISC ADAS-Cog - Delayed Word Recall: Word 2
C100218,CDISC ADAS-Cog - Delayed Word Recall: Word 3,ADCDRL03;Delayed Word Recall: Word [3];CDISC ADAS-Cog - Delayed Word Recall: Word 3
C100218,CDISC ADAS-Cog - Delayed Word Recall: Word 3,ADCDRL03;Delayed Word Recall: Word [3];CDISC ADAS-Cog - Delayed Word Recall: Word 3
C100218,CDISC ADAS-Cog - Delayed Word Recall: Word 3,ADCDRL03;Delayed Word Recall: Word [3];CDISC ADAS-Cog - Delayed Word Recall: Word 3
C100218,CDISC ADAS-Cog - Delayed Word Recall: Word 3,ADCDRL03;Delayed Word Recall: Word [3];CDISC ADAS-Cog - Delayed Word Recall: Word 3
C100218,CDISC ADAS-Cog - Delayed Word Recall: Word 3,ADCDRL03;Delayed Word Recall: Word [3];CDISC ADAS-Cog - Delayed Word Recall: Word 3
C100218,CDISC ADAS-Cog - Delayed Word Recall: Word 3,ADCDRL03;Delayed Word Recall: Word [3];CDISC ADAS-Cog - Delayed Word Recall: Word 3
C100218,CDISC ADAS-Cog - Delayed Word Recall: Word 3,ADCDRL03;Delayed Word Recall: Word [3];CDISC ADAS-Cog - Delayed Word Recall: Word 3
C100218,CDISC ADAS-Cog - Delayed Word Recall: Word 3,ADCDRL03;Delayed Word Recall: Word [3];CDISC ADAS-Cog - Delayed Word Recall: Word 3
C100219,CDISC ADAS-Cog - Delayed Word Recall: Word 4,ADCDRL04;Delayed Word Recall: Word [4];CDISC ADAS-Cog - Delayed Word Recall: Word 4
C100219,CDISC ADAS-Cog - Delayed Word Recall: Word 4,ADCDRL04;Delayed Word Recall: Word [4];CDISC ADAS-Cog - Delayed Word Recall: Word 4
C100219,CDISC ADAS-Cog - Delayed Word Recall: Word 4,ADCDRL04;Delayed Word Recall: Word [4];CDISC ADAS-Cog - Delayed Word Recall: Word 4
C100219,CDISC ADAS-Cog - Delayed Word Recall: Word 4,ADCDRL04;Delayed Word Recall: Word [4];CDISC ADAS-Cog - Delayed Word Recall: Word 4
C100219,CDISC ADAS-Cog - Delayed Word Recall: Word 4,ADCDRL04;Delayed Word Recall: Word [4];CDISC ADAS-Cog - Delayed Word Recall: Word 4
C100219,CDISC ADAS-Cog - Delayed Word Recall: Word 4,ADCDRL04;Delayed Word Recall: Word [4];CDISC ADAS-Cog - Delayed Word Recall: Word 4
C100219,CDISC ADAS-Cog - Delayed Word Recall: Word 4,ADCDRL04;Delayed Word Recall: Word [4];CDISC ADAS-Cog - Delayed Word Recall: Word 4
C100219,CDISC ADAS-Cog - Delayed Word Recall: Word 4,ADCDRL04;Delayed Word Recall: Word [4];CDISC ADAS-Cog - Delayed Word Recall: Word 4
C100220,CDISC ADAS-Cog - Delayed Word Recall: Word 5,ADCDRL05;Delayed Word Recall: Word [5];CDISC ADAS-Cog - Delayed Word Recall: Word 5
C100220,CDISC ADAS-Cog - Delayed Word Recall: Word 5,ADCDRL05;Delayed Word Recall: Word [5];CDISC ADAS-Cog - Delayed Word Recall: Word 5
C100220,CDISC ADAS-Cog - Delayed Word Recall: Word 5,ADCDRL05;Delayed Word Recall: Word [5];CDISC ADAS-Cog - Delayed Word Recall: Word 5
C100220,CDISC ADAS-Cog - Delayed Word Recall: Word 5,ADCDRL05;Delayed Word Recall: Word [5];CDISC ADAS-Cog - Delayed Word Recall: Word 5
C100220,CDISC ADAS-Cog - Delayed Word Recall: Word 5,ADCDRL05;Delayed Word Recall: Word [5];CDISC ADAS-Cog - Delayed Word Recall: Word 5
C100220,CDISC ADAS-Cog - Delayed Word Recall: Word 5,ADCDRL05;Delayed Word Recall: Word [5];CDISC ADAS-Cog - Delayed Word Recall: Word 5
C100220,CDISC ADAS-Cog - Delayed Word Recall: Word 5,ADCDRL05;Delayed Word Recall: Word [5];CDISC ADAS-Cog - Delayed Word Recall: Word 5
C100220,CDISC ADAS-Cog - Delayed Word Recall: Word 5,ADCDRL05;Delayed Word Recall: Word [5];CDISC ADAS-Cog - Delayed Word Recall: Word 5
C100221,CDISC ADAS-Cog - Delayed Word Recall: Word 6,ADCDRL06;Delayed Word Recall: Word [6];CDISC ADAS-Cog - Delayed Word Recall: Word 6
C100221,CDISC ADAS-Cog - Delayed Word Recall: Word 6,ADCDRL06;Delayed Word Recall: Word [6];CDISC ADAS-Cog - Delayed Word Recall: Word 6
C100221,CDISC ADAS-Cog - Delayed Word Recall: Word 6,ADCDRL06;Delayed Word Recall: Word [6];CDISC ADAS-Cog - Delayed Word Recall: Word 6
C100221,CDISC ADAS-Cog - Delayed Word Recall: Word 6,ADCDRL06;Delayed Word Recall: Word [6];CDISC ADAS-Cog - Delayed Word Recall: Word 6
C100221,CDISC ADAS-Cog - Delayed Word Recall: Word 6,ADCDRL06;Delayed Word Recall: Word [6];CDISC ADAS-Cog - Delayed Word Recall: Word 6
C100221,CDISC ADAS-Cog - Delayed Word Recall: Word 6,ADCDRL06;Delayed Word Recall: Word [6];CDISC ADAS-Cog - Delayed Word Recall: Word 6
C100221,CDISC ADAS-Cog - Delayed Word Recall: Word 6,ADCDRL06;Delayed Word Recall: Word [6];CDISC ADAS-Cog - Delayed Word Recall: Word 6
C100221,CDISC ADAS-Cog - Delayed Word Recall: Word 6,ADCDRL06;Delayed Word Recall: Word [6];CDISC ADAS-Cog - Delayed Word Recall: Word 6
C100222,CDISC ADAS-Cog - Delayed Word Recall: Word 7,ADCDRL07;Delayed Word Recall: Word [7];CDISC ADAS-Cog - Delayed Word Recall: Word 7
C100222,CDISC ADAS-Cog - Delayed Word Recall: Word 7,ADCDRL07;Delayed Word Recall: Word [7];CDISC ADAS-Cog - Delayed Word Recall: Word 7
C100222,CDISC ADAS-Cog - Delayed Word Recall: Word 7,ADCDRL07;Delayed Word Recall: Word [7];CDISC ADAS-Cog - Delayed Word Recall: Word 7
C100222,CDISC ADAS-Cog - Delayed Word Recall: Word 7,ADCDRL07;Delayed Word Recall: Word [7];CDISC ADAS-Cog - Delayed Word Recall: Word 7
C100222,CDISC ADAS-Cog - Delayed Word Recall: Word 7,ADCDRL07;Delayed Word Recall: Word [7];CDISC ADAS-Cog - Delayed Word Recall: Word 7
C100222,CDISC ADAS-Cog - Delayed Word Recall: Word 7,ADCDRL07;Delayed Word Recall: Word [7];CDISC ADAS-Cog - Delayed Word Recall: Word 7
C100222,CDISC ADAS-Cog - Delayed Word Recall: Word 7,ADCDRL07;Delayed Word Recall: Word [7];CDISC ADAS-Cog - Delayed Word Recall: Word 7
C100222,CDISC ADAS-Cog - Delayed Word Recall: Word 7,ADCDRL07;Delayed Word Recall: Word [7];CDISC ADAS-Cog - Delayed Word Recall: Word 7
C100223,CDISC ADAS-Cog - Delayed Word Recall: Word 8,ADCDRL08;Delayed Word Recall: Word [8];CDISC ADAS-Cog - Delayed Word Recall: Word 8
C100223,CDISC ADAS-Cog - Delayed Word Recall: Word 8,ADCDRL08;Delayed Word Recall: Word [8];CDISC ADAS-Cog - Delayed Word Recall: Word 8
C100223,CDISC ADAS-Cog - Delayed Word Recall: Word 8,ADCDRL08;Delayed Word Recall: Word [8];CDISC ADAS-Cog - Delayed Word Recall: Word 8
C100223,CDISC ADAS-Cog - Delayed Word Recall: Word 8,ADCDRL08;Delayed Word Recall: Word [8];CDISC ADAS-Cog - Delayed Word Recall: Word 8
C100223,CDISC ADAS-Cog - Delayed Word Recall: Word 8,ADCDRL08;Delayed Word Recall: Word [8];CDISC ADAS-Cog - Delayed Word Recall: Word 8
C100223,CDISC ADAS-Cog - Delayed Word Recall: Word 8,ADCDRL08;Delayed Word Recall: Word [8];CDISC ADAS-Cog - Delayed Word Recall: Word 8
C100223,CDISC ADAS-Cog - Delayed Word Recall: Word 8,ADCDRL08;Delayed Word Recall: Word [8];CDISC ADAS-Cog - Delayed Word Recall: Word 8
C100223,CDISC ADAS-Cog - Delayed Word Recall: Word 8,ADCDRL08;Delayed Word Recall: Word [8];CDISC ADAS-Cog - Delayed Word Recall: Word 8
C100224,CDISC ADAS-Cog - Delayed Word Recall: Word 9,ADCDRL09;Delayed Word Recall: Word [9];CDISC ADAS-Cog - Delayed Word Recall: Word 9
C100224,CDISC ADAS-Cog - Delayed Word Recall: Word 9,ADCDRL09;Delayed Word Recall: Word [9];CDISC ADAS-Cog - Delayed Word Recall: Word 9
C100224,CDISC ADAS-Cog - Delayed Word Recall: Word 9,ADCDRL09;Delayed Word Recall: Word [9];CDISC ADAS-Cog - Delayed Word Recall: Word 9
C100224,CDISC ADAS-Cog - Delayed Word Recall: Word 9,ADCDRL09;Delayed Word Recall: Word [9];CDISC ADAS-Cog - Delayed Word Recall: Word 9
C100224,CDISC ADAS-Cog - Delayed Word Recall: Word 9,ADCDRL09;Delayed Word Recall: Word [9];CDISC ADAS-Cog - Delayed Word Recall: Word 9
C100224,CDISC ADAS-Cog - Delayed Word Recall: Word 9,ADCDRL09;Delayed Word Recall: Word [9];CDISC ADAS-Cog - Delayed Word Recall: Word 9
C100224,CDISC ADAS-Cog - Delayed Word Recall: Word 9,ADCDRL09;Delayed Word Recall: Word [9];CDISC ADAS-Cog - Delayed Word Recall: Word 9
C100224,CDISC ADAS-Cog - Delayed Word Recall: Word 9,ADCDRL09;Delayed Word Recall: Word [9];CDISC ADAS-Cog - Delayed Word Recall: Word 9
C100284,CDISC ADAS-Cog - Executive Function Maze Summary Score,ADCMZ;Executive Function Maze;CDISC ADAS-Cog - Executive Function Maze Summary Score
C100284,CDISC ADAS-Cog - Executive Function Maze Summary Score,ADCMZ;Executive Function Maze;CDISC ADAS-Cog - Executive Function Maze Summary Score
C100284,CDISC ADAS-Cog - Executive Function Maze Summary Score,ADCMZ;Executive Function Maze;CDISC ADAS-Cog - Executive Function Maze Summary Score
C100284,CDISC ADAS-Cog - Executive Function Maze Summary Score,ADCMZ;Executive Function Maze;CDISC ADAS-Cog - Executive Function Maze Summary Score
C100284,CDISC ADAS-Cog - Executive Function Maze Summary Score,ADCMZ;Executive Function Maze;CDISC ADAS-Cog - Executive Function Maze Summary Score
C100284,CDISC ADAS-Cog - Executive Function Maze Summary Score,ADCMZ;Executive Function Maze;CDISC ADAS-Cog - Executive Function Maze Summary Score
C100284,CDISC ADAS-Cog - Executive Function Maze Summary Score,ADCMZ;Executive Function Maze;CDISC ADAS-Cog - Executive Function Maze Summary Score
C100284,CDISC ADAS-Cog - Executive Function Maze Summary Score,ADCMZ;Executive Function Maze;CDISC ADAS-Cog - Executive Function Maze Summary Score
C100285,CDISC ADAS-Cog - Executive Function Maze: Errors,ADCMZ01;Executive Function Maze: Errors;CDISC ADAS-Cog - Executive Function Maze: Errors
C100285,CDISC ADAS-Cog - Executive Function Maze: Errors,ADCMZ01;Executive Function Maze: Errors;CDISC ADAS-Cog - Executive Function Maze: Errors
C100285,CDISC ADAS-Cog - Executive Function Maze: Errors,ADCMZ01;Executive Function Maze: Errors;CDISC ADAS-Cog - Executive Function Maze: Errors
C100285,CDISC ADAS-Cog - Executive Function Maze: Errors,ADCMZ01;Executive Function Maze: Errors;CDISC ADAS-Cog - Executive Function Maze: Errors
C100285,CDISC ADAS-Cog - Executive Function Maze: Errors,ADCMZ01;Executive Function Maze: Errors;CDISC ADAS-Cog - Executive Function Maze: Errors
C100285,CDISC ADAS-Cog - Executive Function Maze: Errors,ADCMZ01;Executive Function Maze: Errors;CDISC ADAS-Cog - Executive Function Maze: Errors
C100285,CDISC ADAS-Cog - Executive Function Maze: Errors,ADCMZ01;Executive Function Maze: Errors;CDISC ADAS-Cog - Executive Function Maze: Errors
C100285,CDISC ADAS-Cog - Executive Function Maze: Errors,ADCMZ01;Executive Function Maze: Errors;CDISC ADAS-Cog - Executive Function Maze: Errors
C100286,CDISC ADAS-Cog - Executive Function Maze: Time,ADCMZ02;Executive Function Maze: Time;CDISC ADAS-Cog - Executive Function Maze: Time
C100286,CDISC ADAS-Cog - Executive Function Maze: Time,ADCMZ02;Executive Function Maze: Time;CDISC ADAS-Cog - Executive Function Maze: Time
C100286,CDISC ADAS-Cog - Executive Function Maze: Time,ADCMZ02;Executive Function Maze: Time;CDISC ADAS-Cog - Executive Function Maze: Time
C100286,CDISC ADAS-Cog - Executive Function Maze: Time,ADCMZ02;Executive Function Maze: Time;CDISC ADAS-Cog - Executive Function Maze: Time
C100286,CDISC ADAS-Cog - Executive Function Maze: Time,ADCMZ02;Executive Function Maze: Time;CDISC ADAS-Cog - Executive Function Maze: Time
C100286,CDISC ADAS-Cog - Executive Function Maze: Time,ADCMZ02;Executive Function Maze: Time;CDISC ADAS-Cog - Executive Function Maze: Time
C100286,CDISC ADAS-Cog - Executive Function Maze: Time,ADCMZ02;Executive Function Maze: Time;CDISC ADAS-Cog - Executive Function Maze: Time
C100286,CDISC ADAS-Cog - Executive Function Maze: Time,ADCMZ02;Executive Function Maze: Time;CDISC ADAS-Cog - Executive Function Maze: Time
C100286,CDISC ADAS-Cog - Executive Function Maze: Time,ADCMZ02;Executive Function Maze: Time;CDISC ADAS-Cog - Executive Function Maze: Time
C100232,CDISC ADAS-Cog - Ideational Praxis Summary Score,ADCIP;Ideational Praxis;CDISC ADAS-Cog - Ideational Praxis Summary Score
C100232,CDISC ADAS-Cog - Ideational Praxis Summary Score,ADCIP;Ideational Praxis;CDISC ADAS-Cog - Ideational Praxis Summary Score
C100232,CDISC ADAS-Cog - Ideational Praxis Summary Score,ADCIP;Ideational Praxis;CDISC ADAS-Cog - Ideational Praxis Summary Score
C100232,CDISC ADAS-Cog - Ideational Praxis Summary Score,ADCIP;Ideational Praxis;CDISC ADAS-Cog - Ideational Praxis Summary Score
C100232,CDISC ADAS-Cog - Ideational Praxis Summary Score,ADCIP;Ideational Praxis;CDISC ADAS-Cog - Ideational Praxis Summary Score
C100232,CDISC ADAS-Cog - Ideational Praxis Summary Score,ADCIP;Ideational Praxis;CDISC ADAS-Cog - Ideational Praxis Summary Score
C100232,CDISC ADAS-Cog - Ideational Praxis Summary Score,ADCIP;Ideational Praxis;CDISC ADAS-Cog - Ideational Praxis Summary Score
C100232,CDISC ADAS-Cog - Ideational Praxis Summary Score,ADCIP;Ideational Praxis;CDISC ADAS-Cog - Ideational Praxis Summary Score
C100236,CDISC ADAS-Cog - Ideational Praxis: Address,ADCIP04;Ideational Praxis: Address;CDISC ADAS-Cog - Ideational Praxis: Address
C100236,CDISC ADAS-Cog - Ideational Praxis: Address,ADCIP04;Ideational Praxis: Address;CDISC ADAS-Cog - Ideational Praxis: Address
C100236,CDISC ADAS-Cog - Ideational Praxis: Address,ADCIP04;Ideational Praxis: Address;CDISC ADAS-Cog - Ideational Praxis: Address
C100236,CDISC ADAS-Cog - Ideational Praxis: Address,ADCIP04;Ideational Praxis: Address;CDISC ADAS-Cog - Ideational Praxis: Address
C100236,CDISC ADAS-Cog - Ideational Praxis: Address,ADCIP04;Ideational Praxis: Address;CDISC ADAS-Cog - Ideational Praxis: Address
C100236,CDISC ADAS-Cog - Ideational Praxis: Address,ADCIP04;Ideational Praxis: Address;CDISC ADAS-Cog - Ideational Praxis: Address
C100236,CDISC ADAS-Cog - Ideational Praxis: Address,ADCIP04;Ideational Praxis: Address;CDISC ADAS-Cog - Ideational Praxis: Address
C100236,CDISC ADAS-Cog - Ideational Praxis: Address,ADCIP04;Ideational Praxis: Address;CDISC ADAS-Cog - Ideational Praxis: Address
C100233,CDISC ADAS-Cog - Ideational Praxis: Fold,ADCIP01;Ideational Praxis: Fold;CDISC ADAS-Cog - Ideational Praxis: Fold
C100233,CDISC ADAS-Cog - Ideational Praxis: Fold,ADCIP01;Ideational Praxis: Fold;CDISC ADAS-Cog - Ideational Praxis: Fold
C100233,CDISC ADAS-Cog - Ideational Praxis: Fold,ADCIP01;Ideational Praxis: Fold;CDISC ADAS-Cog - Ideational Praxis: Fold
C100233,CDISC ADAS-Cog - Ideational Praxis: Fold,ADCIP01;Ideational Praxis: Fold;CDISC ADAS-Cog - Ideational Praxis: Fold
C100233,CDISC ADAS-Cog - Ideational Praxis: Fold,ADCIP01;Ideational Praxis: Fold;CDISC ADAS-Cog - Ideational Praxis: Fold
C100233,CDISC ADAS-Cog - Ideational Praxis: Fold,ADCIP01;Ideational Praxis: Fold;CDISC ADAS-Cog - Ideational Praxis: Fold
C100233,CDISC ADAS-Cog - Ideational Praxis: Fold,ADCIP01;Ideational Praxis: Fold;CDISC ADAS-Cog - Ideational Praxis: Fold
C100233,CDISC ADAS-Cog - Ideational Praxis: Fold,ADCIP01;Ideational Praxis: Fold;CDISC ADAS-Cog - Ideational Praxis: Fold
C100234,CDISC ADAS-Cog - Ideational Praxis: Insert,ADCIP02;Ideational Praxis: Insert;CDISC ADAS-Cog - Ideational Praxis: Insert
C100234,CDISC ADAS-Cog - Ideational Praxis: Insert,ADCIP02;Ideational Praxis: Insert;CDISC ADAS-Cog - Ideational Praxis: Insert
C100234,CDISC ADAS-Cog - Ideational Praxis: Insert,ADCIP02;Ideational Praxis: Insert;CDISC ADAS-Cog - Ideational Praxis: Insert
C100234,CDISC ADAS-Cog - Ideational Praxis: Insert,ADCIP02;Ideational Praxis: Insert;CDISC ADAS-Cog - Ideational Praxis: Insert
C100234,CDISC ADAS-Cog - Ideational Praxis: Insert,ADCIP02;Ideational Praxis: Insert;CDISC ADAS-Cog - Ideational Praxis: Insert
C100234,CDISC ADAS-Cog - Ideational Praxis: Insert,ADCIP02;Ideational Praxis: Insert;CDISC ADAS-Cog - Ideational Praxis: Insert
C100234,CDISC ADAS-Cog - Ideational Praxis: Insert,ADCIP02;Ideational Praxis: Insert;CDISC ADAS-Cog - Ideational Praxis: Insert
C100234,CDISC ADAS-Cog - Ideational Praxis: Insert,ADCIP02;Ideational Praxis: Insert;CDISC ADAS-Cog - Ideational Praxis: Insert
C100235,CDISC ADAS-Cog - Ideational Praxis: Seal,ADCIP03;Ideational Praxis: Seal;CDISC ADAS-Cog - Ideational Praxis: Seal
C100235,CDISC ADAS-Cog - Ideational Praxis: Seal,ADCIP03;Ideational Praxis: Seal;CDISC ADAS-Cog - Ideational Praxis: Seal
C100235,CDISC ADAS-Cog - Ideational Praxis: Seal,ADCIP03;Ideational Praxis: Seal;CDISC ADAS-Cog - Ideational Praxis: Seal
C100235,CDISC ADAS-Cog - Ideational Praxis: Seal,ADCIP03;Ideational Praxis: Seal;CDISC ADAS-Cog - Ideational Praxis: Seal
C100235,CDISC ADAS-Cog - Ideational Praxis: Seal,ADCIP03;Ideational Praxis: Seal;CDISC ADAS-Cog - Ideational Praxis: Seal
C100235,CDISC ADAS-Cog - Ideational Praxis: Seal,ADCIP03;Ideational Praxis: Seal;CDISC ADAS-Cog - Ideational Praxis: Seal
C100235,CDISC ADAS-Cog - Ideational Praxis: Seal,ADCIP03;Ideational Praxis: Seal;CDISC ADAS-Cog - Ideational Praxis: Seal
C100235,CDISC ADAS-Cog - Ideational Praxis: Seal,ADCIP03;Ideational Praxis: Seal;CDISC ADAS-Cog - Ideational Praxis: Seal
C100237,CDISC ADAS-Cog - Ideational Praxis: Stamp,ADCIP05;Ideational Praxis: Stamp;CDISC ADAS-Cog - Ideational Praxis: Stamp
C100237,CDISC ADAS-Cog - Ideational Praxis: Stamp,ADCIP05;Ideational Praxis: Stamp;CDISC ADAS-Cog - Ideational Praxis: Stamp
C100237,CDISC ADAS-Cog - Ideational Praxis: Stamp,ADCIP05;Ideational Praxis: Stamp;CDISC ADAS-Cog - Ideational Praxis: Stamp
C100237,CDISC ADAS-Cog - Ideational Praxis: Stamp,ADCIP05;Ideational Praxis: Stamp;CDISC ADAS-Cog - Ideational Praxis: Stamp
C100237,CDISC ADAS-Cog - Ideational Praxis: Stamp,ADCIP05;Ideational Praxis: Stamp;CDISC ADAS-Cog - Ideational Praxis: Stamp
C100237,CDISC ADAS-Cog - Ideational Praxis: Stamp,ADCIP05;Ideational Praxis: Stamp;CDISC ADAS-Cog - Ideational Praxis: Stamp
C100237,CDISC ADAS-Cog - Ideational Praxis: Stamp,ADCIP05;Ideational Praxis: Stamp;CDISC ADAS-Cog - Ideational Praxis: Stamp
C100237,CDISC ADAS-Cog - Ideational Praxis: Stamp,ADCIP05;Ideational Praxis: Stamp;CDISC ADAS-Cog - Ideational Praxis: Stamp
C100191,CDISC ADAS-Cog - Naming Objects and Fingers Summary Score,ADCOF;Naming Objects and Fingers;CDISC ADAS-Cog - Naming Objects and Fingers Summary Score
C100191,CDISC ADAS-Cog - Naming Objects and Fingers Summary Score,ADCOF;Naming Objects and Fingers;CDISC ADAS-Cog - Naming Objects and Fingers Summary Score
C100191,CDISC ADAS-Cog - Naming Objects and Fingers Summary Score,ADCOF;Naming Objects and Fingers;CDISC ADAS-Cog - Naming Objects and Fingers Summary Score
C100191,CDISC ADAS-Cog - Naming Objects and Fingers Summary Score,ADCOF;Naming Objects and Fingers;CDISC ADAS-Cog - Naming Objects and Fingers Summary Score
C100191,CDISC ADAS-Cog - Naming Objects and Fingers Summary Score,ADCOF;Naming Objects and Fingers;CDISC ADAS-Cog - Naming Objects and Fingers Summary Score
C100191,CDISC ADAS-Cog - Naming Objects and Fingers Summary Score,ADCOF;Naming Objects and Fingers;CDISC ADAS-Cog - Naming Objects and Fingers Summary Score
C100191,CDISC ADAS-Cog - Naming Objects and Fingers Summary Score,ADCOF;Naming Objects and Fingers;CDISC ADAS-Cog - Naming Objects and Fingers Summary Score
C100191,CDISC ADAS-Cog - Naming Objects and Fingers Summary Score,ADCOF;Naming Objects and Fingers;CDISC ADAS-Cog - Naming Objects and Fingers Summary Score
C100192,CDISC ADAS-Cog - Naming Objects and Fingers: 1,ADCOFO01;Naming Objects and Fingers: 1;CDISC ADAS-Cog - Naming Objects and Fingers: 1
C100192,CDISC ADAS-Cog - Naming Objects and Fingers: 1,ADCOFO01;Naming Objects and Fingers: 1;CDISC ADAS-Cog - Naming Objects and Fingers: 1
C100192,CDISC ADAS-Cog - Naming Objects and Fingers: 1,ADCOFO01;Naming Objects and Fingers: 1;CDISC ADAS-Cog - Naming Objects and Fingers: 1
C100192,CDISC ADAS-Cog - Naming Objects and Fingers: 1,ADCOFO01;Naming Objects and Fingers: 1;CDISC ADAS-Cog - Naming Objects and Fingers: 1
C100192,CDISC ADAS-Cog - Naming Objects and Fingers: 1,ADCOFO01;Naming Objects and Fingers: 1;CDISC ADAS-Cog - Naming Objects and Fingers: 1
C100192,CDISC ADAS-Cog - Naming Objects and Fingers: 1,ADCOFO01;Naming Objects and Fingers: 1;CDISC ADAS-Cog - Naming Objects and Fingers: 1
C100192,CDISC ADAS-Cog - Naming Objects and Fingers: 1,ADCOFO01;Naming Objects and Fingers: 1;CDISC ADAS-Cog - Naming Objects and Fingers: 1
C100192,CDISC ADAS-Cog - Naming Objects and Fingers: 1,ADCOFO01;Naming Objects and Fingers: 1;CDISC ADAS-Cog - Naming Objects and Fingers: 1
C100201,CDISC ADAS-Cog - Naming Objects and Fingers: 10,ADCOFO10;Naming Objects and Fingers: 10;CDISC ADAS-Cog - Naming Objects and Fingers: 10
C100201,CDISC ADAS-Cog - Naming Objects and Fingers: 10,ADCOFO10;Naming Objects and Fingers: 10;CDISC ADAS-Cog - Naming Objects and Fingers: 10
C100201,CDISC ADAS-Cog - Naming Objects and Fingers: 10,ADCOFO10;Naming Objects and Fingers: 10;CDISC ADAS-Cog - Naming Objects and Fingers: 10
C100201,CDISC ADAS-Cog - Naming Objects and Fingers: 10,ADCOFO10;Naming Objects and Fingers: 10;CDISC ADAS-Cog - Naming Objects and Fingers: 10
C100201,CDISC ADAS-Cog - Naming Objects and Fingers: 10,ADCOFO10;Naming Objects and Fingers: 10;CDISC ADAS-Cog - Naming Objects and Fingers: 10
C100201,CDISC ADAS-Cog - Naming Objects and Fingers: 10,ADCOFO10;Naming Objects and Fingers: 10;CDISC ADAS-Cog - Naming Objects and Fingers: 10
C100201,CDISC ADAS-Cog - Naming Objects and Fingers: 10,ADCOFO10;Naming Objects and Fingers: 10;CDISC ADAS-Cog - Naming Objects and Fingers: 10
C100201,CDISC ADAS-Cog - Naming Objects and Fingers: 10,ADCOFO10;Naming Objects and Fingers: 10;CDISC ADAS-Cog - Naming Objects and Fingers: 10
C100202,CDISC ADAS-Cog - Naming Objects and Fingers: 11,ADCOFO11;Naming Objects and Fingers: 11;CDISC ADAS-Cog - Naming Objects and Fingers: 11
C100202,CDISC ADAS-Cog - Naming Objects and Fingers: 11,ADCOFO11;Naming Objects and Fingers: 11;CDISC ADAS-Cog - Naming Objects and Fingers: 11
C100202,CDISC ADAS-Cog - Naming Objects and Fingers: 11,ADCOFO11;Naming Objects and Fingers: 11;CDISC ADAS-Cog - Naming Objects and Fingers: 11
C100202,CDISC ADAS-Cog - Naming Objects and Fingers: 11,ADCOFO11;Naming Objects and Fingers: 11;CDISC ADAS-Cog - Naming Objects and Fingers: 11
C100202,CDISC ADAS-Cog - Naming Objects and Fingers: 11,ADCOFO11;Naming Objects and Fingers: 11;CDISC ADAS-Cog - Naming Objects and Fingers: 11
C100202,CDISC ADAS-Cog - Naming Objects and Fingers: 11,ADCOFO11;Naming Objects and Fingers: 11;CDISC ADAS-Cog - Naming Objects and Fingers: 11
C100202,CDISC ADAS-Cog - Naming Objects and Fingers: 11,ADCOFO11;Naming Objects and Fingers: 11;CDISC ADAS-Cog - Naming Objects and Fingers: 11
C100202,CDISC ADAS-Cog - Naming Objects and Fingers: 11,ADCOFO11;Naming Objects and Fingers: 11;CDISC ADAS-Cog - Naming Objects and Fingers: 11
C100203,CDISC ADAS-Cog - Naming Objects and Fingers: 12,ADCOFO12;Naming Objects and Fingers: 12;CDISC ADAS-Cog - Naming Objects and Fingers: 12
C100203,CDISC ADAS-Cog - Naming Objects and Fingers: 12,ADCOFO12;Naming Objects and Fingers: 12;CDISC ADAS-Cog - Naming Objects and Fingers: 12
C100203,CDISC ADAS-Cog - Naming Objects and Fingers: 12,ADCOFO12;Naming Objects and Fingers: 12;CDISC ADAS-Cog - Naming Objects and Fingers: 12
C100203,CDISC ADAS-Cog - Naming Objects and Fingers: 12,ADCOFO12;Naming Objects and Fingers: 12;CDISC ADAS-Cog - Naming Objects and Fingers: 12
C100203,CDISC ADAS-Cog - Naming Objects and Fingers: 12,ADCOFO12;Naming Objects and Fingers: 12;CDISC ADAS-Cog - Naming Objects and Fingers: 12
C100203,CDISC ADAS-Cog - Naming Objects and Fingers: 12,ADCOFO12;Naming Objects and Fingers: 12;CDISC ADAS-Cog - Naming Objects and Fingers: 12
C100203,CDISC ADAS-Cog - Naming Objects and Fingers: 12,ADCOFO12;Naming Objects and Fingers: 12;CDISC ADAS-Cog - Naming Objects and Fingers: 12
C100203,CDISC ADAS-Cog - Naming Objects and Fingers: 12,ADCOFO12;Naming Objects and Fingers: 12;CDISC ADAS-Cog - Naming Objects and Fingers: 12
C100193,CDISC ADAS-Cog - Naming Objects and Fingers: 2,ADCOFO02;Naming Objects and Fingers: 2;CDISC ADAS-Cog - Naming Objects and Fingers: 2
C100193,CDISC ADAS-Cog - Naming Objects and Fingers: 2,ADCOFO02;Naming Objects and Fingers: 2;CDISC ADAS-Cog - Naming Objects and Fingers: 2
C100193,CDISC ADAS-Cog - Naming Objects and Fingers: 2,ADCOFO02;Naming Objects and Fingers: 2;CDISC ADAS-Cog - Naming Objects and Fingers: 2
C100193,CDISC ADAS-Cog - Naming Objects and Fingers: 2,ADCOFO02;Naming Objects and Fingers: 2;CDISC ADAS-Cog - Naming Objects and Fingers: 2
C100193,CDISC ADAS-Cog - Naming Objects and Fingers: 2,ADCOFO02;Naming Objects and Fingers: 2;CDISC ADAS-Cog - Naming Objects and Fingers: 2
C100193,CDISC ADAS-Cog - Naming Objects and Fingers: 2,ADCOFO02;Naming Objects and Fingers: 2;CDISC ADAS-Cog - Naming Objects and Fingers: 2
C100193,CDISC ADAS-Cog - Naming Objects and Fingers: 2,ADCOFO02;Naming Objects and Fingers: 2;CDISC ADAS-Cog - Naming Objects and Fingers: 2
C100193,CDISC ADAS-Cog - Naming Objects and Fingers: 2,ADCOFO02;Naming Objects and Fingers: 2;CDISC ADAS-Cog - Naming Objects and Fingers: 2
C100194,CDISC ADAS-Cog - Naming Objects and Fingers: 3,ADCOFO03;Naming Objects and Fingers: 3;CDISC ADAS-Cog - Naming Objects and Fingers: 3
C100194,CDISC ADAS-Cog - Naming Objects and Fingers: 3,ADCOFO03;Naming Objects and Fingers: 3;CDISC ADAS-Cog - Naming Objects and Fingers: 3
C100194,CDISC ADAS-Cog - Naming Objects and Fingers: 3,ADCOFO03;Naming Objects and Fingers: 3;CDISC ADAS-Cog - Naming Objects and Fingers: 3
C100194,CDISC ADAS-Cog - Naming Objects and Fingers: 3,ADCOFO03;Naming Objects and Fingers: 3;CDISC ADAS-Cog - Naming Objects and Fingers: 3
C100194,CDISC ADAS-Cog - Naming Objects and Fingers: 3,ADCOFO03;Naming Objects and Fingers: 3;CDISC ADAS-Cog - Naming Objects and Fingers: 3
C100194,CDISC ADAS-Cog - Naming Objects and Fingers: 3,ADCOFO03;Naming Objects and Fingers: 3;CDISC ADAS-Cog - Naming Objects and Fingers: 3
C100194,CDISC ADAS-Cog - Naming Objects and Fingers: 3,ADCOFO03;Naming Objects and Fingers: 3;CDISC ADAS-Cog - Naming Objects and Fingers: 3
C100194,CDISC ADAS-Cog - Naming Objects and Fingers: 3,ADCOFO03;Naming Objects and Fingers: 3;CDISC ADAS-Cog - Naming Objects and Fingers: 3
C100195,CDISC ADAS-Cog - Naming Objects and Fingers: 4,ADCOFO04;Naming Objects and Fingers: 4;CDISC ADAS-Cog - Naming Objects and Fingers: 4
C100195,CDISC ADAS-Cog - Naming Objects and Fingers: 4,ADCOFO04;Naming Objects and Fingers: 4;CDISC ADAS-Cog - Naming Objects and Fingers: 4
C100195,CDISC ADAS-Cog - Naming Objects and Fingers: 4,ADCOFO04;Naming Objects and Fingers: 4;CDISC ADAS-Cog - Naming Objects and Fingers: 4
C100195,CDISC ADAS-Cog - Naming Objects and Fingers: 4,ADCOFO04;Naming Objects and Fingers: 4;CDISC ADAS-Cog - Naming Objects and Fingers: 4
C100195,CDISC ADAS-Cog - Naming Objects and Fingers: 4,ADCOFO04;Naming Objects and Fingers: 4;CDISC ADAS-Cog - Naming Objects and Fingers: 4
C100195,CDISC ADAS-Cog - Naming Objects and Fingers: 4,ADCOFO04;Naming Objects and Fingers: 4;CDISC ADAS-Cog - Naming Objects and Fingers: 4
C100195,CDISC ADAS-Cog - Naming Objects and Fingers: 4,ADCOFO04;Naming Objects and Fingers: 4;CDISC ADAS-Cog - Naming Objects and Fingers: 4
C100195,CDISC ADAS-Cog - Naming Objects and Fingers: 4,ADCOFO04;Naming Objects and Fingers: 4;CDISC ADAS-Cog - Naming Objects and Fingers: 4
C100196,CDISC ADAS-Cog - Naming Objects and Fingers: 5,ADCOFO05;Naming Objects and Fingers: 5;CDISC ADAS-Cog - Naming Objects and Fingers: 5
C100196,CDISC ADAS-Cog - Naming Objects and Fingers: 5,ADCOFO05;Naming Objects and Fingers: 5;CDISC ADAS-Cog - Naming Objects and Fingers: 5
C100196,CDISC ADAS-Cog - Naming Objects and Fingers: 5,ADCOFO05;Naming Objects and Fingers: 5;CDISC ADAS-Cog - Naming Objects and Fingers: 5
C100196,CDISC ADAS-Cog - Naming Objects and Fingers: 5,ADCOFO05;Naming Objects and Fingers: 5;CDISC ADAS-Cog - Naming Objects and Fingers: 5
C100196,CDISC ADAS-Cog - Naming Objects and Fingers: 5,ADCOFO05;Naming Objects and Fingers: 5;CDISC ADAS-Cog - Naming Objects and Fingers: 5
C100196,CDISC ADAS-Cog - Naming Objects and Fingers: 5,ADCOFO05;Naming Objects and Fingers: 5;CDISC ADAS-Cog - Naming Objects and Fingers: 5
C100196,CDISC ADAS-Cog - Naming Objects and Fingers: 5,ADCOFO05;Naming Objects and Fingers: 5;CDISC ADAS-Cog - Naming Objects and Fingers: 5
C100196,CDISC ADAS-Cog - Naming Objects and Fingers: 5,ADCOFO05;Naming Objects and Fingers: 5;CDISC ADAS-Cog - Naming Objects and Fingers: 5
C100197,CDISC ADAS-Cog - Naming Objects and Fingers: 6,ADCOFO06;Naming Objects and Fingers: 6;CDISC ADAS-Cog - Naming Objects and Fingers: 6
C100197,CDISC ADAS-Cog - Naming Objects and Fingers: 6,ADCOFO06;Naming Objects and Fingers: 6;CDISC ADAS-Cog - Naming Objects and Fingers: 6
C100197,CDISC ADAS-Cog - Naming Objects and Fingers: 6,ADCOFO06;Naming Objects and Fingers: 6;CDISC ADAS-Cog - Naming Objects and Fingers: 6
C100197,CDISC ADAS-Cog - Naming Objects and Fingers: 6,ADCOFO06;Naming Objects and Fingers: 6;CDISC ADAS-Cog - Naming Objects and Fingers: 6
C100197,CDISC ADAS-Cog - Naming Objects and Fingers: 6,ADCOFO06;Naming Objects and Fingers: 6;CDISC ADAS-Cog - Naming Objects and Fingers: 6
C100197,CDISC ADAS-Cog - Naming Objects and Fingers: 6,ADCOFO06;Naming Objects and Fingers: 6;CDISC ADAS-Cog - Naming Objects and Fingers: 6
C100197,CDISC ADAS-Cog - Naming Objects and Fingers: 6,ADCOFO06;Naming Objects and Fingers: 6;CDISC ADAS-Cog - Naming Objects and Fingers: 6
C100197,CDISC ADAS-Cog - Naming Objects and Fingers: 6,ADCOFO06;Naming Objects and Fingers: 6;CDISC ADAS-Cog - Naming Objects and Fingers: 6
C100198,CDISC ADAS-Cog - Naming Objects and Fingers: 7,ADCOFO07;Naming Objects and Fingers: 7;CDISC ADAS-Cog - Naming Objects and Fingers: 7
C100198,CDISC ADAS-Cog - Naming Objects and Fingers: 7,ADCOFO07;Naming Objects and Fingers: 7;CDISC ADAS-Cog - Naming Objects and Fingers: 7
C100198,CDISC ADAS-Cog - Naming Objects and Fingers: 7,ADCOFO07;Naming Objects and Fingers: 7;CDISC ADAS-Cog - Naming Objects and Fingers: 7
C100198,CDISC ADAS-Cog - Naming Objects and Fingers: 7,ADCOFO07;Naming Objects and Fingers: 7;CDISC ADAS-Cog - Naming Objects and Fingers: 7
C100198,CDISC ADAS-Cog - Naming Objects and Fingers: 7,ADCOFO07;Naming Objects and Fingers: 7;CDISC ADAS-Cog - Naming Objects and Fingers: 7
C100198,CDISC ADAS-Cog - Naming Objects and Fingers: 7,ADCOFO07;Naming Objects and Fingers: 7;CDISC ADAS-Cog - Naming Objects and Fingers: 7
C100198,CDISC ADAS-Cog - Naming Objects and Fingers: 7,ADCOFO07;Naming Objects and Fingers: 7;CDISC ADAS-Cog - Naming Objects and Fingers: 7
C100198,CDISC ADAS-Cog - Naming Objects and Fingers: 7,ADCOFO07;Naming Objects and Fingers: 7;CDISC ADAS-Cog - Naming Objects and Fingers: 7
C100199,CDISC ADAS-Cog - Naming Objects and Fingers: 8,ADCOFO08;Naming Objects and Fingers: 8;CDISC ADAS-Cog - Naming Objects and Fingers: 8
C100199,CDISC ADAS-Cog - Naming Objects and Fingers: 8,ADCOFO08;Naming Objects and Fingers: 8;CDISC ADAS-Cog - Naming Objects and Fingers: 8
C100199,CDISC ADAS-Cog - Naming Objects and Fingers: 8,ADCOFO08;Naming Objects and Fingers: 8;CDISC ADAS-Cog - Naming Objects and Fingers: 8
C100199,CDISC ADAS-Cog - Naming Objects and Fingers: 8,ADCOFO08;Naming Objects and Fingers: 8;CDISC ADAS-Cog - Naming Objects and Fingers: 8
C100199,CDISC ADAS-Cog - Naming Objects and Fingers: 8,ADCOFO08;Naming Objects and Fingers: 8;CDISC ADAS-Cog - Naming Objects and Fingers: 8
C100199,CDISC ADAS-Cog - Naming Objects and Fingers: 8,ADCOFO08;Naming Objects and Fingers: 8;CDISC ADAS-Cog - Naming Objects and Fingers: 8
C100199,CDISC ADAS-Cog - Naming Objects and Fingers: 8,ADCOFO08;Naming Objects and Fingers: 8;CDISC ADAS-Cog - Naming Objects and Fingers: 8
C100199,CDISC ADAS-Cog - Naming Objects and Fingers: 8,ADCOFO08;Naming Objects and Fingers: 8;CDISC ADAS-Cog - Naming Objects and Fingers: 8
C100200,CDISC ADAS-Cog - Naming Objects and Fingers: 9,ADCOFO09;Naming Objects and Fingers: 9;CDISC ADAS-Cog - Naming Objects and Fingers: 9
C100200,CDISC ADAS-Cog - Naming Objects and Fingers: 9,ADCOFO09;Naming Objects and Fingers: 9;CDISC ADAS-Cog - Naming Objects and Fingers: 9
C100200,CDISC ADAS-Cog - Naming Objects and Fingers: 9,ADCOFO09;Naming Objects and Fingers: 9;CDISC ADAS-Cog - Naming Objects and Fingers: 9
C100200,CDISC ADAS-Cog - Naming Objects and Fingers: 9,ADCOFO09;Naming Objects and Fingers: 9;CDISC ADAS-Cog - Naming Objects and Fingers: 9
C100200,CDISC ADAS-Cog - Naming Objects and Fingers: 9,ADCOFO09;Naming Objects and Fingers: 9;CDISC ADAS-Cog - Naming Objects and Fingers: 9
C100200,CDISC ADAS-Cog - Naming Objects and Fingers: 9,ADCOFO09;Naming Objects and Fingers: 9;CDISC ADAS-Cog - Naming Objects and Fingers: 9
C100200,CDISC ADAS-Cog - Naming Objects and Fingers: 9,ADCOFO09;Naming Objects and Fingers: 9;CDISC ADAS-Cog - Naming Objects and Fingers: 9
C100200,CDISC ADAS-Cog - Naming Objects and Fingers: 9,ADCOFO09;Naming Objects and Fingers: 9;CDISC ADAS-Cog - Naming Objects and Fingers: 9
C100206,CDISC ADAS-Cog - Naming Objects and Fingers: Middle,ADCOFF03;Naming Objects and Fingers: Middle;CDISC ADAS-Cog - Naming Objects and Fingers: Middle
C100206,CDISC ADAS-Cog - Naming Objects and Fingers: Middle,ADCOFF03;Naming Objects and Fingers: Middle;CDISC ADAS-Cog - Naming Objects and Fingers: Middle
C100206,CDISC ADAS-Cog - Naming Objects and Fingers: Middle,ADCOFF03;Naming Objects and Fingers: Middle;CDISC ADAS-Cog - Naming Objects and Fingers: Middle
C100206,CDISC ADAS-Cog - Naming Objects and Fingers: Middle,ADCOFF03;Naming Objects and Fingers: Middle;CDISC ADAS-Cog - Naming Objects and Fingers: Middle
C100206,CDISC ADAS-Cog - Naming Objects and Fingers: Middle,ADCOFF03;Naming Objects and Fingers: Middle;CDISC ADAS-Cog - Naming Objects and Fingers: Middle
C100206,CDISC ADAS-Cog - Naming Objects and Fingers: Middle,ADCOFF03;Naming Objects and Fingers: Middle;CDISC ADAS-Cog - Naming Objects and Fingers: Middle
C100206,CDISC ADAS-Cog - Naming Objects and Fingers: Middle,ADCOFF03;Naming Objects and Fingers: Middle;CDISC ADAS-Cog - Naming Objects and Fingers: Middle
C100206,CDISC ADAS-Cog - Naming Objects and Fingers: Middle,ADCOFF03;Naming Objects and Fingers: Middle;CDISC ADAS-Cog - Naming Objects and Fingers: Middle
C100208,CDISC ADAS-Cog - Naming Objects and Fingers: Pinky,ADCOFF05;Naming Objects and Fingers: Pinky;CDISC ADAS-Cog - Naming Objects and Fingers: Pinky
C100208,CDISC ADAS-Cog - Naming Objects and Fingers: Pinky,ADCOFF05;Naming Objects and Fingers: Pinky;CDISC ADAS-Cog - Naming Objects and Fingers: Pinky
C100208,CDISC ADAS-Cog - Naming Objects and Fingers: Pinky,ADCOFF05;Naming Objects and Fingers: Pinky;CDISC ADAS-Cog - Naming Objects and Fingers: Pinky
C100208,CDISC ADAS-Cog - Naming Objects and Fingers: Pinky,ADCOFF05;Naming Objects and Fingers: Pinky;CDISC ADAS-Cog - Naming Objects and Fingers: Pinky
C100208,CDISC ADAS-Cog - Naming Objects and Fingers: Pinky,ADCOFF05;Naming Objects and Fingers: Pinky;CDISC ADAS-Cog - Naming Objects and Fingers: Pinky
C100208,CDISC ADAS-Cog - Naming Objects and Fingers: Pinky,ADCOFF05;Naming Objects and Fingers: Pinky;CDISC ADAS-Cog - Naming Objects and Fingers: Pinky
C100208,CDISC ADAS-Cog - Naming Objects and Fingers: Pinky,ADCOFF05;Naming Objects and Fingers: Pinky;CDISC ADAS-Cog - Naming Objects and Fingers: Pinky
C100208,CDISC ADAS-Cog - Naming Objects and Fingers: Pinky,ADCOFF05;Naming Objects and Fingers: Pinky;CDISC ADAS-Cog - Naming Objects and Fingers: Pinky
C100205,CDISC ADAS-Cog - Naming Objects and Fingers: Pointer,ADCOFF02;Naming Objects and Fingers: Pointer;CDISC ADAS-Cog - Naming Objects and Fingers: Pointer
C100205,CDISC ADAS-Cog - Naming Objects and Fingers: Pointer,ADCOFF02;Naming Objects and Fingers: Pointer;CDISC ADAS-Cog - Naming Objects and Fingers: Pointer
C100205,CDISC ADAS-Cog - Naming Objects and Fingers: Pointer,ADCOFF02;Naming Objects and Fingers: Pointer;CDISC ADAS-Cog - Naming Objects and Fingers: Pointer
C100205,CDISC ADAS-Cog - Naming Objects and Fingers: Pointer,ADCOFF02;Naming Objects and Fingers: Pointer;CDISC ADAS-Cog - Naming Objects and Fingers: Pointer
C100205,CDISC ADAS-Cog - Naming Objects and Fingers: Pointer,ADCOFF02;Naming Objects and Fingers: Pointer;CDISC ADAS-Cog - Naming Objects and Fingers: Pointer
C100205,CDISC ADAS-Cog - Naming Objects and Fingers: Pointer,ADCOFF02;Naming Objects and Fingers: Pointer;CDISC ADAS-Cog - Naming Objects and Fingers: Pointer
C100205,CDISC ADAS-Cog - Naming Objects and Fingers: Pointer,ADCOFF02;Naming Objects and Fingers: Pointer;CDISC ADAS-Cog - Naming Objects and Fingers: Pointer
C100205,CDISC ADAS-Cog - Naming Objects and Fingers: Pointer,ADCOFF02;Naming Objects and Fingers: Pointer;CDISC ADAS-Cog - Naming Objects and Fingers: Pointer
C100207,CDISC ADAS-Cog - Naming Objects and Fingers: Ring,ADCOFF04;Naming Objects and Fingers: Ring;CDISC ADAS-Cog - Naming Objects and Fingers: Ring
C100207,CDISC ADAS-Cog - Naming Objects and Fingers: Ring,ADCOFF04;Naming Objects and Fingers: Ring;CDISC ADAS-Cog - Naming Objects and Fingers: Ring
C100207,CDISC ADAS-Cog - Naming Objects and Fingers: Ring,ADCOFF04;Naming Objects and Fingers: Ring;CDISC ADAS-Cog - Naming Objects and Fingers: Ring
C100207,CDISC ADAS-Cog - Naming Objects and Fingers: Ring,ADCOFF04;Naming Objects and Fingers: Ring;CDISC ADAS-Cog - Naming Objects and Fingers: Ring
C100207,CDISC ADAS-Cog - Naming Objects and Fingers: Ring,ADCOFF04;Naming Objects and Fingers: Ring;CDISC ADAS-Cog - Naming Objects and Fingers: Ring
C100207,CDISC ADAS-Cog - Naming Objects and Fingers: Ring,ADCOFF04;Naming Objects and Fingers: Ring;CDISC ADAS-Cog - Naming Objects and Fingers: Ring
C100207,CDISC ADAS-Cog - Naming Objects and Fingers: Ring,ADCOFF04;Naming Objects and Fingers: Ring;CDISC ADAS-Cog - Naming Objects and Fingers: Ring
C100207,CDISC ADAS-Cog - Naming Objects and Fingers: Ring,ADCOFF04;Naming Objects and Fingers: Ring;CDISC ADAS-Cog - Naming Objects and Fingers: Ring
C100204,CDISC ADAS-Cog - Naming Objects and Fingers: Thumb,ADCOFF01;Naming Objects and Fingers: Thumb;CDISC ADAS-Cog - Naming Objects and Fingers: Thumb
C100204,CDISC ADAS-Cog - Naming Objects and Fingers: Thumb,ADCOFF01;Naming Objects and Fingers: Thumb;CDISC ADAS-Cog - Naming Objects and Fingers: Thumb
C100204,CDISC ADAS-Cog - Naming Objects and Fingers: Thumb,ADCOFF01;Naming Objects and Fingers: Thumb;CDISC ADAS-Cog - Naming Objects and Fingers: Thumb
C100204,CDISC ADAS-Cog - Naming Objects and Fingers: Thumb,ADCOFF01;Naming Objects and Fingers: Thumb;CDISC ADAS-Cog - Naming Objects and Fingers: Thumb
C100204,CDISC ADAS-Cog - Naming Objects and Fingers: Thumb,ADCOFF01;Naming Objects and Fingers: Thumb;CDISC ADAS-Cog - Naming Objects and Fingers: Thumb
C100204,CDISC ADAS-Cog - Naming Objects and Fingers: Thumb,ADCOFF01;Naming Objects and Fingers: Thumb;CDISC ADAS-Cog - Naming Objects and Fingers: Thumb
C100204,CDISC ADAS-Cog - Naming Objects and Fingers: Thumb,ADCOFF01;Naming Objects and Fingers: Thumb;CDISC ADAS-Cog - Naming Objects and Fingers: Thumb
C100204,CDISC ADAS-Cog - Naming Objects and Fingers: Thumb,ADCOFF01;Naming Objects and Fingers: Thumb;CDISC ADAS-Cog - Naming Objects and Fingers: Thumb
C100280,CDISC ADAS-Cog - Number Cancellation Summary Score,ADCNC;Number Cancellation;CDISC ADAS-Cog - Number Cancellation Summary Score
C100280,CDISC ADAS-Cog - Number Cancellation Summary Score,ADCNC;Number Cancellation;CDISC ADAS-Cog - Number Cancellation Summary Score
C100280,CDISC ADAS-Cog - Number Cancellation Summary Score,ADCNC;Number Cancellation;CDISC ADAS-Cog - Number Cancellation Summary Score
C100280,CDISC ADAS-Cog - Number Cancellation Summary Score,ADCNC;Number Cancellation;CDISC ADAS-Cog - Number Cancellation Summary Score
C100280,CDISC ADAS-Cog - Number Cancellation Summary Score,ADCNC;Number Cancellation;CDISC ADAS-Cog - Number Cancellation Summary Score
C100280,CDISC ADAS-Cog - Number Cancellation Summary Score,ADCNC;Number Cancellation;CDISC ADAS-Cog - Number Cancellation Summary Score
C100280,CDISC ADAS-Cog - Number Cancellation Summary Score,ADCNC;Number Cancellation;CDISC ADAS-Cog - Number Cancellation Summary Score
C100280,CDISC ADAS-Cog - Number Cancellation Summary Score,ADCNC;Number Cancellation;CDISC ADAS-Cog - Number Cancellation Summary Score
C100281,CDISC ADAS-Cog - Number Cancellation: Correct,ADCNC01;Number Cancellation: Correct;CDISC ADAS-Cog - Number Cancellation: Correct
C100281,CDISC ADAS-Cog - Number Cancellation: Correct,ADCNC01;Number Cancellation: Correct;CDISC ADAS-Cog - Number Cancellation: Correct
C100281,CDISC ADAS-Cog - Number Cancellation: Correct,ADCNC01;Number Cancellation: Correct;CDISC ADAS-Cog - Number Cancellation: Correct
C100281,CDISC ADAS-Cog - Number Cancellation: Correct,ADCNC01;Number Cancellation: Correct;CDISC ADAS-Cog - Number Cancellation: Correct
C100281,CDISC ADAS-Cog - Number Cancellation: Correct,ADCNC01;Number Cancellation: Correct;CDISC ADAS-Cog - Number Cancellation: Correct
C100281,CDISC ADAS-Cog - Number Cancellation: Correct,ADCNC01;Number Cancellation: Correct;CDISC ADAS-Cog - Number Cancellation: Correct
C100281,CDISC ADAS-Cog - Number Cancellation: Correct,ADCNC01;Number Cancellation: Correct;CDISC ADAS-Cog - Number Cancellation: Correct
C100281,CDISC ADAS-Cog - Number Cancellation: Correct,ADCNC01;Number Cancellation: Correct;CDISC ADAS-Cog - Number Cancellation: Correct
C100282,CDISC ADAS-Cog - Number Cancellation: Errors,ADCNC02;Number Cancellation: Errors;CDISC ADAS-Cog - Number Cancellation: Errors
C100282,CDISC ADAS-Cog - Number Cancellation: Errors,ADCNC02;Number Cancellation: Errors;CDISC ADAS-Cog - Number Cancellation: Errors
C100282,CDISC ADAS-Cog - Number Cancellation: Errors,ADCNC02;Number Cancellation: Errors;CDISC ADAS-Cog - Number Cancellation: Errors
C100282,CDISC ADAS-Cog - Number Cancellation: Errors,ADCNC02;Number Cancellation: Errors;CDISC ADAS-Cog - Number Cancellation: Errors
C100282,CDISC ADAS-Cog - Number Cancellation: Errors,ADCNC02;Number Cancellation: Errors;CDISC ADAS-Cog - Number Cancellation: Errors
C100282,CDISC ADAS-Cog - Number Cancellation: Errors,ADCNC02;Number Cancellation: Errors;CDISC ADAS-Cog - Number Cancellation: Errors
C100282,CDISC ADAS-Cog - Number Cancellation: Errors,ADCNC02;Number Cancellation: Errors;CDISC ADAS-Cog - Number Cancellation: Errors
C100282,CDISC ADAS-Cog - Number Cancellation: Errors,ADCNC02;Number Cancellation: Errors;CDISC ADAS-Cog - Number Cancellation: Errors
C100283,CDISC ADAS-Cog - Number Cancellation: Remind,ADCNC03;Number Cancellation: Remind;CDISC ADAS-Cog - Number Cancellation: Remind
C100283,CDISC ADAS-Cog - Number Cancellation: Remind,ADCNC03;Number Cancellation: Remind;CDISC ADAS-Cog - Number Cancellation: Remind
C100283,CDISC ADAS-Cog - Number Cancellation: Remind,ADCNC03;Number Cancellation: Remind;CDISC ADAS-Cog - Number Cancellation: Remind
C100283,CDISC ADAS-Cog - Number Cancellation: Remind,ADCNC03;Number Cancellation: Remind;CDISC ADAS-Cog - Number Cancellation: Remind
C100283,CDISC ADAS-Cog - Number Cancellation: Remind,ADCNC03;Number Cancellation: Remind;CDISC ADAS-Cog - Number Cancellation: Remind
C100283,CDISC ADAS-Cog - Number Cancellation: Remind,ADCNC03;Number Cancellation: Remind;CDISC ADAS-Cog - Number Cancellation: Remind
C100283,CDISC ADAS-Cog - Number Cancellation: Remind,ADCNC03;Number Cancellation: Remind;CDISC ADAS-Cog - Number Cancellation: Remind
C100283,CDISC ADAS-Cog - Number Cancellation: Remind,ADCNC03;Number Cancellation: Remind;CDISC ADAS-Cog - Number Cancellation: Remind
C100238,CDISC ADAS-Cog - Orientation Summary Score,ADCOR;Orientation;CDISC ADAS-Cog - Orientation Summary Score
C100238,CDISC ADAS-Cog - Orientation Summary Score,ADCOR;Orientation;CDISC ADAS-Cog - Orientation Summary Score
C100238,CDISC ADAS-Cog - Orientation Summary Score,ADCOR;Orientation;CDISC ADAS-Cog - Orientation Summary Score
C100238,CDISC ADAS-Cog - Orientation Summary Score,ADCOR;Orientation;CDISC ADAS-Cog - Orientation Summary Score
C100238,CDISC ADAS-Cog - Orientation Summary Score,ADCOR;Orientation;CDISC ADAS-Cog - Orientation Summary Score
C100238,CDISC ADAS-Cog - Orientation Summary Score,ADCOR;Orientation;CDISC ADAS-Cog - Orientation Summary Score
C100238,CDISC ADAS-Cog - Orientation Summary Score,ADCOR;Orientation;CDISC ADAS-Cog - Orientation Summary Score
C100238,CDISC ADAS-Cog - Orientation Summary Score,ADCOR;Orientation;CDISC ADAS-Cog - Orientation Summary Score
C100241,CDISC ADAS-Cog - Orientation: Date,ADCOR03;Orientation: Date;CDISC ADAS-Cog - Orientation: Date
C100241,CDISC ADAS-Cog - Orientation: Date,ADCOR03;Orientation: Date;CDISC ADAS-Cog - Orientation: Date
C100241,CDISC ADAS-Cog - Orientation: Date,ADCOR03;Orientation: Date;CDISC ADAS-Cog - Orientation: Date
C100241,CDISC ADAS-Cog - Orientation: Date,ADCOR03;Orientation: Date;CDISC ADAS-Cog - Orientation: Date
C100241,CDISC ADAS-Cog - Orientation: Date,ADCOR03;Orientation: Date;CDISC ADAS-Cog - Orientation: Date
C100241,CDISC ADAS-Cog - Orientation: Date,ADCOR03;Orientation: Date;CDISC ADAS-Cog - Orientation: Date
C100241,CDISC ADAS-Cog - Orientation: Date,ADCOR03;Orientation: Date;CDISC ADAS-Cog - Orientation: Date
C100241,CDISC ADAS-Cog - Orientation: Date,ADCOR03;Orientation: Date;CDISC ADAS-Cog - Orientation: Date
C100243,CDISC ADAS-Cog - Orientation: Day of Week,ADCOR05;Orientation: Day of Week;CDISC ADAS-Cog - Orientation: Day of Week
C100243,CDISC ADAS-Cog - Orientation: Day of Week,ADCOR05;Orientation: Day of Week;CDISC ADAS-Cog - Orientation: Day of Week
C100243,CDISC ADAS-Cog - Orientation: Day of Week,ADCOR05;Orientation: Day of Week;CDISC ADAS-Cog - Orientation: Day of Week
C100243,CDISC ADAS-Cog - Orientation: Day of Week,ADCOR05;Orientation: Day of Week;CDISC ADAS-Cog - Orientation: Day of Week
C100243,CDISC ADAS-Cog - Orientation: Day of Week,ADCOR05;Orientation: Day of Week;CDISC ADAS-Cog - Orientation: Day of Week
C100243,CDISC ADAS-Cog - Orientation: Day of Week,ADCOR05;Orientation: Day of Week;CDISC ADAS-Cog - Orientation: Day of Week
C100243,CDISC ADAS-Cog - Orientation: Day of Week,ADCOR05;Orientation: Day of Week;CDISC ADAS-Cog - Orientation: Day of Week
C100243,CDISC ADAS-Cog - Orientation: Day of Week,ADCOR05;Orientation: Day of Week;CDISC ADAS-Cog - Orientation: Day of Week
C100239,CDISC ADAS-Cog - Orientation: Full Name,ADCOR01;Orientation: Full Name;CDISC ADAS-Cog - Orientation: Full Name
C100239,CDISC ADAS-Cog - Orientation: Full Name,ADCOR01;Orientation: Full Name;CDISC ADAS-Cog - Orientation: Full Name
C100239,CDISC ADAS-Cog - Orientation: Full Name,ADCOR01;Orientation: Full Name;CDISC ADAS-Cog - Orientation: Full Name
C100239,CDISC ADAS-Cog - Orientation: Full Name,ADCOR01;Orientation: Full Name;CDISC ADAS-Cog - Orientation: Full Name
C100239,CDISC ADAS-Cog - Orientation: Full Name,ADCOR01;Orientation: Full Name;CDISC ADAS-Cog - Orientation: Full Name
C100239,CDISC ADAS-Cog - Orientation: Full Name,ADCOR01;Orientation: Full Name;CDISC ADAS-Cog - Orientation: Full Name
C100239,CDISC ADAS-Cog - Orientation: Full Name,ADCOR01;Orientation: Full Name;CDISC ADAS-Cog - Orientation: Full Name
C100239,CDISC ADAS-Cog - Orientation: Full Name,ADCOR01;Orientation: Full Name;CDISC ADAS-Cog - Orientation: Full Name
C100240,CDISC ADAS-Cog - Orientation: Month,ADCOR02;Orientation: Month;CDISC ADAS-Cog - Orientation: Month
C100240,CDISC ADAS-Cog - Orientation: Month,ADCOR02;Orientation: Month;CDISC ADAS-Cog - Orientation: Month
C100240,CDISC ADAS-Cog - Orientation: Month,ADCOR02;Orientation: Month;CDISC ADAS-Cog - Orientation: Month
C100240,CDISC ADAS-Cog - Orientation: Month,ADCOR02;Orientation: Month;CDISC ADAS-Cog - Orientation: Month
C100240,CDISC ADAS-Cog - Orientation: Month,ADCOR02;Orientation: Month;CDISC ADAS-Cog - Orientation: Month
C100240,CDISC ADAS-Cog - Orientation: Month,ADCOR02;Orientation: Month;CDISC ADAS-Cog - Orientation: Month
C100240,CDISC ADAS-Cog - Orientation: Month,ADCOR02;Orientation: Month;CDISC ADAS-Cog - Orientation: Month
C100240,CDISC ADAS-Cog - Orientation: Month,ADCOR02;Orientation: Month;CDISC ADAS-Cog - Orientation: Month
C100245,CDISC ADAS-Cog - Orientation: Place,ADCOR07;Orientation: Place;CDISC ADAS-Cog - Orientation: Place
C100245,CDISC ADAS-Cog - Orientation: Place,ADCOR07;Orientation: Place;CDISC ADAS-Cog - Orientation: Place
C100245,CDISC ADAS-Cog - Orientation: Place,ADCOR07;Orientation: Place;CDISC ADAS-Cog - Orientation: Place
C100245,CDISC ADAS-Cog - Orientation: Place,ADCOR07;Orientation: Place;CDISC ADAS-Cog - Orientation: Place
C100245,CDISC ADAS-Cog - Orientation: Place,ADCOR07;Orientation: Place;CDISC ADAS-Cog - Orientation: Place
C100245,CDISC ADAS-Cog - Orientation: Place,ADCOR07;Orientation: Place;CDISC ADAS-Cog - Orientation: Place
C100245,CDISC ADAS-Cog - Orientation: Place,ADCOR07;Orientation: Place;CDISC ADAS-Cog - Orientation: Place
C100245,CDISC ADAS-Cog - Orientation: Place,ADCOR07;Orientation: Place;CDISC ADAS-Cog - Orientation: Place
C100244,CDISC ADAS-Cog - Orientation: Season,ADCOR06;Orientation: Season;CDISC ADAS-Cog - Orientation: Season
C100244,CDISC ADAS-Cog - Orientation: Season,ADCOR06;Orientation: Season;CDISC ADAS-Cog - Orientation: Season
C100244,CDISC ADAS-Cog - Orientation: Season,ADCOR06;Orientation: Season;CDISC ADAS-Cog - Orientation: Season
C100244,CDISC ADAS-Cog - Orientation: Season,ADCOR06;Orientation: Season;CDISC ADAS-Cog - Orientation: Season
C100244,CDISC ADAS-Cog - Orientation: Season,ADCOR06;Orientation: Season;CDISC ADAS-Cog - Orientation: Season
C100244,CDISC ADAS-Cog - Orientation: Season,ADCOR06;Orientation: Season;CDISC ADAS-Cog - Orientation: Season
C100244,CDISC ADAS-Cog - Orientation: Season,ADCOR06;Orientation: Season;CDISC ADAS-Cog - Orientation: Season
C100244,CDISC ADAS-Cog - Orientation: Season,ADCOR06;Orientation: Season;CDISC ADAS-Cog - Orientation: Season
C100246,CDISC ADAS-Cog - Orientation: Time,ADCOR08;Orientation: Time;CDISC ADAS-Cog - Orientation: Time
C100246,CDISC ADAS-Cog - Orientation: Time,ADCOR08;Orientation: Time;CDISC ADAS-Cog - Orientation: Time
C100246,CDISC ADAS-Cog - Orientation: Time,ADCOR08;Orientation: Time;CDISC ADAS-Cog - Orientation: Time
C100246,CDISC ADAS-Cog - Orientation: Time,ADCOR08;Orientation: Time;CDISC ADAS-Cog - Orientation: Time
C100246,CDISC ADAS-Cog - Orientation: Time,ADCOR08;Orientation: Time;CDISC ADAS-Cog - Orientation: Time
C100246,CDISC ADAS-Cog - Orientation: Time,ADCOR08;Orientation: Time;CDISC ADAS-Cog - Orientation: Time
C100246,CDISC ADAS-Cog - Orientation: Time,ADCOR08;Orientation: Time;CDISC ADAS-Cog - Orientation: Time
C100246,CDISC ADAS-Cog - Orientation: Time,ADCOR08;Orientation: Time;CDISC ADAS-Cog - Orientation: Time
C100242,CDISC ADAS-Cog - Orientation: Year,ADCOR04;Orientation: Year;CDISC ADAS-Cog - Orientation: Year
C100242,CDISC ADAS-Cog - Orientation: Year,ADCOR04;Orientation: Year;CDISC ADAS-Cog - Orientation: Year
C100242,CDISC ADAS-Cog - Orientation: Year,ADCOR04;Orientation: Year;CDISC ADAS-Cog - Orientation: Year
C100242,CDISC ADAS-Cog - Orientation: Year,ADCOR04;Orientation: Year;CDISC ADAS-Cog - Orientation: Year
C100242,CDISC ADAS-Cog - Orientation: Year,ADCOR04;Orientation: Year;CDISC ADAS-Cog - Orientation: Year
C100242,CDISC ADAS-Cog - Orientation: Year,ADCOR04;Orientation: Year;CDISC ADAS-Cog - Orientation: Year
C100242,CDISC ADAS-Cog - Orientation: Year,ADCOR04;Orientation: Year;CDISC ADAS-Cog - Orientation: Year
C100242,CDISC ADAS-Cog - Orientation: Year,ADCOR04;Orientation: Year;CDISC ADAS-Cog - Orientation: Year
C100275,CDISC ADAS-Cog - Remembering Test Instructions,ADCRI;Remembering Test Instructions;CDISC ADAS-Cog - Remembering Test Instructions
C100275,CDISC ADAS-Cog - Remembering Test Instructions,ADCRI;Remembering Test Instructions;CDISC ADAS-Cog - Remembering Test Instructions
C100275,CDISC ADAS-Cog - Remembering Test Instructions,ADCRI;Remembering Test Instructions;CDISC ADAS-Cog - Remembering Test Instructions
C100275,CDISC ADAS-Cog - Remembering Test Instructions,ADCRI;Remembering Test Instructions;CDISC ADAS-Cog - Remembering Test Instructions
C100275,CDISC ADAS-Cog - Remembering Test Instructions,ADCRI;Remembering Test Instructions;CDISC ADAS-Cog - Remembering Test Instructions
C100275,CDISC ADAS-Cog - Remembering Test Instructions,ADCRI;Remembering Test Instructions;CDISC ADAS-Cog - Remembering Test Instructions
C100275,CDISC ADAS-Cog - Remembering Test Instructions,ADCRI;Remembering Test Instructions;CDISC ADAS-Cog - Remembering Test Instructions
C100275,CDISC ADAS-Cog - Remembering Test Instructions,ADCRI;Remembering Test Instructions;CDISC ADAS-Cog - Remembering Test Instructions
C100276,CDISC ADAS-Cog - Spoken Language Ability,ADCSL;Spoken Language Ability;CDISC ADAS-Cog - Spoken Language Ability
C100276,CDISC ADAS-Cog - Spoken Language Ability,ADCSL;Spoken Language Ability;CDISC ADAS-Cog - Spoken Language Ability
C100276,CDISC ADAS-Cog - Spoken Language Ability,ADCSL;Spoken Language Ability;CDISC ADAS-Cog - Spoken Language Ability
C100276,CDISC ADAS-Cog - Spoken Language Ability,ADCSL;Spoken Language Ability;CDISC ADAS-Cog - Spoken Language Ability
C100276,CDISC ADAS-Cog - Spoken Language Ability,ADCSL;Spoken Language Ability;CDISC ADAS-Cog - Spoken Language Ability
C100276,CDISC ADAS-Cog - Spoken Language Ability,ADCSL;Spoken Language Ability;CDISC ADAS-Cog - Spoken Language Ability
C100276,CDISC ADAS-Cog - Spoken Language Ability,ADCSL;Spoken Language Ability;CDISC ADAS-Cog - Spoken Language Ability
C100276,CDISC ADAS-Cog - Spoken Language Ability,ADCSL;Spoken Language Ability;CDISC ADAS-Cog - Spoken Language Ability
C208544,CDISC ADAS-Cog - Total Score,ADCTS;CDISC ADAS-Cog - Total Score;Total Score
C208544,CDISC ADAS-Cog - Total Score,ADCTS;CDISC ADAS-Cog - Total Score;Total Score
C208544,CDISC ADAS-Cog - Total Score,ADCTS;CDISC ADAS-Cog - Total Score;Total Score
C208544,CDISC ADAS-Cog - Total Score,ADCTS;CDISC ADAS-Cog - Total Score;Total Score
C208544,CDISC ADAS-Cog - Total Score,ADCTS;CDISC ADAS-Cog - Total Score;Total Score
C208544,CDISC ADAS-Cog - Total Score,ADCTS;CDISC ADAS-Cog - Total Score;Total Score
C208544,CDISC ADAS-Cog - Total Score,ADCTS;CDISC ADAS-Cog - Total Score;Total Score
C208544,CDISC ADAS-Cog - Total Score,ADCTS;CDISC ADAS-Cog - Total Score;Total Score
C100277,CDISC ADAS-Cog - Word Difficulty in Spontaneous Speech,ADCDIF;Word Finding Difficulty in Spont Speech;CDISC ADAS-Cog - Word Difficulty in Spontaneous Speech
C100277,CDISC ADAS-Cog - Word Difficulty in Spontaneous Speech,ADCDIF;Word Finding Difficulty in Spont Speech;CDISC ADAS-Cog - Word Difficulty in Spontaneous Speech
C100277,CDISC ADAS-Cog - Word Difficulty in Spontaneous Speech,ADCDIF;Word Finding Difficulty in Spont Speech;CDISC ADAS-Cog - Word Difficulty in Spontaneous Speech
C100277,CDISC ADAS-Cog - Word Difficulty in Spontaneous Speech,ADCDIF;Word Finding Difficulty in Spont Speech;CDISC ADAS-Cog - Word Difficulty in Spontaneous Speech
C100277,CDISC ADAS-Cog - Word Difficulty in Spontaneous Speech,ADCDIF;Word Finding Difficulty in Spont Speech;CDISC ADAS-Cog - Word Difficulty in Spontaneous Speech
C100277,CDISC ADAS-Cog - Word Difficulty in Spontaneous Speech,ADCDIF;Word Finding Difficulty in Spont Speech;CDISC ADAS-Cog - Word Difficulty in Spontaneous Speech
C100277,CDISC ADAS-Cog - Word Difficulty in Spontaneous Speech,ADCDIF;Word Finding Difficulty in Spont Speech;CDISC ADAS-Cog - Word Difficulty in Spontaneous Speech
C100277,CDISC ADAS-Cog - Word Difficulty in Spontaneous Speech,ADCDIF;Word Finding Difficulty in Spont Speech;CDISC ADAS-Cog - Word Difficulty in Spontaneous Speech
C100177,CDISC ADAS-Cog - Word Recall Average Score,ADCRL;Word Recall;CDISC ADAS-Cog - Word Recall Average Score
C100177,CDISC ADAS-Cog - Word Recall Average Score,ADCRL;Word Recall;CDISC ADAS-Cog - Word Recall Average Score
C100177,CDISC ADAS-Cog - Word Recall Average Score,ADCRL;Word Recall;CDISC ADAS-Cog - Word Recall Average Score
C100177,CDISC ADAS-Cog - Word Recall Average Score,ADCRL;Word Recall;CDISC ADAS-Cog - Word Recall Average Score
C100177,CDISC ADAS-Cog - Word Recall Average Score,ADCRL;Word Recall;CDISC ADAS-Cog - Word Recall Average Score
C100177,CDISC ADAS-Cog - Word Recall Average Score,ADCRL;Word Recall;CDISC ADAS-Cog - Word Recall Average Score
C100177,CDISC ADAS-Cog - Word Recall Average Score,ADCRL;Word Recall;CDISC ADAS-Cog - Word Recall Average Score
C100177,CDISC ADAS-Cog - Word Recall Average Score,ADCRL;Word Recall;CDISC ADAS-Cog - Word Recall Average Score
C100178,CDISC ADAS-Cog - Word Recall Trial 1 Subscore,ADCRLT01;Word Recall Trial 1;CDISC ADAS-Cog - Word Recall Trial 1 Subscore
C100178,CDISC ADAS-Cog - Word Recall Trial 1 Subscore,ADCRLT01;Word Recall Trial 1;CDISC ADAS-Cog - Word Recall Trial 1 Subscore
C100178,CDISC ADAS-Cog - Word Recall Trial 1 Subscore,ADCRLT01;Word Recall Trial 1;CDISC ADAS-Cog - Word Recall Trial 1 Subscore
C100178,CDISC ADAS-Cog - Word Recall Trial 1 Subscore,ADCRLT01;Word Recall Trial 1;CDISC ADAS-Cog - Word Recall Trial 1 Subscore
C100178,CDISC ADAS-Cog - Word Recall Trial 1 Subscore,ADCRLT01;Word Recall Trial 1;CDISC ADAS-Cog - Word Recall Trial 1 Subscore
C100178,CDISC ADAS-Cog - Word Recall Trial 1 Subscore,ADCRLT01;Word Recall Trial 1;CDISC ADAS-Cog - Word Recall Trial 1 Subscore
C100178,CDISC ADAS-Cog - Word Recall Trial 1 Subscore,ADCRLT01;Word Recall Trial 1;CDISC ADAS-Cog - Word Recall Trial 1 Subscore
C100178,CDISC ADAS-Cog - Word Recall Trial 1 Subscore,ADCRLT01;Word Recall Trial 1;CDISC ADAS-Cog - Word Recall Trial 1 Subscore
C100179,CDISC ADAS-Cog - Word Recall Trial 2 Subscore,ADCRLT02;Word Recall Trial 2;CDISC ADAS-Cog - Word Recall Trial 2 Subscore
C100179,CDISC ADAS-Cog - Word Recall Trial 2 Subscore,ADCRLT02;Word Recall Trial 2;CDISC ADAS-Cog - Word Recall Trial 2 Subscore
C100179,CDISC ADAS-Cog - Word Recall Trial 2 Subscore,ADCRLT02;Word Recall Trial 2;CDISC ADAS-Cog - Word Recall Trial 2 Subscore
C100179,CDISC ADAS-Cog - Word Recall Trial 2 Subscore,ADCRLT02;Word Recall Trial 2;CDISC ADAS-Cog - Word Recall Trial 2 Subscore
C100179,CDISC ADAS-Cog - Word Recall Trial 2 Subscore,ADCRLT02;Word Recall Trial 2;CDISC ADAS-Cog - Word Recall Trial 2 Subscore
C100179,CDISC ADAS-Cog - Word Recall Trial 2 Subscore,ADCRLT02;Word Recall Trial 2;CDISC ADAS-Cog - Word Recall Trial 2 Subscore
C100179,CDISC ADAS-Cog - Word Recall Trial 2 Subscore,ADCRLT02;Word Recall Trial 2;CDISC ADAS-Cog - Word Recall Trial 2 Subscore
C100179,CDISC ADAS-Cog - Word Recall Trial 2 Subscore,ADCRLT02;Word Recall Trial 2;CDISC ADAS-Cog - Word Recall Trial 2 Subscore
C100180,CDISC ADAS-Cog - Word Recall Trial 3 Subscore,ADCRLT03;Word Recall Trial 3;CDISC ADAS-Cog - Word Recall Trial 3 Subscore
C100180,CDISC ADAS-Cog - Word Recall Trial 3 Subscore,ADCRLT03;Word Recall Trial 3;CDISC ADAS-Cog - Word Recall Trial 3 Subscore
C100180,CDISC ADAS-Cog - Word Recall Trial 3 Subscore,ADCRLT03;Word Recall Trial 3;CDISC ADAS-Cog - Word Recall Trial 3 Subscore
C100180,CDISC ADAS-Cog - Word Recall Trial 3 Subscore,ADCRLT03;Word Recall Trial 3;CDISC ADAS-Cog - Word Recall Trial 3 Subscore
C100180,CDISC ADAS-Cog - Word Recall Trial 3 Subscore,ADCRLT03;Word Recall Trial 3;CDISC ADAS-Cog - Word Recall Trial 3 Subscore
C100180,CDISC ADAS-Cog - Word Recall Trial 3 Subscore,ADCRLT03;Word Recall Trial 3;CDISC ADAS-Cog - Word Recall Trial 3 Subscore
C100180,CDISC ADAS-Cog - Word Recall Trial 3 Subscore,ADCRLT03;Word Recall Trial 3;CDISC ADAS-Cog - Word Recall Trial 3 Subscore
C100180,CDISC ADAS-Cog - Word Recall Trial 3 Subscore,ADCRLT03;Word Recall Trial 3;CDISC ADAS-Cog - Word Recall Trial 3 Subscore
C100181,CDISC ADAS-Cog - Word Recall: Word 1,ADCRLW01;Word Recall: Word [1];CDISC ADAS-Cog - Word Recall: Word 1
C100181,CDISC ADAS-Cog - Word Recall: Word 1,ADCRLW01;Word Recall: Word [1];CDISC ADAS-Cog - Word Recall: Word 1
C100181,CDISC ADAS-Cog - Word Recall: Word 1,ADCRLW01;Word Recall: Word [1];CDISC ADAS-Cog - Word Recall: Word 1
C100181,CDISC ADAS-Cog - Word Recall: Word 1,ADCRLW01;Word Recall: Word [1];CDISC ADAS-Cog - Word Recall: Word 1
C100181,CDISC ADAS-Cog - Word Recall: Word 1,ADCRLW01;Word Recall: Word [1];CDISC ADAS-Cog - Word Recall: Word 1
C100181,CDISC ADAS-Cog - Word Recall: Word 1,ADCRLW01;Word Recall: Word [1];CDISC ADAS-Cog - Word Recall: Word 1
C100181,CDISC ADAS-Cog - Word Recall: Word 1,ADCRLW01;Word Recall: Word [1];CDISC ADAS-Cog - Word Recall: Word 1
C100181,CDISC ADAS-Cog - Word Recall: Word 1,ADCRLW01;Word Recall: Word [1];CDISC ADAS-Cog - Word Recall: Word 1
C100190,CDISC ADAS-Cog - Word Recall: Word 10,ADCRLW10;Word Recall: Word [10];CDISC ADAS-Cog - Word Recall: Word 10
C100190,CDISC ADAS-Cog - Word Recall: Word 10,ADCRLW10;Word Recall: Word [10];CDISC ADAS-Cog - Word Recall: Word 10
C100190,CDISC ADAS-Cog - Word Recall: Word 10,ADCRLW10;Word Recall: Word [10];CDISC ADAS-Cog - Word Recall: Word 10
C100190,CDISC ADAS-Cog - Word Recall: Word 10,ADCRLW10;Word Recall: Word [10];CDISC ADAS-Cog - Word Recall: Word 10
C100190,CDISC ADAS-Cog - Word Recall: Word 10,ADCRLW10;Word Recall: Word [10];CDISC ADAS-Cog - Word Recall: Word 10
C100190,CDISC ADAS-Cog - Word Recall: Word 10,ADCRLW10;Word Recall: Word [10];CDISC ADAS-Cog - Word Recall: Word 10
C100190,CDISC ADAS-Cog - Word Recall: Word 10,ADCRLW10;Word Recall: Word [10];CDISC ADAS-Cog - Word Recall: Word 10
C100190,CDISC ADAS-Cog - Word Recall: Word 10,ADCRLW10;Word Recall: Word [10];CDISC ADAS-Cog - Word Recall: Word 10
C100182,CDISC ADAS-Cog - Word Recall: Word 2,ADCRLW02;Word Recall: Word [2];CDISC ADAS-Cog - Word Recall: Word 2
C100182,CDISC ADAS-Cog - Word Recall: Word 2,ADCRLW02;Word Recall: Word [2];CDISC ADAS-Cog - Word Recall: Word 2
C100182,CDISC ADAS-Cog - Word Recall: Word 2,ADCRLW02;Word Recall: Word [2];CDISC ADAS-Cog - Word Recall: Word 2
C100182,CDISC ADAS-Cog - Word Recall: Word 2,ADCRLW02;Word Recall: Word [2];CDISC ADAS-Cog - Word Recall: Word 2
C100182,CDISC ADAS-Cog - Word Recall: Word 2,ADCRLW02;Word Recall: Word [2];CDISC ADAS-Cog - Word Recall: Word 2
C100182,CDISC ADAS-Cog - Word Recall: Word 2,ADCRLW02;Word Recall: Word [2];CDISC ADAS-Cog - Word Recall: Word 2
C100182,CDISC ADAS-Cog - Word Recall: Word 2,ADCRLW02;Word Recall: Word [2];CDISC ADAS-Cog - Word Recall: Word 2
C100182,CDISC ADAS-Cog - Word Recall: Word 2,ADCRLW02;Word Recall: Word [2];CDISC ADAS-Cog - Word Recall: Word 2
C100183,CDISC ADAS-Cog - Word Recall: Word 3,ADCRLW03;Word Recall: Word [3];CDISC ADAS-Cog - Word Recall: Word 3
C100183,CDISC ADAS-Cog - Word Recall: Word 3,ADCRLW03;Word Recall: Word [3];CDISC ADAS-Cog - Word Recall: Word 3
C100183,CDISC ADAS-Cog - Word Recall: Word 3,ADCRLW03;Word Recall: Word [3];CDISC ADAS-Cog - Word Recall: Word 3
C100183,CDISC ADAS-Cog - Word Recall: Word 3,ADCRLW03;Word Recall: Word [3];CDISC ADAS-Cog - Word Recall: Word 3
C100183,CDISC ADAS-Cog - Word Recall: Word 3,ADCRLW03;Word Recall: Word [3];CDISC ADAS-Cog - Word Recall: Word 3
C100183,CDISC ADAS-Cog - Word Recall: Word 3,ADCRLW03;Word Recall: Word [3];CDISC ADAS-Cog - Word Recall: Word 3
C100183,CDISC ADAS-Cog - Word Recall: Word 3,ADCRLW03;Word Recall: Word [3];CDISC ADAS-Cog - Word Recall: Word 3
C100183,CDISC ADAS-Cog - Word Recall: Word 3,ADCRLW03;Word Recall: Word [3];CDISC ADAS-Cog - Word Recall: Word 3
C100184,CDISC ADAS-Cog - Word Recall: Word 4,ADCRLW04;Word Recall: Word [4];CDISC ADAS-Cog - Word Recall: Word 4
C100184,CDISC ADAS-Cog - Word Recall: Word 4,ADCRLW04;Word Recall: Word [4];CDISC ADAS-Cog - Word Recall: Word 4
C100184,CDISC ADAS-Cog - Word Recall: Word 4,ADCRLW04;Word Recall: Word [4];CDISC ADAS-Cog - Word Recall: Word 4
C100184,CDISC ADAS-Cog - Word Recall: Word 4,ADCRLW04;Word Recall: Word [4];CDISC ADAS-Cog - Word Recall: Word 4
C100184,CDISC ADAS-Cog - Word Recall: Word 4,ADCRLW04;Word Recall: Word [4];CDISC ADAS-Cog - Word Recall: Word 4
C100184,CDISC ADAS-Cog - Word Recall: Word 4,ADCRLW04;Word Recall: Word [4];CDISC ADAS-Cog - Word Recall: Word 4
C100184,CDISC ADAS-Cog - Word Recall: Word 4,ADCRLW04;Word Recall: Word [4];CDISC ADAS-Cog - Word Recall: Word 4
C100184,CDISC ADAS-Cog - Word Recall: Word 4,ADCRLW04;Word Recall: Word [4];CDISC ADAS-Cog - Word Recall: Word 4
C100185,CDISC ADAS-Cog - Word Recall: Word 5,ADCRLW05;Word Recall: Word [5];CDISC ADAS-Cog - Word Recall: Word 5
C100185,CDISC ADAS-Cog - Word Recall: Word 5,ADCRLW05;Word Recall: Word [5];CDISC ADAS-Cog - Word Recall: Word 5
C100185,CDISC ADAS-Cog - Word Recall: Word 5,ADCRLW05;Word Recall: Word [5];CDISC ADAS-Cog - Word Recall: Word 5
C100185,CDISC ADAS-Cog - Word Recall: Word 5,ADCRLW05;Word Recall: Word [5];CDISC ADAS-Cog - Word Recall: Word 5
C100185,CDISC ADAS-Cog - Word Recall: Word 5,ADCRLW05;Word Recall: Word [5];CDISC ADAS-Cog - Word Recall: Word 5
C100185,CDISC ADAS-Cog - Word Recall: Word 5,ADCRLW05;Word Recall: Word [5];CDISC ADAS-Cog - Word Recall: Word 5
C100185,CDISC ADAS-Cog - Word Recall: Word 5,ADCRLW05;Word Recall: Word [5];CDISC ADAS-Cog - Word Recall: Word 5
C100185,CDISC ADAS-Cog - Word Recall: Word 5,ADCRLW05;Word Recall: Word [5];CDISC ADAS-Cog - Word Recall: Word 5
C100186,CDISC ADAS-Cog - Word Recall: Word 6,ADCRLW06;Word Recall: Word [6];CDISC ADAS-Cog - Word Recall: Word 6
C100186,CDISC ADAS-Cog - Word Recall: Word 6,ADCRLW06;Word Recall: Word [6];CDISC ADAS-Cog - Word Recall: Word 6
C100186,CDISC ADAS-Cog - Word Recall: Word 6,ADCRLW06;Word Recall: Word [6];CDISC ADAS-Cog - Word Recall: Word 6
C100186,CDISC ADAS-Cog - Word Recall: Word 6,ADCRLW06;Word Recall: Word [6];CDISC ADAS-Cog - Word Recall: Word 6
C100186,CDISC ADAS-Cog - Word Recall: Word 6,ADCRLW06;Word Recall: Word [6];CDISC ADAS-Cog - Word Recall: Word 6
C100186,CDISC ADAS-Cog - Word Recall: Word 6,ADCRLW06;Word Recall: Word [6];CDISC ADAS-Cog - Word Recall: Word 6
C100186,CDISC ADAS-Cog - Word Recall: Word 6,ADCRLW06;Word Recall: Word [6];CDISC ADAS-Cog - Word Recall: Word 6
C100186,CDISC ADAS-Cog - Word Recall: Word 6,ADCRLW06;Word Recall: Word [6];CDISC ADAS-Cog - Word Recall: Word 6
C100187,CDISC ADAS-Cog - Word Recall: Word 7,ADCRLW07;Word Recall: Word [7];CDISC ADAS-Cog - Word Recall: Word 7
C100187,CDISC ADAS-Cog - Word Recall: Word 7,ADCRLW07;Word Recall: Word [7];CDISC ADAS-Cog - Word Recall: Word 7
C100187,CDISC ADAS-Cog - Word Recall: Word 7,ADCRLW07;Word Recall: Word [7];CDISC ADAS-Cog - Word Recall: Word 7
C100187,CDISC ADAS-Cog - Word Recall: Word 7,ADCRLW07;Word Recall: Word [7];CDISC ADAS-Cog - Word Recall: Word 7
C100187,CDISC ADAS-Cog - Word Recall: Word 7,ADCRLW07;Word Recall: Word [7];CDISC ADAS-Cog - Word Recall: Word 7
C100187,CDISC ADAS-Cog - Word Recall: Word 7,ADCRLW07;Word Recall: Word [7];CDISC ADAS-Cog - Word Recall: Word 7
C100187,CDISC ADAS-Cog - Word Recall: Word 7,ADCRLW07;Word Recall: Word [7];CDISC ADAS-Cog - Word Recall: Word 7
C100187,CDISC ADAS-Cog - Word Recall: Word 7,ADCRLW07;Word Recall: Word [7];CDISC ADAS-Cog - Word Recall: Word 7
C100188,CDISC ADAS-Cog - Word Recall: Word 8,ADCRLW08;Word Recall: Word [8];CDISC ADAS-Cog - Word Recall: Word 8
C100188,CDISC ADAS-Cog - Word Recall: Word 8,ADCRLW08;Word Recall: Word [8];CDISC ADAS-Cog - Word Recall: Word 8
C100188,CDISC ADAS-Cog - Word Recall: Word 8,ADCRLW08;Word Recall: Word [8];CDISC ADAS-Cog - Word Recall: Word 8
C100188,CDISC ADAS-Cog - Word Recall: Word 8,ADCRLW08;Word Recall: Word [8];CDISC ADAS-Cog - Word Recall: Word 8
C100188,CDISC ADAS-Cog - Word Recall: Word 8,ADCRLW08;Word Recall: Word [8];CDISC ADAS-Cog - Word Recall: Word 8
C100188,CDISC ADAS-Cog - Word Recall: Word 8,ADCRLW08;Word Recall: Word [8];CDISC ADAS-Cog - Word Recall: Word 8
C100188,CDISC ADAS-Cog - Word Recall: Word 8,ADCRLW08;Word Recall: Word [8];CDISC ADAS-Cog - Word Recall: Word 8
C100188,CDISC ADAS-Cog - Word Recall: Word 8,ADCRLW08;Word Recall: Word [8];CDISC ADAS-Cog - Word Recall: Word 8
C100189,CDISC ADAS-Cog - Word Recall: Word 9,ADCRLW09;Word Recall: Word [9];CDISC ADAS-Cog - Word Recall: Word 9
C100189,CDISC ADAS-Cog - Word Recall: Word 9,ADCRLW09;Word Recall: Word [9];CDISC ADAS-Cog - Word Recall: Word 9
C100189,CDISC ADAS-Cog - Word Recall: Word 9,ADCRLW09;Word Recall: Word [9];CDISC ADAS-Cog - Word Recall: Word 9
C100189,CDISC ADAS-Cog - Word Recall: Word 9,ADCRLW09;Word Recall: Word [9];CDISC ADAS-Cog - Word Recall: Word 9
C100189,CDISC ADAS-Cog - Word Recall: Word 9,ADCRLW09;Word Recall: Word [9];CDISC ADAS-Cog - Word Recall: Word 9
C100189,CDISC ADAS-Cog - Word Recall: Word 9,ADCRLW09;Word Recall: Word [9];CDISC ADAS-Cog - Word Recall: Word 9
C100189,CDISC ADAS-Cog - Word Recall: Word 9,ADCRLW09;Word Recall: Word [9];CDISC ADAS-Cog - Word Recall: Word 9
C100189,CDISC ADAS-Cog - Word Recall: Word 9,ADCRLW09;Word Recall: Word [9];CDISC ADAS-Cog - Word Recall: Word 9
C100247,CDISC ADAS-Cog - Word Recognition Summary Score,ADCRG;Word Recognition;CDISC ADAS-Cog - Word Recognition Summary Score
C100247,CDISC ADAS-Cog - Word Recognition Summary Score,ADCRG;Word Recognition;CDISC ADAS-Cog - Word Recognition Summary Score
C100247,CDISC ADAS-Cog - Word Recognition Summary Score,ADCRG;Word Recognition;CDISC ADAS-Cog - Word Recognition Summary Score
C100247,CDISC ADAS-Cog - Word Recognition Summary Score,ADCRG;Word Recognition;CDISC ADAS-Cog - Word Recognition Summary Score
C100247,CDISC ADAS-Cog - Word Recognition Summary Score,ADCRG;Word Recognition;CDISC ADAS-Cog - Word Recognition Summary Score
C100247,CDISC ADAS-Cog - Word Recognition Summary Score,ADCRG;Word Recognition;CDISC ADAS-Cog - Word Recognition Summary Score
C100247,CDISC ADAS-Cog - Word Recognition Summary Score,ADCRG;Word Recognition;CDISC ADAS-Cog - Word Recognition Summary Score
C100247,CDISC ADAS-Cog - Word Recognition Summary Score,ADCRG;Word Recognition;CDISC ADAS-Cog - Word Recognition Summary Score
C100248,CDISC ADAS-Cog - Word Recognition Trial 1 Summary Score,ADCRGT01;Word Recognition Trial 1;CDISC ADAS-Cog - Word Recognition Trial 1 Summary Score
C100248,CDISC ADAS-Cog - Word Recognition Trial 1 Summary Score,ADCRGT01;Word Recognition Trial 1;CDISC ADAS-Cog - Word Recognition Trial 1 Summary Score
C100248,CDISC ADAS-Cog - Word Recognition Trial 1 Summary Score,ADCRGT01;Word Recognition Trial 1;CDISC ADAS-Cog - Word Recognition Trial 1 Summary Score
C100248,CDISC ADAS-Cog - Word Recognition Trial 1 Summary Score,ADCRGT01;Word Recognition Trial 1;CDISC ADAS-Cog - Word Recognition Trial 1 Summary Score
C100248,CDISC ADAS-Cog - Word Recognition Trial 1 Summary Score,ADCRGT01;Word Recognition Trial 1;CDISC ADAS-Cog - Word Recognition Trial 1 Summary Score
C100248,CDISC ADAS-Cog - Word Recognition Trial 1 Summary Score,ADCRGT01;Word Recognition Trial 1;CDISC ADAS-Cog - Word Recognition Trial 1 Summary Score
C100248,CDISC ADAS-Cog - Word Recognition Trial 1 Summary Score,ADCRGT01;Word Recognition Trial 1;CDISC ADAS-Cog - Word Recognition Trial 1 Summary Score
C100248,CDISC ADAS-Cog - Word Recognition Trial 1 Summary Score,ADCRGT01;Word Recognition Trial 1;CDISC ADAS-Cog - Word Recognition Trial 1 Summary Score
C100249,CDISC ADAS-Cog - Word Recognition Trial 2 Summary Score,ADCRGT02;Word Recognition Trial 2;CDISC ADAS-Cog - Word Recognition Trial 2 Summary Score
C100249,CDISC ADAS-Cog - Word Recognition Trial 2 Summary Score,ADCRGT02;Word Recognition Trial 2;CDISC ADAS-Cog - Word Recognition Trial 2 Summary Score
C100249,CDISC ADAS-Cog - Word Recognition Trial 2 Summary Score,ADCRGT02;Word Recognition Trial 2;CDISC ADAS-Cog - Word Recognition Trial 2 Summary Score
C100249,CDISC ADAS-Cog - Word Recognition Trial 2 Summary Score,ADCRGT02;Word Recognition Trial 2;CDISC ADAS-Cog - Word Recognition Trial 2 Summary Score
C100249,CDISC ADAS-Cog - Word Recognition Trial 2 Summary Score,ADCRGT02;Word Recognition Trial 2;CDISC ADAS-Cog - Word Recognition Trial 2 Summary Score
C100249,CDISC ADAS-Cog - Word Recognition Trial 2 Summary Score,ADCRGT02;Word Recognition Trial 2;CDISC ADAS-Cog - Word Recognition Trial 2 Summary Score
C100249,CDISC ADAS-Cog - Word Recognition Trial 2 Summary Score,ADCRGT02;Word Recognition Trial 2;CDISC ADAS-Cog - Word Recognition Trial 2 Summary Score
C100249,CDISC ADAS-Cog - Word Recognition Trial 2 Summary Score,ADCRGT02;Word Recognition Trial 2;CDISC ADAS-Cog - Word Recognition Trial 2 Summary Score
C100250,CDISC ADAS-Cog - Word Recognition Trial 3 Summary Score,ADCRGT03;Word Recognition Trial 3;CDISC ADAS-Cog - Word Recognition Trial 3 Summary Score
C100250,CDISC ADAS-Cog - Word Recognition Trial 3 Summary Score,ADCRGT03;Word Recognition Trial 3;CDISC ADAS-Cog - Word Recognition Trial 3 Summary Score
C100250,CDISC ADAS-Cog - Word Recognition Trial 3 Summary Score,ADCRGT03;Word Recognition Trial 3;CDISC ADAS-Cog - Word Recognition Trial 3 Summary Score
C100250,CDISC ADAS-Cog - Word Recognition Trial 3 Summary Score,ADCRGT03;Word Recognition Trial 3;CDISC ADAS-Cog - Word Recognition Trial 3 Summary Score
C100250,CDISC ADAS-Cog - Word Recognition Trial 3 Summary Score,ADCRGT03;Word Recognition Trial 3;CDISC ADAS-Cog - Word Recognition Trial 3 Summary Score
C100250,CDISC ADAS-Cog - Word Recognition Trial 3 Summary Score,ADCRGT03;Word Recognition Trial 3;CDISC ADAS-Cog - Word Recognition Trial 3 Summary Score
C100250,CDISC ADAS-Cog - Word Recognition Trial 3 Summary Score,ADCRGT03;Word Recognition Trial 3;CDISC ADAS-Cog - Word Recognition Trial 3 Summary Score
C100250,CDISC ADAS-Cog - Word Recognition Trial 3 Summary Score,ADCRGT03;Word Recognition Trial 3;CDISC ADAS-Cog - Word Recognition Trial 3 Summary Score
C100251,CDISC ADAS-Cog - Word Recognition: Word 1,ADCRGW01;Word Recognition: Word [1];CDISC ADAS-Cog - Word Recognition: Word 1
C100251,CDISC ADAS-Cog - Word Recognition: Word 1,ADCRGW01;Word Recognition: Word [1];CDISC ADAS-Cog - Word Recognition: Word 1
C100251,CDISC ADAS-Cog - Word Recognition: Word 1,ADCRGW01;Word Recognition: Word [1];CDISC ADAS-Cog - Word Recognition: Word 1
C100251,CDISC ADAS-Cog - Word Recognition: Word 1,ADCRGW01;Word Recognition: Word [1];CDISC ADAS-Cog - Word Recognition: Word 1
C100251,CDISC ADAS-Cog - Word Recognition: Word 1,ADCRGW01;Word Recognition: Word [1];CDISC ADAS-Cog - Word Recognition: Word 1
C100251,CDISC ADAS-Cog - Word Recognition: Word 1,ADCRGW01;Word Recognition: Word [1];CDISC ADAS-Cog - Word Recognition: Word 1
C100251,CDISC ADAS-Cog - Word Recognition: Word 1,ADCRGW01;Word Recognition: Word [1];CDISC ADAS-Cog - Word Recognition: Word 1
C100251,CDISC ADAS-Cog - Word Recognition: Word 1,ADCRGW01;Word Recognition: Word [1];CDISC ADAS-Cog - Word Recognition: Word 1
C100260,CDISC ADAS-Cog - Word Recognition: Word 10,ADCRGW10;Word Recognition: Word [10];CDISC ADAS-Cog - Word Recognition: Word 10
C100260,CDISC ADAS-Cog - Word Recognition: Word 10,ADCRGW10;Word Recognition: Word [10];CDISC ADAS-Cog - Word Recognition: Word 10
C100260,CDISC ADAS-Cog - Word Recognition: Word 10,ADCRGW10;Word Recognition: Word [10];CDISC ADAS-Cog - Word Recognition: Word 10
C100260,CDISC ADAS-Cog - Word Recognition: Word 10,ADCRGW10;Word Recognition: Word [10];CDISC ADAS-Cog - Word Recognition: Word 10
C100260,CDISC ADAS-Cog - Word Recognition: Word 10,ADCRGW10;Word Recognition: Word [10];CDISC ADAS-Cog - Word Recognition: Word 10
C100260,CDISC ADAS-Cog - Word Recognition: Word 10,ADCRGW10;Word Recognition: Word [10];CDISC ADAS-Cog - Word Recognition: Word 10
C100260,CDISC ADAS-Cog - Word Recognition: Word 10,ADCRGW10;Word Recognition: Word [10];CDISC ADAS-Cog - Word Recognition: Word 10
C100260,CDISC ADAS-Cog - Word Recognition: Word 10,ADCRGW10;Word Recognition: Word [10];CDISC ADAS-Cog - Word Recognition: Word 10
C100261,CDISC ADAS-Cog - Word Recognition: Word 11,ADCRGW11;Word Recognition: Word [11];CDISC ADAS-Cog - Word Recognition: Word 11
C100261,CDISC ADAS-Cog - Word Recognition: Word 11,ADCRGW11;Word Recognition: Word [11];CDISC ADAS-Cog - Word Recognition: Word 11
C100261,CDISC ADAS-Cog - Word Recognition: Word 11,ADCRGW11;Word Recognition: Word [11];CDISC ADAS-Cog - Word Recognition: Word 11
C100261,CDISC ADAS-Cog - Word Recognition: Word 11,ADCRGW11;Word Recognition: Word [11];CDISC ADAS-Cog - Word Recognition: Word 11
C100261,CDISC ADAS-Cog - Word Recognition: Word 11,ADCRGW11;Word Recognition: Word [11];CDISC ADAS-Cog - Word Recognition: Word 11
C100261,CDISC ADAS-Cog - Word Recognition: Word 11,ADCRGW11;Word Recognition: Word [11];CDISC ADAS-Cog - Word Recognition: Word 11
C100261,CDISC ADAS-Cog - Word Recognition: Word 11,ADCRGW11;Word Recognition: Word [11];CDISC ADAS-Cog - Word Recognition: Word 11
C100261,CDISC ADAS-Cog - Word Recognition: Word 11,ADCRGW11;Word Recognition: Word [11];CDISC ADAS-Cog - Word Recognition: Word 11
C100262,CDISC ADAS-Cog - Word Recognition: Word 12,ADCRGW12;Word Recognition: Word [12];CDISC ADAS-Cog - Word Recognition: Word 12
C100262,CDISC ADAS-Cog - Word Recognition: Word 12,ADCRGW12;Word Recognition: Word [12];CDISC ADAS-Cog - Word Recognition: Word 12
C100262,CDISC ADAS-Cog - Word Recognition: Word 12,ADCRGW12;Word Recognition: Word [12];CDISC ADAS-Cog - Word Recognition: Word 12
C100262,CDISC ADAS-Cog - Word Recognition: Word 12,ADCRGW12;Word Recognition: Word [12];CDISC ADAS-Cog - Word Recognition: Word 12
C100262,CDISC ADAS-Cog - Word Recognition: Word 12,ADCRGW12;Word Recognition: Word [12];CDISC ADAS-Cog - Word Recognition: Word 12
C100262,CDISC ADAS-Cog - Word Recognition: Word 12,ADCRGW12;Word Recognition: Word [12];CDISC ADAS-Cog - Word Recognition: Word 12
C100262,CDISC ADAS-Cog - Word Recognition: Word 12,ADCRGW12;Word Recognition: Word [12];CDISC ADAS-Cog - Word Recognition: Word 12
C100262,CDISC ADAS-Cog - Word Recognition: Word 12,ADCRGW12;Word Recognition: Word [12];CDISC ADAS-Cog - Word Recognition: Word 12
C100263,CDISC ADAS-Cog - Word Recognition: Word 13,ADCRGW13;Word Recognition: Word [13];CDISC ADAS-Cog - Word Recognition: Word 13
C100263,CDISC ADAS-Cog - Word Recognition: Word 13,ADCRGW13;Word Recognition: Word [13];CDISC ADAS-Cog - Word Recognition: Word 13
C100263,CDISC ADAS-Cog - Word Recognition: Word 13,ADCRGW13;Word Recognition: Word [13];CDISC ADAS-Cog - Word Recognition: Word 13
C100263,CDISC ADAS-Cog - Word Recognition: Word 13,ADCRGW13;Word Recognition: Word [13];CDISC ADAS-Cog - Word Recognition: Word 13
C100263,CDISC ADAS-Cog - Word Recognition: Word 13,ADCRGW13;Word Recognition: Word [13];CDISC ADAS-Cog - Word Recognition: Word 13
C100263,CDISC ADAS-Cog - Word Recognition: Word 13,ADCRGW13;Word Recognition: Word [13];CDISC ADAS-Cog - Word Recognition: Word 13
C100263,CDISC ADAS-Cog - Word Recognition: Word 13,ADCRGW13;Word Recognition: Word [13];CDISC ADAS-Cog - Word Recognition: Word 13
C100263,CDISC ADAS-Cog - Word Recognition: Word 13,ADCRGW13;Word Recognition: Word [13];CDISC ADAS-Cog - Word Recognition: Word 13
C100264,CDISC ADAS-Cog - Word Recognition: Word 14,ADCRGW14;Word Recognition: Word [14];CDISC ADAS-Cog - Word Recognition: Word 14
C100264,CDISC ADAS-Cog - Word Recognition: Word 14,ADCRGW14;Word Recognition: Word [14];CDISC ADAS-Cog - Word Recognition: Word 14
C100264,CDISC ADAS-Cog - Word Recognition: Word 14,ADCRGW14;Word Recognition: Word [14];CDISC ADAS-Cog - Word Recognition: Word 14
C100264,CDISC ADAS-Cog - Word Recognition: Word 14,ADCRGW14;Word Recognition: Word [14];CDISC ADAS-Cog - Word Recognition: Word 14
C100264,CDISC ADAS-Cog - Word Recognition: Word 14,ADCRGW14;Word Recognition: Word [14];CDISC ADAS-Cog - Word Recognition: Word 14
C100264,CDISC ADAS-Cog - Word Recognition: Word 14,ADCRGW14;Word Recognition: Word [14];CDISC ADAS-Cog - Word Recognition: Word 14
C100264,CDISC ADAS-Cog - Word Recognition: Word 14,ADCRGW14;Word Recognition: Word [14];CDISC ADAS-Cog - Word Recognition: Word 14
C100264,CDISC ADAS-Cog - Word Recognition: Word 14,ADCRGW14;Word Recognition: Word [14];CDISC ADAS-Cog - Word Recognition: Word 14
C100265,CDISC ADAS-Cog - Word Recognition: Word 15,ADCRGW15;Word Recognition: Word [15];CDISC ADAS-Cog - Word Recognition: Word 15
C100265,CDISC ADAS-Cog - Word Recognition: Word 15,ADCRGW15;Word Recognition: Word [15];CDISC ADAS-Cog - Word Recognition: Word 15
C100265,CDISC ADAS-Cog - Word Recognition: Word 15,ADCRGW15;Word Recognition: Word [15];CDISC ADAS-Cog - Word Recognition: Word 15
C100265,CDISC ADAS-Cog - Word Recognition: Word 15,ADCRGW15;Word Recognition: Word [15];CDISC ADAS-Cog - Word Recognition: Word 15
C100265,CDISC ADAS-Cog - Word Recognition: Word 15,ADCRGW15;Word Recognition: Word [15];CDISC ADAS-Cog - Word Recognition: Word 15
C100265,CDISC ADAS-Cog - Word Recognition: Word 15,ADCRGW15;Word Recognition: Word [15];CDISC ADAS-Cog - Word Recognition: Word 15
C100265,CDISC ADAS-Cog - Word Recognition: Word 15,ADCRGW15;Word Recognition: Word [15];CDISC ADAS-Cog - Word Recognition: Word 15
C100265,CDISC ADAS-Cog - Word Recognition: Word 15,ADCRGW15;Word Recognition: Word [15];CDISC ADAS-Cog - Word Recognition: Word 15
C100266,CDISC ADAS-Cog - Word Recognition: Word 16,ADCRGW16;Word Recognition: Word [16];CDISC ADAS-Cog - Word Recognition: Word 16
C100266,CDISC ADAS-Cog - Word Recognition: Word 16,ADCRGW16;Word Recognition: Word [16];CDISC ADAS-Cog - Word Recognition: Word 16
C100266,CDISC ADAS-Cog - Word Recognition: Word 16,ADCRGW16;Word Recognition: Word [16];CDISC ADAS-Cog - Word Recognition: Word 16
C100266,CDISC ADAS-Cog - Word Recognition: Word 16,ADCRGW16;Word Recognition: Word [16];CDISC ADAS-Cog - Word Recognition: Word 16
C100266,CDISC ADAS-Cog - Word Recognition: Word 16,ADCRGW16;Word Recognition: Word [16];CDISC ADAS-Cog - Word Recognition: Word 16
C100266,CDISC ADAS-Cog - Word Recognition: Word 16,ADCRGW16;Word Recognition: Word [16];CDISC ADAS-Cog - Word Recognition: Word 16
C100266,CDISC ADAS-Cog - Word Recognition: Word 16,ADCRGW16;Word Recognition: Word [16];CDISC ADAS-Cog - Word Recognition: Word 16
C100266,CDISC ADAS-Cog - Word Recognition: Word 16,ADCRGW16;Word Recognition: Word [16];CDISC ADAS-Cog - Word Recognition: Word 16
C100267,CDISC ADAS-Cog - Word Recognition: Word 17,ADCRGW17;Word Recognition: Word [17];CDISC ADAS-Cog - Word Recognition: Word 17
C100267,CDISC ADAS-Cog - Word Recognition: Word 17,ADCRGW17;Word Recognition: Word [17];CDISC ADAS-Cog - Word Recognition: Word 17
C100267,CDISC ADAS-Cog - Word Recognition: Word 17,ADCRGW17;Word Recognition: Word [17];CDISC ADAS-Cog - Word Recognition: Word 17
C100267,CDISC ADAS-Cog - Word Recognition: Word 17,ADCRGW17;Word Recognition: Word [17];CDISC ADAS-Cog - Word Recognition: Word 17
C100267,CDISC ADAS-Cog - Word Recognition: Word 17,ADCRGW17;Word Recognition: Word [17];CDISC ADAS-Cog - Word Recognition: Word 17
C100267,CDISC ADAS-Cog - Word Recognition: Word 17,ADCRGW17;Word Recognition: Word [17];CDISC ADAS-Cog - Word Recognition: Word 17
C100267,CDISC ADAS-Cog - Word Recognition: Word 17,ADCRGW17;Word Recognition: Word [17];CDISC ADAS-Cog - Word Recognition: Word 17
C100267,CDISC ADAS-Cog - Word Recognition: Word 17,ADCRGW17;Word Recognition: Word [17];CDISC ADAS-Cog - Word Recognition: Word 17
C100268,CDISC ADAS-Cog - Word Recognition: Word 18,ADCRGW18;Word Recognition: Word [18];CDISC ADAS-Cog - Word Recognition: Word 18
C100268,CDISC ADAS-Cog - Word Recognition: Word 18,ADCRGW18;Word Recognition: Word [18];CDISC ADAS-Cog - Word Recognition: Word 18
C100268,CDISC ADAS-Cog - Word Recognition: Word 18,ADCRGW18;Word Recognition: Word [18];CDISC ADAS-Cog - Word Recognition: Word 18
C100268,CDISC ADAS-Cog - Word Recognition: Word 18,ADCRGW18;Word Recognition: Word [18];CDISC ADAS-Cog - Word Recognition: Word 18
C100268,CDISC ADAS-Cog - Word Recognition: Word 18,ADCRGW18;Word Recognition: Word [18];CDISC ADAS-Cog - Word Recognition: Word 18
C100268,CDISC ADAS-Cog - Word Recognition: Word 18,ADCRGW18;Word Recognition: Word [18];CDISC ADAS-Cog - Word Recognition: Word 18
C100268,CDISC ADAS-Cog - Word Recognition: Word 18,ADCRGW18;Word Recognition: Word [18];CDISC ADAS-Cog - Word Recognition: Word 18
C100268,CDISC ADAS-Cog - Word Recognition: Word 18,ADCRGW18;Word Recognition: Word [18];CDISC ADAS-Cog - Word Recognition: Word 18
C100269,CDISC ADAS-Cog - Word Recognition: Word 19,ADCRGW19;Word Recognition: Word [19];CDISC ADAS-Cog - Word Recognition: Word 19
C100269,CDISC ADAS-Cog - Word Recognition: Word 19,ADCRGW19;Word Recognition: Word [19];CDISC ADAS-Cog - Word Recognition: Word 19
C100269,CDISC ADAS-Cog - Word Recognition: Word 19,ADCRGW19;Word Recognition: Word [19];CDISC ADAS-Cog - Word Recognition: Word 19
C100269,CDISC ADAS-Cog - Word Recognition: Word 19,ADCRGW19;Word Recognition: Word [19];CDISC ADAS-Cog - Word Recognition: Word 19
C100269,CDISC ADAS-Cog - Word Recognition: Word 19,ADCRGW19;Word Recognition: Word [19];CDISC ADAS-Cog - Word Recognition: Word 19
C100269,CDISC ADAS-Cog - Word Recognition: Word 19,ADCRGW19;Word Recognition: Word [19];CDISC ADAS-Cog - Word Recognition: Word 19
C100269,CDISC ADAS-Cog - Word Recognition: Word 19,ADCRGW19;Word Recognition: Word [19];CDISC ADAS-Cog - Word Recognition: Word 19
C100269,CDISC ADAS-Cog - Word Recognition: Word 19,ADCRGW19;Word Recognition: Word [19];CDISC ADAS-Cog - Word Recognition: Word 19
C100252,CDISC ADAS-Cog - Word Recognition: Word 2,ADCRGW02;Word Recognition: Word [2];CDISC ADAS-Cog - Word Recognition: Word 2
C100252,CDISC ADAS-Cog - Word Recognition: Word 2,ADCRGW02;Word Recognition: Word [2];CDISC ADAS-Cog - Word Recognition: Word 2
C100252,CDISC ADAS-Cog - Word Recognition: Word 2,ADCRGW02;Word Recognition: Word [2];CDISC ADAS-Cog - Word Recognition: Word 2
C100252,CDISC ADAS-Cog - Word Recognition: Word 2,ADCRGW02;Word Recognition: Word [2];CDISC ADAS-Cog - Word Recognition: Word 2
C100252,CDISC ADAS-Cog - Word Recognition: Word 2,ADCRGW02;Word Recognition: Word [2];CDISC ADAS-Cog - Word Recognition: Word 2
C100252,CDISC ADAS-Cog - Word Recognition: Word 2,ADCRGW02;Word Recognition: Word [2];CDISC ADAS-Cog - Word Recognition: Word 2
C100252,CDISC ADAS-Cog - Word Recognition: Word 2,ADCRGW02;Word Recognition: Word [2];CDISC ADAS-Cog - Word Recognition: Word 2
C100252,CDISC ADAS-Cog - Word Recognition: Word 2,ADCRGW02;Word Recognition: Word [2];CDISC ADAS-Cog - Word Recognition: Word 2
C100270,CDISC ADAS-Cog - Word Recognition: Word 20,ADCRGW20;Word Recognition: Word [20];CDISC ADAS-Cog - Word Recognition: Word 20
C100270,CDISC ADAS-Cog - Word Recognition: Word 20,ADCRGW20;Word Recognition: Word [20];CDISC ADAS-Cog - Word Recognition: Word 20
C100270,CDISC ADAS-Cog - Word Recognition: Word 20,ADCRGW20;Word Recognition: Word [20];CDISC ADAS-Cog - Word Recognition: Word 20
C100270,CDISC ADAS-Cog - Word Recognition: Word 20,ADCRGW20;Word Recognition: Word [20];CDISC ADAS-Cog - Word Recognition: Word 20
C100270,CDISC ADAS-Cog - Word Recognition: Word 20,ADCRGW20;Word Recognition: Word [20];CDISC ADAS-Cog - Word Recognition: Word 20
C100270,CDISC ADAS-Cog - Word Recognition: Word 20,ADCRGW20;Word Recognition: Word [20];CDISC ADAS-Cog - Word Recognition: Word 20
C100270,CDISC ADAS-Cog - Word Recognition: Word 20,ADCRGW20;Word Recognition: Word [20];CDISC ADAS-Cog - Word Recognition: Word 20
C100270,CDISC ADAS-Cog - Word Recognition: Word 20,ADCRGW20;Word Recognition: Word [20];CDISC ADAS-Cog - Word Recognition: Word 20
C100271,CDISC ADAS-Cog - Word Recognition: Word 21,ADCRGW21;Word Recognition: Word [21];CDISC ADAS-Cog - Word Recognition: Word 21
C100271,CDISC ADAS-Cog - Word Recognition: Word 21,ADCRGW21;Word Recognition: Word [21];CDISC ADAS-Cog - Word Recognition: Word 21
C100271,CDISC ADAS-Cog - Word Recognition: Word 21,ADCRGW21;Word Recognition: Word [21];CDISC ADAS-Cog - Word Recognition: Word 21
C100271,CDISC ADAS-Cog - Word Recognition: Word 21,ADCRGW21;Word Recognition: Word [21];CDISC ADAS-Cog - Word Recognition: Word 21
C100271,CDISC ADAS-Cog - Word Recognition: Word 21,ADCRGW21;Word Recognition: Word [21];CDISC ADAS-Cog - Word Recognition: Word 21
C100271,CDISC ADAS-Cog - Word Recognition: Word 21,ADCRGW21;Word Recognition: Word [21];CDISC ADAS-Cog - Word Recognition: Word 21
C100271,CDISC ADAS-Cog - Word Recognition: Word 21,ADCRGW21;Word Recognition: Word [21];CDISC ADAS-Cog - Word Recognition: Word 21
C100271,CDISC ADAS-Cog - Word Recognition: Word 21,ADCRGW21;Word Recognition: Word [21];CDISC ADAS-Cog - Word Recognition: Word 21
C100272,CDISC ADAS-Cog - Word Recognition: Word 22,ADCRGW22;Word Recognition: Word [22];CDISC ADAS-Cog - Word Recognition: Word 22
C100272,CDISC ADAS-Cog - Word Recognition: Word 22,ADCRGW22;Word Recognition: Word [22];CDISC ADAS-Cog - Word Recognition: Word 22
C100272,CDISC ADAS-Cog - Word Recognition: Word 22,ADCRGW22;Word Recognition: Word [22];CDISC ADAS-Cog - Word Recognition: Word 22
C100272,CDISC ADAS-Cog - Word Recognition: Word 22,ADCRGW22;Word Recognition: Word [22];CDISC ADAS-Cog - Word Recognition: Word 22
C100272,CDISC ADAS-Cog - Word Recognition: Word 22,ADCRGW22;Word Recognition: Word [22];CDISC ADAS-Cog - Word Recognition: Word 22
C100272,CDISC ADAS-Cog - Word Recognition: Word 22,ADCRGW22;Word Recognition: Word [22];CDISC ADAS-Cog - Word Recognition: Word 22
C100272,CDISC ADAS-Cog - Word Recognition: Word 22,ADCRGW22;Word Recognition: Word [22];CDISC ADAS-Cog - Word Recognition: Word 22
C100272,CDISC ADAS-Cog - Word Recognition: Word 22,ADCRGW22;Word Recognition: Word [22];CDISC ADAS-Cog - Word Recognition: Word 22
C100273,CDISC ADAS-Cog - Word Recognition: Word 23,ADCRGW23;Word Recognition: Word [23];CDISC ADAS-Cog - Word Recognition: Word 23
C100273,CDISC ADAS-Cog - Word Recognition: Word 23,ADCRGW23;Word Recognition: Word [23];CDISC ADAS-Cog - Word Recognition: Word 23
C100273,CDISC ADAS-Cog - Word Recognition: Word 23,ADCRGW23;Word Recognition: Word [23];CDISC ADAS-Cog - Word Recognition: Word 23
C100273,CDISC ADAS-Cog - Word Recognition: Word 23,ADCRGW23;Word Recognition: Word [23];CDISC ADAS-Cog - Word Recognition: Word 23
C100273,CDISC ADAS-Cog - Word Recognition: Word 23,ADCRGW23;Word Recognition: Word [23];CDISC ADAS-Cog - Word Recognition: Word 23
C100273,CDISC ADAS-Cog - Word Recognition: Word 23,ADCRGW23;Word Recognition: Word [23];CDISC ADAS-Cog - Word Recognition: Word 23
C100273,CDISC ADAS-Cog - Word Recognition: Word 23,ADCRGW23;Word Recognition: Word [23];CDISC ADAS-Cog - Word Recognition: Word 23
C100273,CDISC ADAS-Cog - Word Recognition: Word 23,ADCRGW23;Word Recognition: Word [23];CDISC ADAS-Cog - Word Recognition: Word 23
C100274,CDISC ADAS-Cog - Word Recognition: Word 24,ADCRGW24;Word Recognition: Word [24];CDISC ADAS-Cog - Word Recognition: Word 24
C100274,CDISC ADAS-Cog - Word Recognition: Word 24,ADCRGW24;Word Recognition: Word [24];CDISC ADAS-Cog - Word Recognition: Word 24
C100274,CDISC ADAS-Cog - Word Recognition: Word 24,ADCRGW24;Word Recognition: Word [24];CDISC ADAS-Cog - Word Recognition: Word 24
C100274,CDISC ADAS-Cog - Word Recognition: Word 24,ADCRGW24;Word Recognition: Word [24];CDISC ADAS-Cog - Word Recognition: Word 24
C100274,CDISC ADAS-Cog - Word Recognition: Word 24,ADCRGW24;Word Recognition: Word [24];CDISC ADAS-Cog - Word Recognition: Word 24
C100274,CDISC ADAS-Cog - Word Recognition: Word 24,ADCRGW24;Word Recognition: Word [24];CDISC ADAS-Cog - Word Recognition: Word 24
C100274,CDISC ADAS-Cog - Word Recognition: Word 24,ADCRGW24;Word Recognition: Word [24];CDISC ADAS-Cog - Word Recognition: Word 24
C100274,CDISC ADAS-Cog - Word Recognition: Word 24,ADCRGW24;Word Recognition: Word [24];CDISC ADAS-Cog - Word Recognition: Word 24
C100253,CDISC ADAS-Cog - Word Recognition: Word 3,ADCRGW03;Word Recognition: Word [3];CDISC ADAS-Cog - Word Recognition: Word 3
C100253,CDISC ADAS-Cog - Word Recognition: Word 3,ADCRGW03;Word Recognition: Word [3];CDISC ADAS-Cog - Word Recognition: Word 3
C100253,CDISC ADAS-Cog - Word Recognition: Word 3,ADCRGW03;Word Recognition: Word [3];CDISC ADAS-Cog - Word Recognition: Word 3
C100253,CDISC ADAS-Cog - Word Recognition: Word 3,ADCRGW03;Word Recognition: Word [3];CDISC ADAS-Cog - Word Recognition: Word 3
C100253,CDISC ADAS-Cog - Word Recognition: Word 3,ADCRGW03;Word Recognition: Word [3];CDISC ADAS-Cog - Word Recognition: Word 3
C100253,CDISC ADAS-Cog - Word Recognition: Word 3,ADCRGW03;Word Recognition: Word [3];CDISC ADAS-Cog - Word Recognition: Word 3
C100253,CDISC ADAS-Cog - Word Recognition: Word 3,ADCRGW03;Word Recognition: Word [3];CDISC ADAS-Cog - Word Recognition: Word 3
C100253,CDISC ADAS-Cog - Word Recognition: Word 3,ADCRGW03;Word Recognition: Word [3];CDISC ADAS-Cog - Word Recognition: Word 3
C100254,CDISC ADAS-Cog - Word Recognition: Word 4,ADCRGW04;Word Recognition: Word [4];CDISC ADAS-Cog - Word Recognition: Word 4
C100254,CDISC ADAS-Cog - Word Recognition: Word 4,ADCRGW04;Word Recognition: Word [4];CDISC ADAS-Cog - Word Recognition: Word 4
C100254,CDISC ADAS-Cog - Word Recognition: Word 4,ADCRGW04;Word Recognition: Word [4];CDISC ADAS-Cog - Word Recognition: Word 4
C100254,CDISC ADAS-Cog - Word Recognition: Word 4,ADCRGW04;Word Recognition: Word [4];CDISC ADAS-Cog - Word Recognition: Word 4
C100254,CDISC ADAS-Cog - Word Recognition: Word 4,ADCRGW04;Word Recognition: Word [4];CDISC ADAS-Cog - Word Recognition: Word 4
C100254,CDISC ADAS-Cog - Word Recognition: Word 4,ADCRGW04;Word Recognition: Word [4];CDISC ADAS-Cog - Word Recognition: Word 4
C100254,CDISC ADAS-Cog - Word Recognition: Word 4,ADCRGW04;Word Recognition: Word [4];CDISC ADAS-Cog - Word Recognition: Word 4
C100254,CDISC ADAS-Cog - Word Recognition: Word 4,ADCRGW04;Word Recognition: Word [4];CDISC ADAS-Cog - Word Recognition: Word 4
C100255,CDISC ADAS-Cog - Word Recognition: Word 5,ADCRGW05;Word Recognition: Word [5];CDISC ADAS-Cog - Word Recognition: Word 5
C100255,CDISC ADAS-Cog - Word Recognition: Word 5,ADCRGW05;Word Recognition: Word [5];CDISC ADAS-Cog - Word Recognition: Word 5
C100255,CDISC ADAS-Cog - Word Recognition: Word 5,ADCRGW05;Word Recognition: Word [5];CDISC ADAS-Cog - Word Recognition: Word 5
C100255,CDISC ADAS-Cog - Word Recognition: Word 5,ADCRGW05;Word Recognition: Word [5];CDISC ADAS-Cog - Word Recognition: Word 5
C100255,CDISC ADAS-Cog - Word Recognition: Word 5,ADCRGW05;Word Recognition: Word [5];CDISC ADAS-Cog - Word Recognition: Word 5
C100255,CDISC ADAS-Cog - Word Recognition: Word 5,ADCRGW05;Word Recognition: Word [5];CDISC ADAS-Cog - Word Recognition: Word 5
C100255,CDISC ADAS-Cog - Word Recognition: Word 5,ADCRGW05;Word Recognition: Word [5];CDISC ADAS-Cog - Word Recognition: Word 5
C100255,CDISC ADAS-Cog - Word Recognition: Word 5,ADCRGW05;Word Recognition: Word [5];CDISC ADAS-Cog - Word Recognition: Word 5
C100256,CDISC ADAS-Cog - Word Recognition: Word 6,ADCRGW06;Word Recognition: Word [6];CDISC ADAS-Cog - Word Recognition: Word 6
C100256,CDISC ADAS-Cog - Word Recognition: Word 6,ADCRGW06;Word Recognition: Word [6];CDISC ADAS-Cog - Word Recognition: Word 6
C100256,CDISC ADAS-Cog - Word Recognition: Word 6,ADCRGW06;Word Recognition: Word [6];CDISC ADAS-Cog - Word Recognition: Word 6
C100256,CDISC ADAS-Cog - Word Recognition: Word 6,ADCRGW06;Word Recognition: Word [6];CDISC ADAS-Cog - Word Recognition: Word 6
C100256,CDISC ADAS-Cog - Word Recognition: Word 6,ADCRGW06;Word Recognition: Word [6];CDISC ADAS-Cog - Word Recognition: Word 6
C100256,CDISC ADAS-Cog - Word Recognition: Word 6,ADCRGW06;Word Recognition: Word [6];CDISC ADAS-Cog - Word Recognition: Word 6
C100256,CDISC ADAS-Cog - Word Recognition: Word 6,ADCRGW06;Word Recognition: Word [6];CDISC ADAS-Cog - Word Recognition: Word 6
C100256,CDISC ADAS-Cog - Word Recognition: Word 6,ADCRGW06;Word Recognition: Word [6];CDISC ADAS-Cog - Word Recognition: Word 6
C100257,CDISC ADAS-Cog - Word Recognition: Word 7,ADCRGW07;Word Recognition: Word [7];CDISC ADAS-Cog - Word Recognition: Word 7
C100257,CDISC ADAS-Cog - Word Recognition: Word 7,ADCRGW07;Word Recognition: Word [7];CDISC ADAS-Cog - Word Recognition: Word 7
C100257,CDISC ADAS-Cog - Word Recognition: Word 7,ADCRGW07;Word Recognition: Word [7];CDISC ADAS-Cog - Word Recognition: Word 7
C100257,CDISC ADAS-Cog - Word Recognition: Word 7,ADCRGW07;Word Recognition: Word [7];CDISC ADAS-Cog - Word Recognition: Word 7
C100257,CDISC ADAS-Cog - Word Recognition: Word 7,ADCRGW07;Word Recognition: Word [7];CDISC ADAS-Cog - Word Recognition: Word 7
C100257,CDISC ADAS-Cog - Word Recognition: Word 7,ADCRGW07;Word Recognition: Word [7];CDISC ADAS-Cog - Word Recognition: Word 7
C100257,CDISC ADAS-Cog - Word Recognition: Word 7,ADCRGW07;Word Recognition: Word [7];CDISC ADAS-Cog - Word Recognition: Word 7
C100257,CDISC ADAS-Cog - Word Recognition: Word 7,ADCRGW07;Word Recognition: Word [7];CDISC ADAS-Cog - Word Recognition: Word 7
C100258,CDISC ADAS-Cog - Word Recognition: Word 8,ADCRGW08;Word Recognition: Word [8];CDISC ADAS-Cog - Word Recognition: Word 8
C100258,CDISC ADAS-Cog - Word Recognition: Word 8,ADCRGW08;Word Recognition: Word [8];CDISC ADAS-Cog - Word Recognition: Word 8
C100258,CDISC ADAS-Cog - Word Recognition: Word 8,ADCRGW08;Word Recognition: Word [8];CDISC ADAS-Cog - Word Recognition: Word 8
C100258,CDISC ADAS-Cog - Word Recognition: Word 8,ADCRGW08;Word Recognition: Word [8];CDISC ADAS-Cog - Word Recognition: Word 8
C100258,CDISC ADAS-Cog - Word Recognition: Word 8,ADCRGW08;Word Recognition: Word [8];CDISC ADAS-Cog - Word Recognition: Word 8
C100258,CDISC ADAS-Cog - Word Recognition: Word 8,ADCRGW08;Word Recognition: Word [8];CDISC ADAS-Cog - Word Recognition: Word 8
C100258,CDISC ADAS-Cog - Word Recognition: Word 8,ADCRGW08;Word Recognition: Word [8];CDISC ADAS-Cog - Word Recognition: Word 8
C100258,CDISC ADAS-Cog - Word Recognition: Word 8,ADCRGW08;Word Recognition: Word [8];CDISC ADAS-Cog - Word Recognition: Word 8
C100259,CDISC ADAS-Cog - Word Recognition: Word 9,ADCRGW09;Word Recognition: Word [9];CDISC ADAS-Cog - Word Recognition: Word 9
C100259,CDISC ADAS-Cog - Word Recognition: Word 9,ADCRGW09;Word Recognition: Word [9];CDISC ADAS-Cog - Word Recognition: Word 9
C100259,CDISC ADAS-Cog - Word Recognition: Word 9,ADCRGW09;Word Recognition: Word [9];CDISC ADAS-Cog - Word Recognition: Word 9
C100259,CDISC ADAS-Cog - Word Recognition: Word 9,ADCRGW09;Word Recognition: Word [9];CDISC ADAS-Cog - Word Recognition: Word 9
C100259,CDISC ADAS-Cog - Word Recognition: Word 9,ADCRGW09;Word Recognition: Word [9];CDISC ADAS-Cog - Word Recognition: Word 9
C100259,CDISC ADAS-Cog - Word Recognition: Word 9,ADCRGW09;Word Recognition: Word [9];CDISC ADAS-Cog - Word Recognition: Word 9
C100259,CDISC ADAS-Cog - Word Recognition: Word 9,ADCRGW09;Word Recognition: Word [9];CDISC ADAS-Cog - Word Recognition: Word 9
C100259,CDISC ADAS-Cog - Word Recognition: Word 9,ADCRGW09;Word Recognition: Word [9];CDISC ADAS-Cog - Word Recognition: Word 9
C211913,CDISC QRS Instruments Questions,CDISC QRS Instruments Questions
C156602,CDISC Therapeutic Area User Guide Name and Version,CDISC Therapeutic Area User Guide;CTAUG
C156602,CDISC Therapeutic Area User Guide Name and Version,CDISC Therapeutic Area User Guide;CTAUG
C156602,CDISC Therapeutic Area User Guide Name and Version,CDISC Therapeutic Area User Guide;CTAUG
C156602,CDISC Therapeutic Area User Guide Name and Version,CDISC Therapeutic Area User Guide;CTAUG
C156602,CDISC Therapeutic Area User Guide Name and Version,CDISC Therapeutic Area User Guide;CTAUG
C156602,CDISC Therapeutic Area User Guide Name and Version,CDISC Therapeutic Area User Guide;CTAUG
C204700,CDISC Tobacco Implementation Guide Version,TIGVER;Tobacco IG Version;Tobacco Implementation Guide Version
C204700,CDISC Tobacco Implementation Guide Version,TIGVER;Tobacco IG Version;Tobacco Implementation Guide Version
C204700,CDISC Tobacco Implementation Guide Version,TIGVER;Tobacco IG Version;Tobacco Implementation Guide Version
C132556,CES - Ever Combat Patrols or Dangerous Duty,CES01-Ever Combat Patrols/Dangerous Duty;CES0101;CES - Ever Combat Patrols or Dangerous Duty
C132556,CES - Ever Combat Patrols or Dangerous Duty,CES01-Ever Combat Patrols/Dangerous Duty;CES0101;CES - Ever Combat Patrols or Dangerous Duty
C132556,CES - Ever Combat Patrols or Dangerous Duty,CES01-Ever Combat Patrols/Dangerous Duty;CES0101;CES - Ever Combat Patrols or Dangerous Duty
C132556,CES - Ever Combat Patrols or Dangerous Duty,CES01-Ever Combat Patrols/Dangerous Duty;CES0101;CES - Ever Combat Patrols or Dangerous Duty
C132558,CES - Ever Surrounded by the Enemy,CES01-Ever Surrounded by the Enemy;CES0103;CES - Ever Surrounded by the Enemy
C132558,CES - Ever Surrounded by the Enemy,CES01-Ever Surrounded by the Enemy;CES0103;CES - Ever Surrounded by the Enemy
C132558,CES - Ever Surrounded by the Enemy,CES01-Ever Surrounded by the Enemy;CES0103;CES - Ever Surrounded by the Enemy
C132558,CES - Ever Surrounded by the Enemy,CES01-Ever Surrounded by the Enemy;CES0103;CES - Ever Surrounded by the Enemy
C132560,CES - How Often Fire Rounds at Enemy,CES01-How Often Fire Rounds at Enemy;CES0105;CES - How Often Fire Rounds at Enemy
C132560,CES - How Often Fire Rounds at Enemy,CES01-How Often Fire Rounds at Enemy;CES0105;CES - How Often Fire Rounds at Enemy
C132560,CES - How Often Fire Rounds at Enemy,CES01-How Often Fire Rounds at Enemy;CES0105;CES - How Often Fire Rounds at Enemy
C132560,CES - How Often Fire Rounds at Enemy,CES01-How Often Fire Rounds at Enemy;CES0105;CES - How Often Fire Rounds at Enemy
C132562,CES - In Danger of Being Injured or Killed,CES01-In Danger of Being Injured/Killed;CES0107;CES - In Danger of Being Injured or Killed
C132562,CES - In Danger of Being Injured or Killed,CES01-In Danger of Being Injured/Killed;CES0107;CES - In Danger of Being Injured or Killed
C132562,CES - In Danger of Being Injured or Killed,CES01-In Danger of Being Injured/Killed;CES0107;CES - In Danger of Being Injured or Killed
C132562,CES - In Danger of Being Injured or Killed,CES01-In Danger of Being Injured/Killed;CES0107;CES - In Danger of Being Injured or Killed
C132561,CES - See Someone Hit by Rounds,CES01-See Someone Hit by Rounds;CES0106;CES - See Someone Hit by Rounds
C132561,CES - See Someone Hit by Rounds,CES01-See Someone Hit by Rounds;CES0106;CES - See Someone Hit by Rounds
C132561,CES - See Someone Hit by Rounds,CES01-See Someone Hit by Rounds;CES0106;CES - See Someone Hit by Rounds
C132561,CES - See Someone Hit by Rounds,CES01-See Someone Hit by Rounds;CES0106;CES - See Someone Hit by Rounds
C132559,"CES - Soldiers in Unit Killed (KIA), Wounded, Missing (MIA)","CES01-Soldiers in Unit KIA, Wounded, MIA;CES0104;CES - Soldiers in Unit Killed (KIA), Wounded, Missing (MIA)"
C132559,"CES - Soldiers in Unit Killed (KIA), Wounded, Missing (MIA)","CES01-Soldiers in Unit KIA, Wounded, MIA;CES0104;CES - Soldiers in Unit Killed (KIA), Wounded, Missing (MIA)"
C132559,"CES - Soldiers in Unit Killed (KIA), Wounded, Missing (MIA)","CES01-Soldiers in Unit KIA, Wounded, MIA;CES0104;CES - Soldiers in Unit Killed (KIA), Wounded, Missing (MIA)"
C132559,"CES - Soldiers in Unit Killed (KIA), Wounded, Missing (MIA)","CES01-Soldiers in Unit KIA, Wounded, MIA;CES0104;CES - Soldiers in Unit Killed (KIA), Wounded, Missing (MIA)"
C132557,CES - Were You Ever Under Enemy Fire,CES01-Were You Ever Under Enemy Fire;CES0102;CES - Were You Ever Under Enemy Fire
C132557,CES - Were You Ever Under Enemy Fire,CES01-Were You Ever Under Enemy Fire;CES0102;CES - Were You Ever Under Enemy Fire
C132557,CES - Were You Ever Under Enemy Fire,CES01-Were You Ever Under Enemy Fire;CES0102;CES - Were You Ever Under Enemy Fire
C132557,CES - Were You Ever Under Enemy Fire,CES01-Were You Ever Under Enemy Fire;CES0102;CES - Were You Ever Under Enemy Fire
C135815,CGI Generic Modification Version - Change,CGI02-Change;CGI0202;CGI Generic Modification Version - Change
C135815,CGI Generic Modification Version - Change,CGI02-Change;CGI0202;CGI Generic Modification Version - Change
C135815,CGI Generic Modification Version - Change,CGI02-Change;CGI0202;CGI Generic Modification Version - Change
C135815,CGI Generic Modification Version - Change,CGI02-Change;CGI0202;CGI Generic Modification Version - Change
C135815,CGI Generic Modification Version - Change,CGI02-Change;CGI0202;CGI Generic Modification Version - Change
C135816,CGI Generic Modification Version - Improvement,CGI02-Improvement;CGI0203;CGI Generic Modification Version - Improvement
C135816,CGI Generic Modification Version - Improvement,CGI02-Improvement;CGI0203;CGI Generic Modification Version - Improvement
C135816,CGI Generic Modification Version - Improvement,CGI02-Improvement;CGI0203;CGI Generic Modification Version - Improvement
C135816,CGI Generic Modification Version - Improvement,CGI02-Improvement;CGI0203;CGI Generic Modification Version - Improvement
C135816,CGI Generic Modification Version - Improvement,CGI02-Improvement;CGI0203;CGI Generic Modification Version - Improvement
C135814,CGI Generic Modification Version - Severity,CGI02-Severity;CGI0201;CGI Generic Modification Version - Severity
C135814,CGI Generic Modification Version - Severity,CGI02-Severity;CGI0201;CGI Generic Modification Version - Severity
C135814,CGI Generic Modification Version - Severity,CGI02-Severity;CGI0201;CGI Generic Modification Version - Severity
C135814,CGI Generic Modification Version - Severity,CGI02-Severity;CGI0201;CGI Generic Modification Version - Severity
C135814,CGI Generic Modification Version - Severity,CGI02-Severity;CGI0201;CGI Generic Modification Version - Severity
C201990,Caffeine Use History,Caffeine History;Caffeine Use
C201990,Caffeine Use History,Caffeine History;Caffeine Use
C201990,Caffeine Use History,Caffeine History;Caffeine Use
C201990,Caffeine Use History,Caffeine History;Caffeine Use
C201990,Caffeine Use History,Caffeine History;Caffeine Use
C201990,Caffeine Use History,Caffeine History;Caffeine Use
C201990,Caffeine Use History,Caffeine History;Caffeine Use
C201990,Caffeine Use History,Caffeine History;Caffeine Use
C201990,Caffeine Use History,Caffeine History;Caffeine Use
C201990,Caffeine Use History,Caffeine History;Caffeine Use
C201990,Caffeine Use History,Caffeine History;Caffeine Use
C201990,Caffeine Use History,Caffeine History;Caffeine Use
C201990,Caffeine Use History,Caffeine History;Caffeine Use
C201990,Caffeine Use History,Caffeine History;Caffeine Use
C201990,Caffeine Use History,Caffeine History;Caffeine Use
C201990,Caffeine Use History,Caffeine History;Caffeine Use
C201990,Caffeine Use History,Caffeine History;Caffeine Use
C201990,Caffeine Use History,Caffeine History;Caffeine Use
C64488,Calcium Measurement,Calcium;CA
C64488,Calcium Measurement,Calcium;CA
C64488,Calcium Measurement,Calcium;CA
C64488,Calcium Measurement,Calcium;CA
C64488,Calcium Measurement,Calcium;CA
C178060,Calf Circumference,CALFCIR
C178060,Calf Circumference,CALFCIR
C178060,Calf Circumference,CALFCIR
C168125,Capillary Refill Test,Capillary Refill Time;CPLRFLT
C168125,Capillary Refill Test,Capillary Refill Time;CPLRFLT
C168125,Capillary Refill Test,Capillary Refill Time;CPLRFLT
C64545,Carbon Dioxide Measurement,Carbon Dioxide;CO2
C64545,Carbon Dioxide Measurement,Carbon Dioxide;CO2
C64545,Carbon Dioxide Measurement,Carbon Dioxide;CO2
C64545,Carbon Dioxide Measurement,Carbon Dioxide;CO2
C64545,Carbon Dioxide Measurement,Carbon Dioxide;CO2
C38083,Carbon Monoxide Diffusing Capability Test,Diffusion Capacity of Lung for CO;DLCO;TLCO;Transfer Factor of Lung for CO;Diffusion Capacity of the Lung for Carbon Monoxide;PFT/DLCO;Pulmonary Function Test/Carbon Monoxide Diffusing Capability
C38083,Carbon Monoxide Diffusing Capability Test,Diffusion Capacity of Lung for CO;DLCO;TLCO;Transfer Factor of Lung for CO;Diffusion Capacity of the Lung for Carbon Monoxide;PFT/DLCO;Pulmonary Function Test/Carbon Monoxide Diffusing Capability
C38083,Carbon Monoxide Diffusing Capability Test,Diffusion Capacity of Lung for CO;DLCO;TLCO;Transfer Factor of Lung for CO;Diffusion Capacity of the Lung for Carbon Monoxide;PFT/DLCO;Pulmonary Function Test/Carbon Monoxide Diffusing Capability
C139084,Carbon Monoxide Measurement,Carbon Monoxide;CO
C139084,Carbon Monoxide Measurement,Carbon Monoxide;CO
C139084,Carbon Monoxide Measurement,Carbon Monoxide;CO
C139084,Carbon Monoxide Measurement,Carbon Monoxide;CO
C96591,Carboxyhemoglobin Measurement,Carboxyhemoglobin
C96591,Carboxyhemoglobin Measurement,Carboxyhemoglobin
C96591,Carboxyhemoglobin Measurement,Carboxyhemoglobin
C96591,Carboxyhemoglobin Measurement,Carboxyhemoglobin
C122008,Cardiovascular Examination,Cardiac Examination
C111153,Cellularity Measurement,CELLULAR;Cellularity Grade;Cellularity Index;Percent Cellularity
C111153,Cellularity Measurement,CELLULAR;Cellularity Grade;Cellularity Index;Percent Cellularity
C111153,Cellularity Measurement,CELLULAR;Cellularity Grade;Cellularity Index;Percent Cellularity
C111153,Cellularity Measurement,CELLULAR;Cellularity Grade;Cellularity Index;Percent Cellularity
C111153,Cellularity Measurement,CELLULAR;Cellularity Grade;Cellularity Index;Percent Cellularity
C111153,Cellularity Measurement,CELLULAR;Cellularity Grade;Cellularity Index;Percent Cellularity
C111153,Cellularity Measurement,CELLULAR;Cellularity Grade;Cellularity Index;Percent Cellularity
C214750,Challenge Agent Name,CAGTNAM
C214750,Challenge Agent Name,CAGTNAM
C214750,Challenge Agent Name,CAGTNAM
C214750,Challenge Agent Name,CAGTNAM
C214750,Challenge Agent Name,CAGTNAM
C111155,Chamber Hypertrophy or Enlargement ECG Assessment,CHYPTENL;Chamber Hypertrophy or Enlargement
C111155,Chamber Hypertrophy or Enlargement ECG Assessment,CHYPTENL;Chamber Hypertrophy or Enlargement
C111155,Chamber Hypertrophy or Enlargement ECG Assessment,CHYPTENL;Chamber Hypertrophy or Enlargement
C111155,Chamber Hypertrophy or Enlargement ECG Assessment,CHYPTENL;Chamber Hypertrophy or Enlargement
C111155,Chamber Hypertrophy or Enlargement ECG Assessment,CHYPTENL;Chamber Hypertrophy or Enlargement
C111155,Chamber Hypertrophy or Enlargement ECG Assessment,CHYPTENL;Chamber Hypertrophy or Enlargement
C111155,Chamber Hypertrophy or Enlargement ECG Assessment,CHYPTENL;Chamber Hypertrophy or Enlargement
C49237,Chemistry Test,Chemistry Measurement;Chemistry Procedure;Chemistry Technique
C156606,Chest Circumference,CHESTCIR
C156606,Chest Circumference,CHESTCIR
C156606,Chest Circumference,CHESTCIR
C121069,Child-Pugh - Ascites,CPS01-Ascites;CPS0102;Child-Pugh - Ascites
C121069,Child-Pugh - Ascites,CPS01-Ascites;CPS0102;Child-Pugh - Ascites
C121069,Child-Pugh - Ascites,CPS01-Ascites;CPS0102;Child-Pugh - Ascites
C121069,Child-Pugh - Ascites,CPS01-Ascites;CPS0102;Child-Pugh - Ascites
C121069,Child-Pugh - Ascites,CPS01-Ascites;CPS0102;Child-Pugh - Ascites
C121068,Child-Pugh - Encephalopathy Grade,CPS01-Encephalopathy Grade;CPS0101;Child-Pugh - Encephalopathy Grade
C121068,Child-Pugh - Encephalopathy Grade,CPS01-Encephalopathy Grade;CPS0101;Child-Pugh - Encephalopathy Grade
C121068,Child-Pugh - Encephalopathy Grade,CPS01-Encephalopathy Grade;CPS0101;Child-Pugh - Encephalopathy Grade
C121068,Child-Pugh - Encephalopathy Grade,CPS01-Encephalopathy Grade;CPS0101;Child-Pugh - Encephalopathy Grade
C121068,Child-Pugh - Encephalopathy Grade,CPS01-Encephalopathy Grade;CPS0101;Child-Pugh - Encephalopathy Grade
C121075,Child-Pugh - Grade,CPS01-Grade;CPS0107;Child-Pugh - Grade
C121075,Child-Pugh - Grade,CPS01-Grade;CPS0107;Child-Pugh - Grade
C121075,Child-Pugh - Grade,CPS01-Grade;CPS0107;Child-Pugh - Grade
C121075,Child-Pugh - Grade,CPS01-Grade;CPS0107;Child-Pugh - Grade
C121073,"Child-Pugh - PT, INR","CPS01-PT, INR;CPS0105B;Child-Pugh - PT, INR"
C121073,"Child-Pugh - PT, INR","CPS01-PT, INR;CPS0105B;Child-Pugh - PT, INR"
C121073,"Child-Pugh - PT, INR","CPS01-PT, INR;CPS0105B;Child-Pugh - PT, INR"
C121073,"Child-Pugh - PT, INR","CPS01-PT, INR;CPS0105B;Child-Pugh - PT, INR"
C121073,"Child-Pugh - PT, INR","CPS01-PT, INR;CPS0105B;Child-Pugh - PT, INR"
C121072,"Child-Pugh - PT, Sec Prolonged","CPS01-PT, Sec Prolonged;CPS0105A;Child-Pugh - PT, Sec Prolonged"
C121072,"Child-Pugh - PT, Sec Prolonged","CPS01-PT, Sec Prolonged;CPS0105A;Child-Pugh - PT, Sec Prolonged"
C121072,"Child-Pugh - PT, Sec Prolonged","CPS01-PT, Sec Prolonged;CPS0105A;Child-Pugh - PT, Sec Prolonged"
C121072,"Child-Pugh - PT, Sec Prolonged","CPS01-PT, Sec Prolonged;CPS0105A;Child-Pugh - PT, Sec Prolonged"
C121072,"Child-Pugh - PT, Sec Prolonged","CPS01-PT, Sec Prolonged;CPS0105A;Child-Pugh - PT, Sec Prolonged"
C121072,"Child-Pugh - PT, Sec Prolonged","CPS01-PT, Sec Prolonged;CPS0105A;Child-Pugh - PT, Sec Prolonged"
C121071,Child-Pugh - Serum Albumin,CPS01-Serum Albumin;CPS0104;Child-Pugh - Serum Albumin
C121071,Child-Pugh - Serum Albumin,CPS01-Serum Albumin;CPS0104;Child-Pugh - Serum Albumin
C121071,Child-Pugh - Serum Albumin,CPS01-Serum Albumin;CPS0104;Child-Pugh - Serum Albumin
C121071,Child-Pugh - Serum Albumin,CPS01-Serum Albumin;CPS0104;Child-Pugh - Serum Albumin
C121071,Child-Pugh - Serum Albumin,CPS01-Serum Albumin;CPS0104;Child-Pugh - Serum Albumin
C121071,Child-Pugh - Serum Albumin,CPS01-Serum Albumin;CPS0104;Child-Pugh - Serum Albumin
C121070,Child-Pugh - Serum Bilirubin,CPS01-Serum Bilirubin;CPS0103;Child-Pugh - Serum Bilirubin
C121070,Child-Pugh - Serum Bilirubin,CPS01-Serum Bilirubin;CPS0103;Child-Pugh - Serum Bilirubin
C121070,Child-Pugh - Serum Bilirubin,CPS01-Serum Bilirubin;CPS0103;Child-Pugh - Serum Bilirubin
C121070,Child-Pugh - Serum Bilirubin,CPS01-Serum Bilirubin;CPS0103;Child-Pugh - Serum Bilirubin
C121070,Child-Pugh - Serum Bilirubin,CPS01-Serum Bilirubin;CPS0103;Child-Pugh - Serum Bilirubin
C121070,Child-Pugh - Serum Bilirubin,CPS01-Serum Bilirubin;CPS0103;Child-Pugh - Serum Bilirubin
C121074,Child-Pugh - Total Score,CPS01-Total Score;CPS0106;Child-Pugh - Total Score
C121074,Child-Pugh - Total Score,CPS01-Total Score;CPS0106;Child-Pugh - Total Score
C121074,Child-Pugh - Total Score,CPS01-Total Score;CPS0106;Child-Pugh - Total Score
C121074,Child-Pugh - Total Score,CPS01-Total Score;CPS0106;Child-Pugh - Total Score
C121074,Child-Pugh - Total Score,CPS01-Total Score;CPS0106;Child-Pugh - Total Score
C121007,Child-Pugh Clinical Classification,Child-Pugh;CHILD-PUGH CLASSIFICATION;Child-Pugh Classification;Child-Pugh Score;CPS01
C121007,Child-Pugh Clinical Classification,Child-Pugh;CHILD-PUGH CLASSIFICATION;Child-Pugh Classification;Child-Pugh Score;CPS01
C121007,Child-Pugh Clinical Classification,Child-Pugh;CHILD-PUGH CLASSIFICATION;Child-Pugh Classification;Child-Pugh Score;CPS01
C121007,Child-Pugh Clinical Classification,Child-Pugh;CHILD-PUGH CLASSIFICATION;Child-Pugh Classification;Child-Pugh Score;CPS01
C106508,Childbearing Potential,CHILDPOT
C106508,Childbearing Potential,CHILDPOT
C64495,Chloride Measurement,Chloride;CL
C64495,Chloride Measurement,Chloride;CL
C64495,Chloride Measurement,Chloride;CL
C64495,Chloride Measurement,Chloride;CL
C64495,Chloride Measurement,Chloride;CL
C105586,Cholesterol Measurement,CHOL;Cholesterol;Total Cholesterol
C105586,Cholesterol Measurement,CHOL;Cholesterol;Total Cholesterol
C105586,Cholesterol Measurement,CHOL;Cholesterol;Total Cholesterol
C105586,Cholesterol Measurement,CHOL;Cholesterol;Total Cholesterol
C105586,Cholesterol Measurement,CHOL;Cholesterol;Total Cholesterol
C64851,Choriogonadotropin Beta Measurement,beta-hCG;Choriogonadotropin Beta;Pregnancy Test;HCG
C64851,Choriogonadotropin Beta Measurement,beta-hCG;Choriogonadotropin Beta;Pregnancy Test;HCG
C64851,Choriogonadotropin Beta Measurement,beta-hCG;Choriogonadotropin Beta;Pregnancy Test;HCG
C147128,Choriogonadotropin Measurement,Choriogonadotropin;Human Chorionic Gonadotropin;HCGND
C146691,Circulating Tumor Cells Positive,CTC Positive;Circulating Tumor Cells Present
C146691,Circulating Tumor Cells Positive,CTC Positive;Circulating Tumor Cells Present
C146691,Circulating Tumor Cells Positive,CTC Positive;Circulating Tumor Cells Present
C146691,Circulating Tumor Cells Positive,CTC Positive;Circulating Tumor Cells Present
C146691,Circulating Tumor Cells Positive,CTC Positive;Circulating Tumor Cells Present
C146691,Circulating Tumor Cells Positive,CTC Positive;Circulating Tumor Cells Present
C183130,Circulating Tumor-Derived DNA Positive,Cell-Free Circulating Tumor DNA;Circulating Tumor DNA;Circulating Tumor-Derived DNA;ctDNA;ctdDNA
C183130,Circulating Tumor-Derived DNA Positive,Cell-Free Circulating Tumor DNA;Circulating Tumor DNA;Circulating Tumor-Derived DNA;ctDNA;ctdDNA
C183130,Circulating Tumor-Derived DNA Positive,Cell-Free Circulating Tumor DNA;Circulating Tumor DNA;Circulating Tumor-Derived DNA;ctDNA;ctdDNA
C183130,Circulating Tumor-Derived DNA Positive,Cell-Free Circulating Tumor DNA;Circulating Tumor DNA;Circulating Tumor-Derived DNA;ctDNA;ctdDNA
C183130,Circulating Tumor-Derived DNA Positive,Cell-Free Circulating Tumor DNA;Circulating Tumor DNA;Circulating Tumor-Derived DNA;ctDNA;ctdDNA
C183130,Circulating Tumor-Derived DNA Positive,Cell-Free Circulating Tumor DNA;Circulating Tumor DNA;Circulating Tumor-Derived DNA;ctDNA;ctdDNA
C123443,Clinical Change by Non-Invasive Imaging Procedure,NINVIMGC;Non-Invasive Imaging Change
C123443,Clinical Change by Non-Invasive Imaging Procedure,NINVIMGC;Non-Invasive Imaging Change
C123443,Clinical Change by Non-Invasive Imaging Procedure,NINVIMGC;Non-Invasive Imaging Change
C123443,Clinical Change by Non-Invasive Imaging Procedure,NINVIMGC;Non-Invasive Imaging Change
C123443,Clinical Change by Non-Invasive Imaging Procedure,NINVIMGC;Non-Invasive Imaging Change
C123443,Clinical Change by Non-Invasive Imaging Procedure,NINVIMGC;Non-Invasive Imaging Change
C123443,Clinical Change by Non-Invasive Imaging Procedure,NINVIMGC;Non-Invasive Imaging Change
C123443,Clinical Change by Non-Invasive Imaging Procedure,NINVIMGC;Non-Invasive Imaging Change
C181043,Clinical Findings Indicator,Clinical Finding Indicator
C135738,Clinical Global Impression Generic Modification Version Questionnaire,CGI;CGI02
C135738,Clinical Global Impression Generic Modification Version Questionnaire,CGI;CGI02
C135738,Clinical Global Impression Generic Modification Version Questionnaire,CGI;CGI02
C135738,Clinical Global Impression Generic Modification Version Questionnaire,CGI;CGI02
C25218,Clinical Intervention or Procedure,Procedure;Intervention
C119797,Clinical Observations Category,CLCAT
C135478,Clinical Performance Status,CPRFSTAT
C135478,Clinical Performance Status,CPRFSTAT
C135478,Clinical Performance Status,CPRFSTAT
C135478,Clinical Performance Status,CPRFSTAT
C135478,Clinical Performance Status,CPRFSTAT
C15206,Clinical Study,study;Clinical Research;Clinical Studies;Study
C127788,Clinical Study Citation,Citation Used in Study;CITNSTDY
C127788,Clinical Study Citation,Citation Used in Study;CITNSTDY
C127788,Clinical Study Citation,Citation Used in Study;CITNSTDY
C127788,Clinical Study Citation,Citation Used in Study;CITNSTDY
C127788,Clinical Study Citation,Citation Used in Study;CITNSTDY
C127788,Clinical Study Citation,Citation Used in Study;CITNSTDY
C90462,Clinical Study End Date,SENDTC;Study End Date
C90462,Clinical Study End Date,SENDTC;Study End Date
C90462,Clinical Study End Date,SENDTC;Study End Date
C90462,Clinical Study End Date,SENDTC;Study End Date
C142438,Clinical Study Functional Role,functional roles (in a study)
C139273,Clinical Study Report Archive Date,CSRARDTC
C139273,Clinical Study Report Archive Date,CSRARDTC
C139273,Clinical Study Report Archive Date,CSRARDTC
C139273,Clinical Study Report Archive Date,CSRARDTC
C70793,Clinical Study Sponsor,Sponsor;sponsor;CLINICAL STUDY SPONSOR;SPONSOR;Study Sponsor
C70793,Clinical Study Sponsor,Sponsor;sponsor;CLINICAL STUDY SPONSOR;SPONSOR;Study Sponsor
C70793,Clinical Study Sponsor,Sponsor;sponsor;CLINICAL STUDY SPONSOR;SPONSOR;Study Sponsor
C70793,Clinical Study Sponsor,Sponsor;sponsor;CLINICAL STUDY SPONSOR;SPONSOR;Study Sponsor
C70793,Clinical Study Sponsor,Sponsor;sponsor;CLINICAL STUDY SPONSOR;SPONSOR;Study Sponsor
C49652,Clinical Study by Intent,TINDTP;Trial Intent;Trial Intent Type;Clinical Study Intent;Study Intent;Trial Indication Type
C49652,Clinical Study by Intent,TINDTP;Trial Intent;Trial Intent Type;Clinical Study Intent;Study Intent;Trial Indication Type
C49652,Clinical Study by Intent,TINDTP;Trial Intent;Trial Intent Type;Clinical Study Intent;Study Intent;Trial Indication Type
C49652,Clinical Study by Intent,TINDTP;Trial Intent;Trial Intent Type;Clinical Study Intent;Study Intent;Trial Indication Type
C49652,Clinical Study by Intent,TINDTP;Trial Intent;Trial Intent Type;Clinical Study Intent;Study Intent;Trial Indication Type
C49652,Clinical Study by Intent,TINDTP;Trial Intent;Trial Intent Type;Clinical Study Intent;Study Intent;Trial Indication Type
C16112,Clinical Trial Eligibility Criteria,Eligibility Criteria;Study Eligibility Criteria
C142450,Clinical Trial Objective,objective;Study Objective
C98714,Clinical Trial Registry Identifier,REGID;Registry Identifier
C98714,Clinical Trial Registry Identifier,REGID;Registry Identifier
C98714,Clinical Trial Registry Identifier,REGID;Registry Identifier
C98714,Clinical Trial Registry Identifier,REGID;Registry Identifier
C15787,Clinical Trials Design,Trial Design
C118969,Clinical or Research Assessment Classification,CC
C91102,Clinical or Research Assessment Question,Clinical or Research Assessment Question
C91105,Clinical or Research Assessment Questionnaire,QS
C172240,Clinicaltrials.gov Identifier,clinical trial id;clinical_trial_id;Trial ID;Clinicaltrials.gov ID;Clinicaltrials.gov NCT Identifier;Clinicaltrials.gov NCT Number;NCT ID;NCT Number
C127792,Clinicaltrials.gov NCT Number for the Expanded Access Record,Expanded Access Record NCT Number;EXPARECN
C127792,Clinicaltrials.gov NCT Number for the Expanded Access Record,Expanded Access Record NCT Number;EXPARECN
C127792,Clinicaltrials.gov NCT Number for the Expanded Access Record,Expanded Access Record NCT Number;EXPARECN
C127792,Clinicaltrials.gov NCT Number for the Expanded Access Record,Expanded Access Record NCT Number;EXPARECN
C64546,Color Assessment,COLOR;Color
C64546,Color Assessment,COLOR;Color
C64546,Color Assessment,COLOR;Color
C64546,Color Assessment,COLOR;Color
C132532,Combat Exposure Scale Questionnaire,CES;CES01
C132532,Combat Exposure Scale Questionnaire,CES;CES01
C132532,Combat Exposure Scale Questionnaire,CES;CES01
C132532,Combat Exposure Scale Questionnaire,CES;CES01
C70705,Component of Study Protocol,Protocol Component
C17204,Computed Tomography,CAT Scan;Computed Axial Tomography;Computed Tomography;Computerized Tomography;CT
C17204,Computed Tomography,CAT Scan;Computed Axial Tomography;Computed Tomography;Computerized Tomography;CT
C17204,Computed Tomography,CAT Scan;Computed Axial Tomography;Computed Tomography;Computerized Tomography;CT
C17204,Computed Tomography,CAT Scan;Computed Axial Tomography;Computed Tomography;Computerized Tomography;CT
C17204,Computed Tomography,CAT Scan;Computed Axial Tomography;Computed Tomography;Computerized Tomography;CT
C17204,Computed Tomography,CAT Scan;Computed Axial Tomography;Computed Tomography;Computerized Tomography;CT
C17204,Computed Tomography,CAT Scan;Computed Axial Tomography;Computed Tomography;Computerized Tomography;CT
C17204,Computed Tomography,CAT Scan;Computed Axial Tomography;Computed Tomography;Computerized Tomography;CT
C17204,Computed Tomography,CAT Scan;Computed Axial Tomography;Computed Tomography;Computerized Tomography;CT
C17204,Computed Tomography,CAT Scan;Computed Axial Tomography;Computed Tomography;Computerized Tomography;CT
C83056,Concomitant Medication Yes No Indicator,CMYN
C83056,Concomitant Medication Yes No Indicator,CMYN
C53630,Concomitant Therapy,Concomitant Medication
C53630,Concomitant Therapy,Concomitant Medication
C53630,Concomitant Therapy,Concomitant Medication
C53630,Concomitant Therapy,Concomitant Medication
C53630,Concomitant Therapy,Concomitant Medication
C53630,Concomitant Therapy,Concomitant Medication
C53630,Concomitant Therapy,Concomitant Medication
C53630,Concomitant Therapy,Concomitant Medication
C53630,Concomitant Therapy,Concomitant Medication
C53630,Concomitant Therapy,Concomitant Medication
C53630,Concomitant Therapy,Concomitant Medication
C53630,Concomitant Therapy,Concomitant Medication
C53630,Concomitant Therapy,Concomitant Medication
C53630,Concomitant Therapy,Concomitant Medication
C53630,Concomitant Therapy,Concomitant Medication
C53630,Concomitant Therapy,Concomitant Medication
C53630,Concomitant Therapy,Concomitant Medication
C53630,Concomitant Therapy,Concomitant Medication
C53630,Concomitant Therapy,Concomitant Medication
C53630,Concomitant Therapy,Concomitant Medication
C53630,Concomitant Therapy,Concomitant Medication
C53630,Concomitant Therapy,Concomitant Medication
C53630,Concomitant Therapy,Concomitant Medication
C53630,Concomitant Therapy,Concomitant Medication
C181527,Condom Use Frequency,CNDUFRQD;Condom Use Frequency Desc;Condom Use Frequency Description
C181527,Condom Use Frequency,CNDUFRQD;Condom Use Frequency Desc;Condom Use Frequency Description
C181526,Condom Use for Most Recent Sexual Intercourse Indicator,CNDMIND;Condom Use Most Recent Sex Interc Ind
C181526,Condom Use for Most Recent Sexual Intercourse Indicator,CNDMIND;Condom Use Most Recent Sex Interc Ind
C98715,Confirmed Response Minimum Duration,CRMDUR
C98715,Confirmed Response Minimum Duration,CRMDUR
C98715,Confirmed Response Minimum Duration,CRMDUR
C98715,Confirmed Response Minimum Duration,CRMDUR
C225437,Confluent Tumor Masses Assessment,TUMERGE;Tumor Merged
C225437,Confluent Tumor Masses Assessment,TUMERGE;Tumor Merged
C225437,Confluent Tumor Masses Assessment,TUMERGE;Tumor Merged
C225437,Confluent Tumor Masses Assessment,TUMERGE;Tumor Merged
C225437,Confluent Tumor Masses Assessment,TUMERGE;Tumor Merged
C225437,Confluent Tumor Masses Assessment,TUMERGE;Tumor Merged
C225437,Confluent Tumor Masses Assessment,TUMERGE;Tumor Merged
C225437,Confluent Tumor Masses Assessment,TUMERGE;Tumor Merged
C225437,Confluent Tumor Masses Assessment,TUMERGE;Tumor Merged
C225437,Confluent Tumor Masses Assessment,TUMERGE;Tumor Merged
C122187,Congenital Abnormality Indicator,CABNIND;Abnormal Indicator
C122187,Congenital Abnormality Indicator,CABNIND;Abnormal Indicator
C49647,Control Type,TCNTRL
C49647,Control Type,TCNTRL
C49647,Control Type,TCNTRL
C49647,Control Type,TCNTRL
C49647,Control Type,TCNTRL
C49647,Control Type,TCNTRL
C25163,Coombs Test,Antiglobulin test;Coombs
C181330,Copy Number Variation Assessment,CPNUMVAR;Gene Copy Number Variation;Copy Number Variation Assessment
C181330,Copy Number Variation Assessment,CPNUMVAR;Gene Copy Number Variation;Copy Number Variation Assessment
C181330,Copy Number Variation Assessment,CPNUMVAR;Gene Copy Number Variation;Copy Number Variation Assessment
C181330,Copy Number Variation Assessment,CPNUMVAR;Gene Copy Number Variation;Copy Number Variation Assessment
C181330,Copy Number Variation Assessment,CPNUMVAR;Gene Copy Number Variation;Copy Number Variation Assessment
C181330,Copy Number Variation Assessment,CPNUMVAR;Gene Copy Number Variation;Copy Number Variation Assessment
C181330,Copy Number Variation Assessment,CPNUMVAR;Gene Copy Number Variation;Copy Number Variation Assessment
C181330,Copy Number Variation Assessment,CPNUMVAR;Gene Copy Number Variation;Copy Number Variation Assessment
C181330,Copy Number Variation Assessment,CPNUMVAR;Gene Copy Number Variation;Copy Number Variation Assessment
C181330,Copy Number Variation Assessment,CPNUMVAR;Gene Copy Number Variation;Copy Number Variation Assessment
C181330,Copy Number Variation Assessment,CPNUMVAR;Gene Copy Number Variation;Copy Number Variation Assessment
C181330,Copy Number Variation Assessment,CPNUMVAR;Gene Copy Number Variation;Copy Number Variation Assessment
C181330,Copy Number Variation Assessment,CPNUMVAR;Gene Copy Number Variation;Copy Number Variation Assessment
C181330,Copy Number Variation Assessment,CPNUMVAR;Gene Copy Number Variation;Copy Number Variation Assessment
C181330,Copy Number Variation Assessment,CPNUMVAR;Gene Copy Number Variation;Copy Number Variation Assessment
C181330,Copy Number Variation Assessment,CPNUMVAR;Gene Copy Number Variation;Copy Number Variation Assessment
C181330,Copy Number Variation Assessment,CPNUMVAR;Gene Copy Number Variation;Copy Number Variation Assessment
C174370,Core Body Temperature,TEMPCB
C174370,Core Body Temperature,TEMPCB
C174370,Core Body Temperature,TEMPCB
C174370,Core Body Temperature,TEMPCB
C119229,Coronary Artery Thrombosis Method of Identification,CATMTHID;Coronary Artery Thrombosis Method Ident
C119229,Coronary Artery Thrombosis Method of Identification,CATMTHID;Coronary Artery Thrombosis Method Ident
C119229,Coronary Artery Thrombosis Method of Identification,CATMTHID;Coronary Artery Thrombosis Method Ident
C119229,Coronary Artery Thrombosis Method of Identification,CATMTHID;Coronary Artery Thrombosis Method Ident
C119229,Coronary Artery Thrombosis Method of Identification,CATMTHID;Coronary Artery Thrombosis Method Ident
C119229,Coronary Artery Thrombosis Method of Identification,CATMTHID;Coronary Artery Thrombosis Method Ident
C92249,Cotinine Measurement,Cotinine
C92249,Cotinine Measurement,Cotinine
C92249,Cotinine Measurement,Cotinine
C92249,Cotinine Measurement,Cotinine
C124455,Country of Manufacture,MNFCNTRY
C124455,Country of Manufacture,MNFCNTRY
C124455,Country of Manufacture,MNFCNTRY
C124455,Country of Manufacture,MNFCNTRY
C124455,Country of Manufacture,MNFCNTRY
C176365,Country of Permanent Address,CTRYPAD;Country of Permanent Address
C176365,Country of Permanent Address,CTRYPAD;Country of Permanent Address
C176365,Country of Permanent Address,CTRYPAD;Country of Permanent Address
C102612,Country of Potential Disease Exposure,CTRYDEXP;Country of Potential Disease Exposure
C102612,Country of Potential Disease Exposure,CTRYDEXP;Country of Potential Disease Exposure
C102612,Country of Potential Disease Exposure,CTRYDEXP;Country of Potential Disease Exposure
C176362,County of Permanent Address,CNTYPAD;County of Permanent Address
C176362,County of Permanent Address,CNTYPAD;County of Permanent Address
C176362,County of Permanent Address,CNTYPAD;County of Permanent Address
C64489,Creatine Kinase Measurement,CK;CPK;Creatine Kinase;Creatine Phosphokinase
C64489,Creatine Kinase Measurement,CK;CPK;Creatine Kinase;Creatine Phosphokinase
C64489,Creatine Kinase Measurement,CK;CPK;Creatine Kinase;Creatine Phosphokinase
C64489,Creatine Kinase Measurement,CK;CPK;Creatine Kinase;Creatine Phosphokinase
C64489,Creatine Kinase Measurement,CK;CPK;Creatine Kinase;Creatine Phosphokinase
C25747,Creatinine Clearance,CREATCLR
C25747,Creatinine Clearance,CREATCLR
C25747,Creatinine Clearance,CREATCLR
C25747,Creatinine Clearance,CREATCLR
C25747,Creatinine Clearance,CREATCLR
C25747,Creatinine Clearance,CREATCLR
C64547,Creatinine Measurement,Creatinine
C64547,Creatinine Measurement,Creatinine
C64547,Creatinine Measurement,Creatinine
C64547,Creatinine Measurement,Creatinine
C64547,Creatinine Measurement,Creatinine
C25466,Criterion,Criteria
C170639,Crown to Heel Length,Crown-to-Heel Length;CRWNHEEL
C170639,Crown to Heel Length,Crown-to-Heel Length;CRWNHEEL
C170639,Crown to Heel Length,Crown-to-Heel Length;CRWNHEEL
C85582,Current Therapy,Background Treatment;Current Therapy or Treatment;CURTRT;Current Treatment
C85582,Current Therapy,Background Treatment;Current Therapy or Treatment;CURTRT;Current Treatment
C85582,Current Therapy,Background Treatment;Current Therapy or Treatment;CURTRT;Current Treatment
C85582,Current Therapy,Background Treatment;Current Therapy or Treatment;CURTRT;Current Treatment
C85582,Current Therapy,Background Treatment;Current Therapy or Treatment;CURTRT;Current Treatment
C92290,Cystatin C Measurement,Cystatin C;CYSTATC
C92290,Cystatin C Measurement,Cystatin C;CYSTATC
C92290,Cystatin C Measurement,Cystatin C;CYSTATC
C92290,Cystatin C Measurement,Cystatin C;CYSTATC
C92290,Cystatin C Measurement,Cystatin C;CYSTATC
C82621,D-Dimer Measurement,D-Dimer;DDIMER;FDP;Fibrin Degragation Products
C82621,D-Dimer Measurement,D-Dimer;DDIMER;FDP;Fibrin Degragation Products
C82621,D-Dimer Measurement,D-Dimer;DDIMER;FDP;Fibrin Degragation Products
C82621,D-Dimer Measurement,D-Dimer;DDIMER;FDP;Fibrin Degragation Products
C82621,D-Dimer Measurement,D-Dimer;DDIMER;FDP;Fibrin Degragation Products
C98717,Data Cutoff Date,DCUTDTC
C98717,Data Cutoff Date,DCUTDTC
C98717,Data Cutoff Date,DCUTDTC
C98717,Data Cutoff Date,DCUTDTC
C98718,Data Cutoff Date Description,Data Cutoff Description;DCUTDESC
C98718,Data Cutoff Date Description,Data Cutoff Description;DCUTDESC
C98718,Data Cutoff Date Description,Data Cutoff Description;DCUTDESC
C127790,Data Monitoring Committee Indicator,DMCIND
C127790,Data Monitoring Committee Indicator,DMCIND
C127790,Data Monitoring Committee Indicator,DMCIND
C127790,Data Monitoring Committee Indicator,DMCIND
C127790,Data Monitoring Committee Indicator,DMCIND
C127790,Data Monitoring Committee Indicator,DMCIND
C25164,Date,Date (MM/DD/YYYY);Dated
C181524,Date of Last Sexual Intercourse,MRSXIDTC;Date of Most Recent Sexual Intercourse
C181524,Date of Last Sexual Intercourse,MRSXIDTC;Date of Most Recent Sexual Intercourse
C135385,Death Certification Indicator,DTHCOIND;Death Certificate Obtained Indicator
C135385,Death Certification Indicator,DTHCOIND;Death Certificate Obtained Indicator
C184505,Death Expected Indicator,DTHEXIND
C184505,Death Expected Indicator,DTHEXIND
C170571,Death Witnessed Indicator,DTHWIND
C170571,Death Witnessed Indicator,DTHWIND
C139270,Deceased Donor Donation Condition,DDDTYPE;Deceased Donor Donation Condition;Deceased Donor Donation Type
C139270,Deceased Donor Donation Condition,DDDTYPE;Deceased Donor Donation Condition;Deceased Donor Donation Type
C139270,Deceased Donor Donation Condition,DDDTYPE;Deceased Donor Donation Condition;Deceased Donor Donation Type
C135514,Delayed Graft Function Diagnostic Criteria Name,Delayed Graft Function Diagnostic Criteria;Delayed Graft Function Dx Criteria;DGFCRIT
C135514,Delayed Graft Function Diagnostic Criteria Name,Delayed Graft Function Diagnostic Criteria;Delayed Graft Function Dx Criteria;DGFCRIT
C135514,Delayed Graft Function Diagnostic Criteria Name,Delayed Graft Function Diagnostic Criteria;Delayed Graft Function Dx Criteria;DGFCRIT
C81179,Delivery Procedure,DLVRMODE;Mode of Delivery;Birth Method of Delivery
C81179,Delivery Procedure,DLVRMODE;Mode of Delivery;Birth Method of Delivery
C25365,Description,DESCR;Desc;Descriptive
C49650,Diagnosis Group,TDIGRP
C49650,Diagnosis Group,TDIGRP
C49650,Diagnosis Group,TDIGRP
C49650,Diagnosis Group,TDIGRP
C49650,Diagnosis Group,TDIGRP
C117960,Diagnostic Criteria,DXCRIT
C117960,Diagnostic Criteria,DXCRIT
C117960,Diagnostic Criteria,DXCRIT
C19591,Diagnostic Factor,Diagnostic Marker
C16502,Diagnostic Imaging Testing,Medical Imaging
C79416,Diagnostic Mammography,Diagnostic Mammogram
C79416,Diagnostic Mammography,Diagnostic Mammogram
C79416,Diagnostic Mammography,Diagnostic Mammogram
C79416,Diagnostic Mammography,Diagnostic Mammogram
C79416,Diagnostic Mammography,Diagnostic Mammogram
C79416,Diagnostic Mammography,Diagnostic Mammogram
C79416,Diagnostic Mammography,Diagnostic Mammogram
C79416,Diagnostic Mammography,Diagnostic Mammogram
C79416,Diagnostic Mammography,Diagnostic Mammogram
C79416,Diagnostic Mammography,Diagnostic Mammogram
C79416,Diagnostic Mammography,Diagnostic Mammogram
C18020,Diagnostic Procedure,Diagnostic Tests
C19337,Diagnostic Ultrasound,Diagnostic Ultrasonography;Diagnosis (US);Ultrasound
C19337,Diagnostic Ultrasound,Diagnostic Ultrasonography;Diagnosis (US);Ultrasound
C19337,Diagnostic Ultrasound,Diagnostic Ultrasonography;Diagnosis (US);Ultrasound
C19337,Diagnostic Ultrasound,Diagnostic Ultrasonography;Diagnosis (US);Ultrasound
C19337,Diagnostic Ultrasound,Diagnostic Ultrasonography;Diagnosis (US);Ultrasound
C19337,Diagnostic Ultrasound,Diagnostic Ultrasonography;Diagnosis (US);Ultrasound
C19337,Diagnostic Ultrasound,Diagnostic Ultrasonography;Diagnosis (US);Ultrasound
C19337,Diagnostic Ultrasound,Diagnostic Ultrasonography;Diagnosis (US);Ultrasound
C19337,Diagnostic Ultrasound,Diagnostic Ultrasonography;Diagnosis (US);Ultrasound
C19337,Diagnostic Ultrasound,Diagnostic Ultrasonography;Diagnosis (US);Ultrasound
C19337,Diagnostic Ultrasound,Diagnostic Ultrasonography;Diagnosis (US);Ultrasound
C19238,"Diagnostic, Therapeutic, or Research Equipment","Diagnostic, Therapeutic, and Research Equipment;Equipment;Hardware"
C25299,Diastolic Blood Pressure,DIABP
C25299,Diastolic Blood Pressure,DIABP
C25299,Diastolic Blood Pressure,DIABP
C25299,Diastolic Blood Pressure,DIABP
C25299,Diastolic Blood Pressure,DIABP
C25299,Diastolic Blood Pressure,DIABP
C25299,Diastolic Blood Pressure,DIABP
C172610,Diastolic Blood Pressure-for-Age Percentile,DBPAPCTL;Diastolic BP-for-Age Percentile
C172610,Diastolic Blood Pressure-for-Age Percentile,DBPAPCTL;Diastolic BP-for-Age Percentile
C172609,Diastolic Blood Pressure-for-Height Percentile,DBPHPCTL;Diastolic BP-for-Height Percentile
C172609,Diastolic Blood Pressure-for-Height Percentile,DBPHPCTL;Diastolic BP-for-Height Percentile
C184481,Dietary Phosphorus Measurement,DP;Dietary Phosphorus
C184481,Dietary Phosphorus Measurement,DP;Dietary Phosphorus
C184481,Dietary Phosphorus Measurement,DP;Dietary Phosphorus
C120830,Diffusion Capacity of the Lung for Carbon Monoxide/Alveolar Volume Ratio,DLCO/VA;DLCOVA
C120830,Diffusion Capacity of the Lung for Carbon Monoxide/Alveolar Volume Ratio,DLCO/VA;DLCOVA
C120830,Diffusion Capacity of the Lung for Carbon Monoxide/Alveolar Volume Ratio,DLCO/VA;DLCOVA
C81974,Direct Antiglobulin Test,"ANGLOBDR;Antiglobulin Test Polyspecific, Direct;Antiglobulin Test, Direct;DAT;Direct Anti-human Globulin Test;Direct Antiglobulin Test;Direct Coombs Test"
C81974,Direct Antiglobulin Test,"ANGLOBDR;Antiglobulin Test Polyspecific, Direct;Antiglobulin Test, Direct;DAT;Direct Anti-human Globulin Test;Direct Antiglobulin Test;Direct Coombs Test"
C81974,Direct Antiglobulin Test,"ANGLOBDR;Antiglobulin Test Polyspecific, Direct;Antiglobulin Test, Direct;DAT;Direct Anti-human Globulin Test;Direct Antiglobulin Test;Direct Coombs Test"
C81974,Direct Antiglobulin Test,"ANGLOBDR;Antiglobulin Test Polyspecific, Direct;Antiglobulin Test, Direct;DAT;Direct Anti-human Globulin Test;Direct Antiglobulin Test;Direct Coombs Test"
C64481,Direct Bilirubin Measurement,BILDIR;Conjugated Bilirubin + Albumin-Bound Bilirubin;Conjugated Bilirubin + Delta Bilirubin;Direct Bilirubin
C64481,Direct Bilirubin Measurement,BILDIR;Conjugated Bilirubin + Albumin-Bound Bilirubin;Conjugated Bilirubin + Delta Bilirubin;Direct Bilirubin
C64481,Direct Bilirubin Measurement,BILDIR;Conjugated Bilirubin + Albumin-Bound Bilirubin;Conjugated Bilirubin + Delta Bilirubin;Direct Bilirubin
C64481,Direct Bilirubin Measurement,BILDIR;Conjugated Bilirubin + Albumin-Bound Bilirubin;Conjugated Bilirubin + Delta Bilirubin;Direct Bilirubin
C64481,Direct Bilirubin Measurement,BILDIR;Conjugated Bilirubin + Albumin-Bound Bilirubin;Conjugated Bilirubin + Delta Bilirubin;Direct Bilirubin
C154888,Discharge Indicator,DSCHGIND
C154888,Discharge Indicator,DSCHGIND
C154888,Discharge Indicator,DSCHGIND
C154888,Discharge Indicator,DSCHGIND
C202576,Disease Contact Investigation Indicator,CINVIND;Contact Investigation Indicator;Disease Contact Investigation Indicator
C202576,Disease Contact Investigation Indicator,CINVIND;Contact Investigation Indicator;Disease Contact Investigation Indicator
C202576,Disease Contact Investigation Indicator,CINVIND;Contact Investigation Indicator;Disease Contact Investigation Indicator
C199843,Disease Indication Under Study Contributed to Death Indicator,CUSCDIND;Cond Under Study Contrib to Death Ind;Condition Under Study Contributed to Death Indicator
C199843,Disease Indication Under Study Contributed to Death Indicator,CUSCDIND;Cond Under Study Contrib to Death Ind;Condition Under Study Contributed to Death Indicator
C123621,Disease Recurrence Indicator,DRCRIND
C123621,Disease Recurrence Indicator,DRCRIND
C123621,Disease Recurrence Indicator,DRCRIND
C123621,Disease Recurrence Indicator,DRCRIND
C123633,Disease Recurrence Relative Location,DRCRLTLC
C123633,Disease Recurrence Relative Location,DRCRLTLC
C123633,Disease Recurrence Relative Location,DRCRLTLC
C123633,Disease Recurrence Relative Location,DRCRLTLC
C135482,Disease Response in Spleen,SPLNRESP;Spleen Response
C135482,Disease Response in Spleen,SPLNRESP;Spleen Response
C135482,Disease Response in Spleen,SPLNRESP;Spleen Response
C135482,Disease Response in Spleen,SPLNRESP;Spleen Response
C135482,Disease Response in Spleen,SPLNRESP;Spleen Response
C17751,Disease-Free Survival,Disease Free;Disease-Free Survival;DFS
C17751,Disease-Free Survival,Disease Free;Disease-Free Survival;DFS
C17751,Disease-Free Survival,Disease Free;Disease-Free Survival;DFS
C17751,Disease-Free Survival,Disease Free;Disease-Free Survival;DFS
C17751,Disease-Free Survival,Disease Free;Disease-Free Survival;DFS
C176363,District of Permanent Address,DISTPAD;District of Permanent Address
C176363,District of Permanent Address,DISTPAD;District of Permanent Address
C176363,District of Permanent Address,DISTPAD;District of Permanent Address
C174364,District of Potential Disease Exposure,DISTDEXP;District of Potential Disease Exposure
C174364,District of Potential Disease Exposure,DISTDEXP;District of Potential Disease Exposure
C174364,District of Potential Disease Exposure,DISTDEXP;District of Potential Disease Exposure
C114182,Dominant Hand,HANDDOM;Dominant Hand
C114182,Dominant Hand,HANDDOM;Dominant Hand
C114182,Dominant Hand,HANDDOM;Dominant Hand
C189632,Dominant Lung Pattern Assessment,Dominant Lung Pattern;DOMLGPT
C189632,Dominant Lung Pattern Assessment,Dominant Lung Pattern;DOMLGPT
C189633,Dominant Lung Pattern Distribution Assessment,Dominant Lung Pattern Distribution;DOMLGPTD
C189633,Dominant Lung Pattern Distribution Assessment,Dominant Lung Pattern Distribution;DOMLGPTD
C139269,Donor Status at Time of Organ Donation,DSTATTOD;Donor Status at Time of Organ Donation
C139269,Donor Status at Time of Organ Donation,DSTATTOD;Donor Status at Time of Organ Donation
C139269,Donor Status at Time of Organ Donation,DSTATTOD;Donor Status at Time of Organ Donation
C73558,Dosage Form Unit,Dose Units;DOSU;TRTDOSU;DF;Dosage Form
C73558,Dosage Form Unit,Dose Units;DOSU;TRTDOSU;DF;Dosage Form
C73558,Dosage Form Unit,Dose Units;DOSU;TRTDOSU;DF;Dosage Form
C73558,Dosage Form Unit,Dose Units;DOSU;TRTDOSU;DF;Dosage Form
C73558,Dosage Form Unit,Dose Units;DOSU;TRTDOSU;DF;Dosage Form
C73558,Dosage Form Unit,Dose Units;DOSU;TRTDOSU;DF;Dosage Form
C25488,Dose,dose;DOSE;Dose Level;Dose per Administration;TRTDOS;Dosage;Doses;{Dose}
C25488,Dose,dose;DOSE;Dose Level;Dose per Administration;TRTDOS;Dosage;Doses;{Dose}
C25488,Dose,dose;DOSE;Dose Level;Dose per Administration;TRTDOS;Dosage;Doses;{Dose}
C89081,Dose Frequency,DOSFRQ;Dosing Frequency
C89081,Dose Frequency,DOSFRQ;Dosing Frequency
C89081,Dose Frequency,DOSFRQ;Dosing Frequency
C89081,Dose Frequency,DOSFRQ;Dosing Frequency
C89081,Dose Frequency,DOSFRQ;Dosing Frequency
C89081,Dose Frequency,DOSFRQ;Dosing Frequency
C71137,Dose Regimen,DOSRGM
C71137,Dose Regimen,DOSRGM
C71137,Dose Regimen,DOSRGM
C25330,Duration,Time;TIME;Time Duration
C189357,Duration of Sexual Abstinence,SEXABDUR
C189357,Duration of Sexual Abstinence,SEXABDUR
C189357,Duration of Sexual Abstinence,SEXABDUR
C42775,E-mail Address,Email Address;E-mail;Electronic Mail Address;Email
C127791,E-mail Address for XML File Feedback,Email Address for XML File;EMAILXML
C127791,E-mail Address for XML File Feedback,Email Address for XML File;EMAILXML
C127791,E-mail Address for XML File Feedback,Email Address for XML File;EMAILXML
C119561,ECG Continuous Monitoring Indicator,ECG Continuous Monitoring;EGCTMON
C119561,ECG Continuous Monitoring Indicator,ECG Continuous Monitoring;EGCTMON
C119561,ECG Continuous Monitoring Indicator,ECG Continuous Monitoring;EGCTMON
C119561,ECG Continuous Monitoring Indicator,ECG Continuous Monitoring;EGCTMON
C119561,ECG Continuous Monitoring Indicator,ECG Continuous Monitoring;EGCTMON
C119561,ECG Continuous Monitoring Indicator,ECG Continuous Monitoring;EGCTMON
C119560,ECG Evaluator Blinding Parameters,ECG Reading Blinded;EGBLIND
C119560,ECG Evaluator Blinding Parameters,ECG Reading Blinded;EGBLIND
C119560,ECG Evaluator Blinding Parameters,ECG Reading Blinded;EGBLIND
C119560,ECG Evaluator Blinding Parameters,ECG Reading Blinded;EGBLIND
C119560,ECG Evaluator Blinding Parameters,ECG Reading Blinded;EGBLIND
C119560,ECG Evaluator Blinding Parameters,ECG Reading Blinded;EGBLIND
C62085,ECG Measurement,EKG Measurement
C119562,ECG Planned Primary Lead for Study,ECG Planned Primary Lead;EGLEADPR
C119562,ECG Planned Primary Lead for Study,ECG Planned Primary Lead;EGLEADPR
C119562,ECG Planned Primary Lead for Study,ECG Planned Primary Lead;EGLEADPR
C119562,ECG Planned Primary Lead for Study,ECG Planned Primary Lead;EGLEADPR
C119562,ECG Planned Primary Lead for Study,ECG Planned Primary Lead;EGLEADPR
C119562,ECG Planned Primary Lead for Study,ECG Planned Primary Lead;EGLEADPR
C119564,ECG Read Method Degree of Automation,ECG Read Method;EGRDMETH
C119564,ECG Read Method Degree of Automation,ECG Read Method;EGRDMETH
C119564,ECG Read Method Degree of Automation,ECG Read Method;EGRDMETH
C119564,ECG Read Method Degree of Automation,ECG Read Method;EGRDMETH
C119564,ECG Read Method Degree of Automation,ECG Read Method;EGRDMETH
C119564,ECG Read Method Degree of Automation,ECG Read Method;EGRDMETH
C119566,ECG Replicates On-Treatment Indicator,ECG Replicates On-Treatment;EGREPLTR
C119566,ECG Replicates On-Treatment Indicator,ECG Replicates On-Treatment;EGREPLTR
C119566,ECG Replicates On-Treatment Indicator,ECG Replicates On-Treatment;EGREPLTR
C119566,ECG Replicates On-Treatment Indicator,ECG Replicates On-Treatment;EGREPLTR
C119566,ECG Replicates On-Treatment Indicator,ECG Replicates On-Treatment;EGREPLTR
C119566,ECG Replicates On-Treatment Indicator,ECG Replicates On-Treatment;EGREPLTR
C119565,ECG Replicates at Baseline Indicator,ECG Replicates at Baseline;EGREPLBL
C119565,ECG Replicates at Baseline Indicator,ECG Replicates at Baseline;EGREPLBL
C119565,ECG Replicates at Baseline Indicator,ECG Replicates at Baseline;EGREPLBL
C119565,ECG Replicates at Baseline Indicator,ECG Replicates at Baseline;EGREPLBL
C119565,ECG Replicates at Baseline Indicator,ECG Replicates at Baseline;EGREPLBL
C119565,ECG Replicates at Baseline Indicator,ECG Replicates at Baseline;EGREPLBL
C119582,ECG T Wave Algorithm,ECG Twave Algorithm;EGTWVALG
C119582,ECG T Wave Algorithm,ECG Twave Algorithm;EGTWVALG
C119582,ECG T Wave Algorithm,ECG Twave Algorithm;EGTWVALG
C117807,ECG Technical Quality,TECHQUAL
C117807,ECG Technical Quality,TECHQUAL
C117807,ECG Technical Quality,TECHQUAL
C117807,ECG Technical Quality,TECHQUAL
C117807,ECG Technical Quality,TECHQUAL
C119563,ECG Used Same Lead Indicator,ECG Used Same Lead;EGLEADSM
C119563,ECG Used Same Lead Indicator,ECG Used Same Lead;EGLEADSM
C119563,ECG Used Same Lead Indicator,ECG Used Same Lead;EGLEADSM
C119563,ECG Used Same Lead Indicator,ECG Used Same Lead;EGLEADSM
C119563,ECG Used Same Lead Indicator,ECG Used Same Lead;EGLEADSM
C119563,ECG Used Same Lead Indicator,ECG Used Same Lead;EGLEADSM
C102408,ECOG - Performance Status,ECOG1-Performance Status;ECOG101;ECOG - Performance Status
C102408,ECOG - Performance Status,ECOG1-Performance Status;ECOG101;ECOG - Performance Status
C102408,ECOG - Performance Status,ECOG1-Performance Status;ECOG101;ECOG - Performance Status
C102408,ECOG - Performance Status,ECOG1-Performance Status;ECOG101;ECOG - Performance Status
C126059,EMA Decision Number for Pediatric Investigation Plan,EMA Decision Number for PIP;EMPIPDCN
C126059,EMA Decision Number for Pediatric Investigation Plan,EMA Decision Number for PIP;EMPIPDCN
C126059,EMA Decision Number for Pediatric Investigation Plan,EMA Decision Number for PIP;EMPIPDCN
C126059,EMA Decision Number for Pediatric Investigation Plan,EMA Decision Number for PIP;EMPIPDCN
C102071,EQ-5D-5L - Anxiety or Depression,EQ5D02-Anxiety/Depression;EQ5D0205
C102071,EQ-5D-5L - Anxiety or Depression,EQ5D02-Anxiety/Depression;EQ5D0205
C102071,EQ-5D-5L - Anxiety or Depression,EQ5D02-Anxiety/Depression;EQ5D0205
C102071,EQ-5D-5L - Anxiety or Depression,EQ5D02-Anxiety/Depression;EQ5D0205
C102071,EQ-5D-5L - Anxiety or Depression,EQ5D02-Anxiety/Depression;EQ5D0205
C102072,EQ-5D-5L - EQ VAS Score,EQ5D02-EQ VAS Score;EQ5D0206
C102072,EQ-5D-5L - EQ VAS Score,EQ5D02-EQ VAS Score;EQ5D0206
C102072,EQ-5D-5L - EQ VAS Score,EQ5D02-EQ VAS Score;EQ5D0206
C102072,EQ-5D-5L - EQ VAS Score,EQ5D02-EQ VAS Score;EQ5D0206
C102072,EQ-5D-5L - EQ VAS Score,EQ5D02-EQ VAS Score;EQ5D0206
C102072,EQ-5D-5L - EQ VAS Score,EQ5D02-EQ VAS Score;EQ5D0206
C102072,EQ-5D-5L - EQ VAS Score,EQ5D02-EQ VAS Score;EQ5D0206
C102072,EQ-5D-5L - EQ VAS Score,EQ5D02-EQ VAS Score;EQ5D0206
C102072,EQ-5D-5L - EQ VAS Score,EQ5D02-EQ VAS Score;EQ5D0206
C102072,EQ-5D-5L - EQ VAS Score,EQ5D02-EQ VAS Score;EQ5D0206
C102067,EQ-5D-5L - Mobility,EQ5D02-Mobility;EQ5D0201
C102067,EQ-5D-5L - Mobility,EQ5D02-Mobility;EQ5D0201
C102067,EQ-5D-5L - Mobility,EQ5D02-Mobility;EQ5D0201
C102067,EQ-5D-5L - Mobility,EQ5D02-Mobility;EQ5D0201
C102067,EQ-5D-5L - Mobility,EQ5D02-Mobility;EQ5D0201
C102070,EQ-5D-5L - Pain or Discomfort,EQ5D02-Pain/Discomfort;EQ5D0204
C102070,EQ-5D-5L - Pain or Discomfort,EQ5D02-Pain/Discomfort;EQ5D0204
C102070,EQ-5D-5L - Pain or Discomfort,EQ5D02-Pain/Discomfort;EQ5D0204
C102070,EQ-5D-5L - Pain or Discomfort,EQ5D02-Pain/Discomfort;EQ5D0204
C102070,EQ-5D-5L - Pain or Discomfort,EQ5D02-Pain/Discomfort;EQ5D0204
C102068,EQ-5D-5L - Self-Care,EQ5D02-Self-Care;EQ5D0202
C102068,EQ-5D-5L - Self-Care,EQ5D02-Self-Care;EQ5D0202
C102068,EQ-5D-5L - Self-Care,EQ5D02-Self-Care;EQ5D0202
C102068,EQ-5D-5L - Self-Care,EQ5D02-Self-Care;EQ5D0202
C102068,EQ-5D-5L - Self-Care,EQ5D02-Self-Care;EQ5D0202
C102069,EQ-5D-5L - Usual Activities,EQ5D02-Usual Activities;EQ5D0203
C102069,EQ-5D-5L - Usual Activities,EQ5D02-Usual Activities;EQ5D0203
C102069,EQ-5D-5L - Usual Activities,EQ5D02-Usual Activities;EQ5D0203
C102069,EQ-5D-5L - Usual Activities,EQ5D02-Usual Activities;EQ5D0203
C102069,EQ-5D-5L - Usual Activities,EQ5D02-Usual Activities;EQ5D0203
C101875,EQ-5D-5L Questionnaire Question,EQ-5D-5L Questionnaire Question
C102116,Eastern Cooperative Oncology Group Performance Status Clinical Classification,ECOG
C102116,Eastern Cooperative Oncology Group Performance Status Clinical Classification,ECOG
C102116,Eastern Cooperative Oncology Group Performance Status Clinical Classification,ECOG
C102116,Eastern Cooperative Oncology Group Performance Status Clinical Classification,ECOG
C154884,Ecchymosis Indicator,ECCHYIND
C154884,Ecchymosis Indicator,ECCHYIND
C154884,Ecchymosis Indicator,ECCHYIND
C154884,Ecchymosis Indicator,ECCHYIND
C154885,Edema Indicator,EDEMAIND
C154885,Edema Indicator,EDEMAIND
C154885,Edema Indicator,EDEMAIND
C154885,Edema Indicator,EDEMAIND
C17953,Education Level,EDULEVEL;Education;Education Level;Education Level Completed;education_level;Educational Attainment;Educational Level;Level of Education Attained
C17953,Education Level,EDULEVEL;Education;Education Level;Education Level Completed;education_level;Educational Attainment;Educational Level;Level of Education Attained
C17953,Education Level,EDULEVEL;Education;Education Level;Education Level Completed;education_level;Educational Attainment;Educational Level;Level of Education Attained
C161422,Effusion Indicator,EFFIND
C161422,Effusion Indicator,EFFIND
C161424,Effusion Volume Measurement,Effusion Volume;EFFVOL
C161424,Effusion Volume Measurement,Effusion Volume;EFFVOL
C161424,Effusion Volume Measurement,Effusion Volume;EFFVOL
C191351,Elapsed Time Since Last Menstrual Period,LMPELTM;Elapsed Time Since LMP
C191351,Elapsed Time Since Last Menstrual Period,LMPELTM;Elapsed Time Since LMP
C191351,Elapsed Time Since Last Menstrual Period,LMPELTM;Elapsed Time Since LMP
C135493,Elastance,ELSTNCE
C135493,Elastance,ELSTNCE
C135493,Elastance,ELSTNCE
C181655,Electrocardiogram Analysis,ECG Analysis;EKG Analysis;Electrocardiogram Interpretation;ECG Interpretation;EKG Interpretation
C181655,Electrocardiogram Analysis,ECG Analysis;EKG Analysis;Electrocardiogram Interpretation;ECG Interpretation;EKG Interpretation
C181655,Electrocardiogram Analysis,ECG Analysis;EKG Analysis;Electrocardiogram Interpretation;ECG Interpretation;EKG Interpretation
C181655,Electrocardiogram Analysis,ECG Analysis;EKG Analysis;Electrocardiogram Interpretation;ECG Interpretation;EKG Interpretation
C181655,Electrocardiogram Analysis,ECG Analysis;EKG Analysis;Electrocardiogram Interpretation;ECG Interpretation;EKG Interpretation
C181655,Electrocardiogram Analysis,ECG Analysis;EKG Analysis;Electrocardiogram Interpretation;ECG Interpretation;EKG Interpretation
C181655,Electrocardiogram Analysis,ECG Analysis;EKG Analysis;Electrocardiogram Interpretation;ECG Interpretation;EKG Interpretation
C83146,Electrocardiogram Test,EGTEST
C132447,Eligibility Criteria Met By Subject,Eligibility Criteria Met
C132447,Eligibility Criteria Met By Subject,Eligibility Criteria Met
C132447,Eligibility Criteria Met By Subject,Eligibility Criteria Met
C132447,Eligibility Criteria Met By Subject,Eligibility Criteria Met
C132447,Eligibility Criteria Met By Subject,Eligibility Criteria Met
C74566,Employee Salary Type,SALTYP;Employee Salary Type
C74566,Employee Salary Type,SALTYP;Employee Salary Type
C74566,Employee Salary Type,SALTYP;Employee Salary Type
C209683,Employer Based Health Insurance Indicator,HIEMPIND;Employer Based Health Insurance Ind;Employer Based Health Insurance Indicator
C209683,Employer Based Health Insurance Indicator,HIEMPIND;Employer Based Health Insurance Ind;Employer Based Health Insurance Indicator
C209683,Employer Based Health Insurance Indicator,HIEMPIND;Employer Based Health Insurance Ind;Employer Based Health Insurance Indicator
C179143,Employment Status,EMPSTAT;Employment Status
C179143,Employment Status,EMPSTAT;Employment Status
C179143,Employment Status,EMPSTAT;Employment Status
C68617,End Date,ENDAT;Stop;Stopping Date
C147491,Energy Expenditure,ENRGEXP
C147491,Energy Expenditure,ENRGEXP
C147491,Energy Expenditure,ENRGEXP
C198362,Enrolled in Daycare Indicator,DAYCRIND;Day Care Indicator;Daycare Indicator;Enrolled in Daycare Indicator
C198362,Enrolled in Daycare Indicator,DAYCRIND;Day Care Indicator;Daycare Indicator;Enrolled in Daycare Indicator
C198362,Enrolled in Daycare Indicator,DAYCRIND;Day Care Indicator;Daycare Indicator;Enrolled in Daycare Indicator
C102631,Entry Date from Country of Potential Disease Exposure,CTRYDDTC;Entry Date from Country of Potential Disease Exposure;Entry Date from Ptntl Cntry Disease Exp
C102631,Entry Date from Country of Potential Disease Exposure,CTRYDDTC;Entry Date from Country of Potential Disease Exposure;Entry Date from Ptntl Cntry Disease Exp
C102631,Entry Date from Country of Potential Disease Exposure,CTRYDDTC;Entry Date from Country of Potential Disease Exposure;Entry Date from Ptntl Cntry Disease Exp
C64550,Eosinophil Count,Eosinophils
C64550,Eosinophil Count,Eosinophils
C64550,Eosinophil Count,Eosinophils
C64550,Eosinophil Count,Eosinophils
C64550,Eosinophil Count,Eosinophils
C171505,Epidemic or Pandemic Related Disruption Indicator,EPDISIND;Epi/Pandemic Related Disruption Ind;Epidemic Related Disruption Indicator
C171505,Epidemic or Pandemic Related Disruption Indicator,EPDISIND;Epi/Pandemic Related Disruption Ind;Epidemic Related Disruption Indicator
C171505,Epidemic or Pandemic Related Disruption Indicator,EPDISIND;Epi/Pandemic Related Disruption Ind;Epidemic Related Disruption Indicator
C171505,Epidemic or Pandemic Related Disruption Indicator,EPDISIND;Epi/Pandemic Related Disruption Ind;Epidemic Related Disruption Indicator
C171505,Epidemic or Pandemic Related Disruption Indicator,EPDISIND;Epi/Pandemic Related Disruption Ind;Epidemic Related Disruption Indicator
C171505,Epidemic or Pandemic Related Disruption Indicator,EPDISIND;Epi/Pandemic Related Disruption Ind;Epidemic Related Disruption Indicator
C154877,Erythema Indicator,ERYTHIND;Redness Indicator
C154877,Erythema Indicator,ERYTHIND;Redness Indicator
C154877,Erythema Indicator,ERYTHIND;Redness Indicator
C154877,Erythema Indicator,ERYTHIND;Redness Indicator
C51946,Erythrocyte Count,RBC;Red Blood Cells
C51946,Erythrocyte Count,RBC;Red Blood Cells
C51946,Erythrocyte Count,RBC;Red Blood Cells
C51946,Erythrocyte Count,RBC;Red Blood Cells
C51946,Erythrocyte Count,RBC;Red Blood Cells
C51946,Erythrocyte Count,RBC;Red Blood Cells
C64797,Erythrocyte Mean Corpuscular Hemoglobin,RBC Mean Corpuscular Hemoglobin;MCH
C64797,Erythrocyte Mean Corpuscular Hemoglobin,RBC Mean Corpuscular Hemoglobin;MCH
C64797,Erythrocyte Mean Corpuscular Hemoglobin,RBC Mean Corpuscular Hemoglobin;MCH
C64797,Erythrocyte Mean Corpuscular Hemoglobin,RBC Mean Corpuscular Hemoglobin;MCH
C64797,Erythrocyte Mean Corpuscular Hemoglobin,RBC Mean Corpuscular Hemoglobin;MCH
C64798,Erythrocyte Mean Corpuscular Hemoglobin Concentration,RBC Mean Corpuscular Hemoglobin Concentration;MCHC
C64798,Erythrocyte Mean Corpuscular Hemoglobin Concentration,RBC Mean Corpuscular Hemoglobin Concentration;MCHC
C64798,Erythrocyte Mean Corpuscular Hemoglobin Concentration,RBC Mean Corpuscular Hemoglobin Concentration;MCHC
C64798,Erythrocyte Mean Corpuscular Hemoglobin Concentration,RBC Mean Corpuscular Hemoglobin Concentration;MCHC
C64798,Erythrocyte Mean Corpuscular Hemoglobin Concentration,RBC Mean Corpuscular Hemoglobin Concentration;MCHC
C64799,Erythrocyte Mean Corpuscular Volume,RBC Mean Corpuscular Volume;MCV
C64799,Erythrocyte Mean Corpuscular Volume,RBC Mean Corpuscular Volume;MCV
C64799,Erythrocyte Mean Corpuscular Volume,RBC Mean Corpuscular Volume;MCV
C64799,Erythrocyte Mean Corpuscular Volume,RBC Mean Corpuscular Volume;MCV
C64799,Erythrocyte Mean Corpuscular Volume,RBC Mean Corpuscular Volume;MCV
C132482,Estimated Body Weight,Estimated Weight;EWEIGHT
C132482,Estimated Body Weight,Estimated Weight;EWEIGHT
C132482,Estimated Body Weight,Estimated Weight;EWEIGHT
C120833,Estimated Date of Conception,EDCDTC
C120833,Estimated Date of Conception,EDCDTC
C122188,Estimated Gestational Age,EGESTAGE;Estimated Gestational Age
C122188,Estimated Gestational Age,EGESTAGE;Estimated Gestational Age
C122188,Estimated Gestational Age,EGESTAGE;Estimated Gestational Age
C122188,Estimated Gestational Age,EGESTAGE;Estimated Gestational Age
C158276,Estimated Next Menstrual Period Start Date,ENMPSDTC;Est Next Menstrual Period Start Date
C158276,Estimated Next Menstrual Period Start Date,ENMPSDTC;Est Next Menstrual Period Start Date
C112274,Estrogen Receptor Measurement,ESTRCPT;ESR;ER;Estrogen Receptor;Oestrogen Receptor
C112274,Estrogen Receptor Measurement,ESTRCPT;ESR;ER;Estrogen Receptor;Oestrogen Receptor
C112274,Estrogen Receptor Measurement,ESTRCPT;ESR;ER;Estrogen Receptor;Oestrogen Receptor
C112274,Estrogen Receptor Measurement,ESTRCPT;ESR;ER;Estrogen Receptor;Oestrogen Receptor
C112274,Estrogen Receptor Measurement,ESTRCPT;ESR;ER;Estrogen Receptor;Oestrogen Receptor
C112274,Estrogen Receptor Measurement,ESTRCPT;ESR;ER;Estrogen Receptor;Oestrogen Receptor
C15492,Estrogen Receptor Positive,ER Alpha Positive;ER Positive;ER-Alpha Positive;ER +;ERA Positive;Positive Estrogen Receptor;ERS1 Positive
C15492,Estrogen Receptor Positive,ER Alpha Positive;ER Positive;ER-Alpha Positive;ER +;ERA Positive;Positive Estrogen Receptor;ERS1 Positive
C15492,Estrogen Receptor Positive,ER Alpha Positive;ER Positive;ER-Alpha Positive;ER +;ERA Positive;Positive Estrogen Receptor;ERS1 Positive
C15492,Estrogen Receptor Positive,ER Alpha Positive;ER Positive;ER-Alpha Positive;ER +;ERA Positive;Positive Estrogen Receptor;ERS1 Positive
C15492,Estrogen Receptor Positive,ER Alpha Positive;ER Positive;ER-Alpha Positive;ER +;ERA Positive;Positive Estrogen Receptor;ERS1 Positive
C15492,Estrogen Receptor Positive,ER Alpha Positive;ER Positive;ER-Alpha Positive;ER +;ERA Positive;Positive Estrogen Receptor;ERS1 Positive
C15492,Estrogen Receptor Positive,ER Alpha Positive;ER Positive;ER-Alpha Positive;ER +;ERA Positive;Positive Estrogen Receptor;ERS1 Positive
C16150,Estrogen Receptor Status,ER Alpha Status;ER Status;ERA Status;ESR Status;ESR1 Status;ESRA Status;Estrogen Receptor 1 Status;Estrogen Receptor Alpha Status;ESTRR Status;NR3A1 Status;Nuclear Receptor Subfamily 3 Group A Member 1 Status
C16150,Estrogen Receptor Status,ER Alpha Status;ER Status;ERA Status;ESR Status;ESR1 Status;ESRA Status;Estrogen Receptor 1 Status;Estrogen Receptor Alpha Status;ESTRR Status;NR3A1 Status;Nuclear Receptor Subfamily 3 Group A Member 1 Status
C16150,Estrogen Receptor Status,ER Alpha Status;ER Status;ERA Status;ESR Status;ESR1 Status;ESRA Status;Estrogen Receptor 1 Status;Estrogen Receptor Alpha Status;ESTRR Status;NR3A1 Status;Nuclear Receptor Subfamily 3 Group A Member 1 Status
C16150,Estrogen Receptor Status,ER Alpha Status;ER Status;ERA Status;ESR Status;ESR1 Status;ESRA Status;Estrogen Receptor 1 Status;Estrogen Receptor Alpha Status;ESTRR Status;NR3A1 Status;Nuclear Receptor Subfamily 3 Group A Member 1 Status
C16150,Estrogen Receptor Status,ER Alpha Status;ER Status;ERA Status;ESR Status;ESR1 Status;ESRA Status;Estrogen Receptor 1 Status;Estrogen Receptor Alpha Status;ESTRR Status;NR3A1 Status;Nuclear Receptor Subfamily 3 Group A Member 1 Status
C16150,Estrogen Receptor Status,ER Alpha Status;ER Status;ERA Status;ESR Status;ESR1 Status;ESRA Status;Estrogen Receptor 1 Status;Estrogen Receptor Alpha Status;ESTRR Status;NR3A1 Status;Nuclear Receptor Subfamily 3 Group A Member 1 Status
C16150,Estrogen Receptor Status,ER Alpha Status;ER Status;ERA Status;ESR Status;ESR1 Status;ESRA Status;Estrogen Receptor 1 Status;Estrogen Receptor Alpha Status;ESTRR Status;NR3A1 Status;Nuclear Receptor Subfamily 3 Group A Member 1 Status
C16564,Ethnic Group,Ethnicity;Ethnic Origin
C16564,Ethnic Group,Ethnicity;Ethnic Origin
C126060,EudraCT Resubmission Indicator,EURSBIND
C126060,EudraCT Resubmission Indicator,EURSBIND
C126060,EudraCT Resubmission Indicator,EURSBIND
C126060,EudraCT Resubmission Indicator,EURSBIND
C126060,EudraCT Resubmission Indicator,EURSBIND
C126060,EudraCT Resubmission Indicator,EURSBIND
C126061,EudraVigilance Sender Identifier,EudraVigilance Sender ID;EVSNDID
C126061,EudraVigilance Sender Identifier,EudraVigilance Sender ID;EVSNDID
C126061,EudraVigilance Sender Identifier,EudraVigilance Sender ID;EVSNDID
C126090,EudraVigilance Sender Organization Name,EVSNDORG
C126090,EudraVigilance Sender Organization Name,EVSNDORG
C126090,EudraVigilance Sender Organization Name,EVSNDORG
C126090,EudraVigilance Sender Organization Name,EVSNDORG
C102117,European Quality of Life Five Dimension Five Level Scale Questionnaire,EQ5D02;EQ-5D-5L;European Quality of Life Five Dimension Five Level Scale Questionnaire
C102117,European Quality of Life Five Dimension Five Level Scale Questionnaire,EQ5D02;EQ-5D-5L;European Quality of Life Five Dimension Five Level Scale Questionnaire
C102117,European Quality of Life Five Dimension Five Level Scale Questionnaire,EQ5D02;EQ-5D-5L;European Quality of Life Five Dimension Five Level Scale Questionnaire
C102117,European Quality of Life Five Dimension Five Level Scale Questionnaire,EQ5D02;EQ-5D-5L;European Quality of Life Five Dimension Five Level Scale Questionnaire
C102117,European Quality of Life Five Dimension Five Level Scale Questionnaire,EQ5D02;EQ-5D-5L;European Quality of Life Five Dimension Five Level Scale Questionnaire
C161312,Evidence of Malignant Disease Description,MALEVDES;Malignancy Evidence Description
C161312,Evidence of Malignant Disease Description,MALEVDES;Malignancy Evidence Description
C25370,Exclusion Criteria,Exclusion
C25370,Exclusion Criteria,Exclusion
C25370,Exclusion Criteria,Exclusion
C25370,Exclusion Criteria,Exclusion
C25370,Exclusion Criteria,Exclusion
C81247,Expected Date of Confinement,Due Date;EDC;EDD;EDLVRDTC;Estimated Date of Confinement;Estimated Date of Delivery;Estimated Due Date;Expected Date of Confinement
C81247,Expected Date of Confinement,Due Date;EDC;EDD;EDLVRDTC;Estimated Date of Confinement;Estimated Date of Delivery;Estimated Due Date;Expected Date of Confinement
C81247,Expected Date of Confinement,Due Date;EDC;EDD;EDLVRDTC;Estimated Date of Confinement;Estimated Date of Delivery;Estimated Due Date;Expected Date of Confinement
C120931,Expiration Relaxation Time,EXPRELTM
C120931,Expiration Relaxation Time,EXPRELTM
C120931,Expiration Relaxation Time,EXPRELTM
C111200,Expiratory Reserve Volume,ERV
C111200,Expiratory Reserve Volume,ERV
C111200,Expiratory Reserve Volume,ERV
C120932,Expiratory Time,Expiration Time;EXPTIME
C147484,Expiratory Vital Capacity,EVC
C147484,Expiratory Vital Capacity,EVC
C147484,Expiratory Vital Capacity,EVC
C98724,Exploratory Outcome Measure,EXPLORATORY OUTCOME MEASURE;OUTMSEXP
C98724,Exploratory Outcome Measure,EXPLORATORY OUTCOME MEASURE;OUTMSEXP
C98724,Exploratory Outcome Measure,EXPLORATORY OUTCOME MEASURE;OUTMSEXP
C87885,Exposure Yes No Indicator,EXYN
C87885,Exposure Yes No Indicator,EXYN
C117466,Exposure as Collected Domain,EC;Exposure as Collected
C117466,Exposure as Collected Domain,EC;Exposure as Collected
C117466,Exposure as Collected Domain,EC;Exposure as Collected
C117466,Exposure as Collected Domain,EC;Exposure as Collected
C117466,Exposure as Collected Domain,EC;Exposure as Collected
C117466,Exposure as Collected Domain,EC;Exposure as Collected
C117466,Exposure as Collected Domain,EC;Exposure as Collected
C117466,Exposure as Collected Domain,EC;Exposure as Collected
C117466,Exposure as Collected Domain,EC;Exposure as Collected
C117466,Exposure as Collected Domain,EC;Exposure as Collected
C117466,Exposure as Collected Domain,EC;Exposure as Collected
C117466,Exposure as Collected Domain,EC;Exposure as Collected
C117466,Exposure as Collected Domain,EC;Exposure as Collected
C117466,Exposure as Collected Domain,EC;Exposure as Collected
C139274,Extension Trial Indicator,EXTTIND
C139274,Extension Trial Indicator,EXTTIND
C139274,Extension Trial Indicator,EXTTIND
C139274,Extension Trial Indicator,EXTTIND
C139274,Extension Trial Indicator,EXTTIND
C139274,Extension Trial Indicator,EXTTIND
C191364,Extracellular Water Measurement,ECW;Extracellular Body Water;Extracellular Water
C191364,Extracellular Water Measurement,ECW;Extracellular Body Water;Extracellular Water
C191364,Extracellular Water Measurement,ECW;Extracellular Body Water;Extracellular Water
C191363,Extracellular Water to Total Body Water Ratio Measurement,ECW/TBW;ECWTBW;Extracellular Water/Total Body Water
C191363,Extracellular Water to Total Body Water Ratio Measurement,ECW/TBW;ECWTBW;Extracellular Water/Total Body Water
C191363,Extracellular Water to Total Body Water Ratio Measurement,ECW/TBW;ECWTBW;Extracellular Water/Total Body Water
C156603,FDA Technical Specification Name and Version,FDA Technical Specification;FDATCHSP
C156603,FDA Technical Specification Name and Version,FDA Technical Specification;FDATCHSP
C156603,FDA Technical Specification Name and Version,FDA Technical Specification;FDATCHSP
C156603,FDA Technical Specification Name and Version,FDA Technical Specification;FDATCHSP
C156603,FDA Technical Specification Name and Version,FDA Technical Specification;FDATCHSP
C156603,FDA Technical Specification Name and Version,FDA Technical Specification;FDATCHSP
C123629,FDA-Regulated Device Study Indicator,FDADEIND
C123629,FDA-Regulated Device Study Indicator,FDADEIND
C123629,FDA-Regulated Device Study Indicator,FDADEIND
C123629,FDA-Regulated Device Study Indicator,FDADEIND
C123629,FDA-Regulated Device Study Indicator,FDADEIND
C123629,FDA-Regulated Device Study Indicator,FDADEIND
C123630,FDA-Regulated Drug Study Indicator,FDADRIND
C123630,FDA-Regulated Drug Study Indicator,FDADRIND
C123630,FDA-Regulated Drug Study Indicator,FDADRIND
C123630,FDA-Regulated Drug Study Indicator,FDADRIND
C123630,FDA-Regulated Drug Study Indicator,FDADRIND
C123630,FDA-Regulated Drug Study Indicator,FDADRIND
C81959,Factor III Measurement,Factor III;FACTIII;Soluble CD142;Tissue Factor CD142
C159204,Fanconi Anemia Complementation Group Gene Mutation,BRCA2 and FANC Gene Mutations;Fanconi Anemia Group Gene Mutation
C158256,Fat Mass,FATMASS
C158256,Fat Mass,FATMASS
C158256,Fat Mass,FATMASS
C158256,Fat Mass,FATMASS
C158256,Fat Mass,FATMASS
C158256,Fat Mass,FATMASS
C74737,Ferritin Measurement,Ferritin
C74737,Ferritin Measurement,Ferritin
C74737,Ferritin Measurement,Ferritin
C74737,Ferritin Measurement,Ferritin
C74737,Ferritin Measurement,Ferritin
C186214,Fertility Status,FRTLSTAT;Fertility Status
C186214,Fertility Status,FRTLSTAT;Fertility Status
C186214,Fertility Status,FRTLSTAT;Fertility Status
C124479,Fetal Body Weight,BWFETAL
C174372,Fetal Estimated Weight,FTEWT
C174372,Fetal Estimated Weight,FTEWT
C174372,Fetal Estimated Weight,FTEWT
C158297,Fetal Head Circumference,FTHDCIRC
C158297,Fetal Head Circumference,FTHDCIRC
C158297,Fetal Head Circumference,FTHDCIRC
C92716,Fetal Heart Rate,Fetal HR;FTHR
C92716,Fetal Heart Rate,Fetal HR;FTHR
C92716,Fetal Heart Rate,Fetal HR;FTHR
C174375,Fetal Mandibular Length,FTMANDL
C174375,Fetal Mandibular Length,FTMANDL
C174375,Fetal Mandibular Length,FTMANDL
C174373,Fetal Sagittal Abdominal Diameter,Fetal SAD;FTSAD
C174373,Fetal Sagittal Abdominal Diameter,Fetal SAD;FTSAD
C174373,Fetal Sagittal Abdominal Diameter,Fetal SAD;FTSAD
C214762,Fetal Size-for-Gestational Age Category,FTSZGAC
C214762,Fetal Size-for-Gestational Age Category,FTSZGAC
C174374,Fetal Weight-for-Gestational Age Percentile,Fetal Weight-for-Gest Age Percentile;FTWTGAPL
C174374,Fetal Weight-for-Gestational Age Percentile,Fetal Weight-for-Gest Age Percentile;FTWTGAPL
C198357,First Menstrual Period Start Date,FMPSTDTC
C198357,First Menstrual Period Start Date,FMPSTDTC
C202446,First Ventilatory Threshold,Ventilatory Threshold 1;VT1
C202446,First Ventilatory Threshold,Ventilatory Threshold 1;VT1
C202446,First Ventilatory Threshold,Ventilatory Threshold 1;VT1
C74563,Fitzpatrick Classification Scale,SKINCLAS;Fitzpatrick Classification Scale;Fitzpatrick Skin Classification;Fitzpatrick Skin Phototype;Fitzpatrick Skin Type System;Skin Classification
C74563,Fitzpatrick Classification Scale,SKINCLAS;Fitzpatrick Classification Scale;Fitzpatrick Skin Classification;Fitzpatrick Skin Phototype;Fitzpatrick Skin Type System;Skin Classification
C74563,Fitzpatrick Classification Scale,SKINCLAS;Fitzpatrick Classification Scale;Fitzpatrick Skin Classification;Fitzpatrick Skin Phototype;Fitzpatrick Skin Type System;Skin Classification
C82554,Flow Rate,flowRate;FLRT
C74676,Folic Acid Measurement,Folate;Folic Acid;Vitamin B9;VITB9
C74676,Folic Acid Measurement,Folate;Folic Acid;Vitamin B9;VITB9
C74676,Folic Acid Measurement,Folate;Folic Acid;Vitamin B9;VITB9
C74676,Folic Acid Measurement,Folate;Folic Acid;Vitamin B9;VITB9
C74676,Folic Acid Measurement,Folate;Folic Acid;Vitamin B9;VITB9
C154909,Fontanelle Closure Indicator,FOCLOIND
C154909,Fontanelle Closure Indicator,FOCLOIND
C154909,Fontanelle Closure Indicator,FOCLOIND
C154909,Fontanelle Closure Indicator,FOCLOIND
C119545,Forced Expiratory Flow at 25-75 Percent,FEF2575;Forced Expiratory Flow 25-75%
C119545,Forced Expiratory Flow at 25-75 Percent,FEF2575;Forced Expiratory Flow 25-75%
C119545,Forced Expiratory Flow at 25-75 Percent,FEF2575;Forced Expiratory Flow 25-75%
C139253,Forced Expiratory Flow at 50 Percent Forced Vital Capacity,FEF50;Forced Expiratory Flow 50%
C139253,Forced Expiratory Flow at 50 Percent Forced Vital Capacity,FEF50;Forced Expiratory Flow 50%
C139253,Forced Expiratory Flow at 50 Percent Forced Vital Capacity,FEF50;Forced Expiratory Flow 50%
C139250,Forced Expiratory Flow in 0.05 Second,FEF_05;FEF 0.05s
C139250,Forced Expiratory Flow in 0.05 Second,FEF_05;FEF 0.05s
C139250,Forced Expiratory Flow in 0.05 Second,FEF_05;FEF 0.05s
C139251,Forced Expiratory Flow in 0.1 Second,FEF_1;FEF 0.1s
C139251,Forced Expiratory Flow in 0.1 Second,FEF_1;FEF 0.1s
C139251,Forced Expiratory Flow in 0.1 Second,FEF_1;FEF 0.1s
C139252,Forced Expiratory Flow in 0.2 Second,FEF_2;FEF 0.2s
C139252,Forced Expiratory Flow in 0.2 Second,FEF_2;FEF 0.2s
C139252,Forced Expiratory Flow in 0.2 Second,FEF_2;FEF 0.2s
C201471,Forced Expiratory Time,FET
C201471,Forced Expiratory Time,FET
C201471,Forced Expiratory Time,FET
C120933,Forced Expiratory Volume,FEV
C139249,Forced Expiratory Volume at Peak Expiratory Flow,FEV at PEF;FEV_PEF
C139249,Forced Expiratory Volume at Peak Expiratory Flow,FEV at PEF;FEV_PEF
C139249,Forced Expiratory Volume at Peak Expiratory Flow,FEV at PEF;FEV_PEF
C139246,Forced Expiratory Volume in 0.05 Second,FEV_05;FEV 0.05s
C139246,Forced Expiratory Volume in 0.05 Second,FEV_05;FEV 0.05s
C139246,Forced Expiratory Volume in 0.05 Second,FEV_05;FEV 0.05s
C139243,Forced Expiratory Volume in 0.05 Second to FVC Ratio Measurement,EV_05FVC;Forced Expiratory Volume in 0.05 S/FVC;Forced Expiratory Volume in 0.05 Seconds over FVC
C139243,Forced Expiratory Volume in 0.05 Second to FVC Ratio Measurement,EV_05FVC;Forced Expiratory Volume in 0.05 S/FVC;Forced Expiratory Volume in 0.05 Seconds over FVC
C139243,Forced Expiratory Volume in 0.05 Second to FVC Ratio Measurement,EV_05FVC;Forced Expiratory Volume in 0.05 S/FVC;Forced Expiratory Volume in 0.05 Seconds over FVC
C139247,Forced Expiratory Volume in 0.1 Second,FEV_1;FEV 0.1s
C139247,Forced Expiratory Volume in 0.1 Second,FEV_1;FEV 0.1s
C139247,Forced Expiratory Volume in 0.1 Second,FEV_1;FEV 0.1s
C139244,Forced Expiratory Volume in 0.1 Second to FVC Ratio Measurement,EV_1FVC;Forced Expiratory Volume in 0.1 S/FVC;Forced Expiratory Volume in 0.1 Seconds over FVC
C139244,Forced Expiratory Volume in 0.1 Second to FVC Ratio Measurement,EV_1FVC;Forced Expiratory Volume in 0.1 S/FVC;Forced Expiratory Volume in 0.1 Seconds over FVC
C139244,Forced Expiratory Volume in 0.1 Second to FVC Ratio Measurement,EV_1FVC;Forced Expiratory Volume in 0.1 S/FVC;Forced Expiratory Volume in 0.1 Seconds over FVC
C139248,Forced Expiratory Volume in 0.2 Second,FEV_2;FEV 0.2s
C139248,Forced Expiratory Volume in 0.2 Second,FEV_2;FEV 0.2s
C139248,Forced Expiratory Volume in 0.2 Second,FEV_2;FEV 0.2s
C139245,Forced Expiratory Volume in 0.2 Second to FVC Ratio Measurement,EV_2FVC;Forced Expiratory Volume in 0.2 S/FVC;Forced Expiratory Volume in 0.2 Seconds over FVC
C139245,Forced Expiratory Volume in 0.2 Second to FVC Ratio Measurement,EV_2FVC;Forced Expiratory Volume in 0.2 S/FVC;Forced Expiratory Volume in 0.2 Seconds over FVC
C139245,Forced Expiratory Volume in 0.2 Second to FVC Ratio Measurement,EV_2FVC;Forced Expiratory Volume in 0.2 S/FVC;Forced Expiratory Volume in 0.2 Seconds over FVC
C139262,Forced Expiratory Volume in 0.5 Second,FEV_5;FEV 0.5s
C139262,Forced Expiratory Volume in 0.5 Second,FEV_5;FEV 0.5s
C139262,Forced Expiratory Volume in 0.5 Second,FEV_5;FEV 0.5s
C174362,Forced Expiratory Volume in 0.75 Second,FEV_75;FEV 0.75s
C174362,Forced Expiratory Volume in 0.75 Second,FEV_75;FEV 0.75s
C174362,Forced Expiratory Volume in 0.75 Second,FEV_75;FEV 0.75s
C38084,Forced Expiratory Volume in 1 Second,FEV1;FEV1%VC;Forced Expiratory Volume 1 Test;PFT/FEV1;Pulmonary Function Test/Forced Expiratory Volume 1
C38084,Forced Expiratory Volume in 1 Second,FEV1;FEV1%VC;Forced Expiratory Volume 1 Test;PFT/FEV1;Pulmonary Function Test/Forced Expiratory Volume 1
C38084,Forced Expiratory Volume in 1 Second,FEV1;FEV1%VC;Forced Expiratory Volume 1 Test;PFT/FEV1;Pulmonary Function Test/Forced Expiratory Volume 1
C112285,Forced Expiratory Volume in 1 Second Reversibility,FEV1 Reversibility;FEV1REV
C112285,Forced Expiratory Volume in 1 Second Reversibility,FEV1 Reversibility;FEV1REV
C111359,Forced Expiratory Volume in 1 Second to Forced Vital Capacity Ratio Measurement,FEV1/FVC;FEV1FVC
C111359,Forced Expiratory Volume in 1 Second to Forced Vital Capacity Ratio Measurement,FEV1/FVC;FEV1FVC
C111359,Forced Expiratory Volume in 1 Second to Forced Vital Capacity Ratio Measurement,FEV1/FVC;FEV1FVC
C123565,Forced Expiratory Volume in 1 Second to Forced Vital Capacity in 6 Seconds,FEV1/FVC6;FEV1FVC6
C123565,Forced Expiratory Volume in 1 Second to Forced Vital Capacity in 6 Seconds,FEV1/FVC6;FEV1FVC6
C123565,Forced Expiratory Volume in 1 Second to Forced Vital Capacity in 6 Seconds,FEV1/FVC6;FEV1FVC6
C170626,Forced Expiratory Volume in 1 Second to Slow Vital Capacity Ratio Measurement,FEV1/SVC;FEV1SVC
C170626,Forced Expiratory Volume in 1 Second to Slow Vital Capacity Ratio Measurement,FEV1/SVC;FEV1SVC
C170626,Forced Expiratory Volume in 1 Second to Slow Vital Capacity Ratio Measurement,FEV1/SVC;FEV1SVC
C132453,Forced Expiratory Volume in 3 Seconds,FEV3
C132453,Forced Expiratory Volume in 3 Seconds,FEV3
C132453,Forced Expiratory Volume in 3 Seconds,FEV3
C170625,Forced Expiratory Volume in 3 Seconds to Forced Vital Capacity Ratio Measurement,FEV3/FVC;FEV3FVC
C170625,Forced Expiratory Volume in 3 Seconds to Forced Vital Capacity Ratio Measurement,FEV3/FVC;FEV3FVC
C170625,Forced Expiratory Volume in 3 Seconds to Forced Vital Capacity Ratio Measurement,FEV3/FVC;FEV3FVC
C47843,Forced Expiratory Volume in 6 Seconds,FEV6;Forced Expiratory Volume 6;Forced Expiratory Volume 6 Test
C47843,Forced Expiratory Volume in 6 Seconds,FEV6;Forced Expiratory Volume 6;Forced Expiratory Volume 6 Test
C47843,Forced Expiratory Volume in 6 Seconds,FEV6;Forced Expiratory Volume 6;Forced Expiratory Volume 6 Test
C124418,Forced Inspiratory Flow at 25%,FIF25
C124418,Forced Inspiratory Flow at 25%,FIF25
C124418,Forced Inspiratory Flow at 25%,FIF25
C124419,Forced Inspiratory Flow at 50%,FIF50
C124419,Forced Inspiratory Flow at 50%,FIF50
C124419,Forced Inspiratory Flow at 50%,FIF50
C124420,Forced Inspiratory Flow at 75%,FIF75
C124420,Forced Inspiratory Flow at 75%,FIF75
C124420,Forced Inspiratory Flow at 75%,FIF75
C139263,Forced Inspiratory Vital Capacity,FIVC
C139263,Forced Inspiratory Vital Capacity,FIVC
C139263,Forced Inspiratory Vital Capacity,FIVC
C111360,Forced Inspiratory Volume in 1 Second,FIV1
C111360,Forced Inspiratory Volume in 1 Second,FIV1
C111360,Forced Inspiratory Volume in 1 Second,FIV1
C111361,Forced Vital Capacity,FVC
C111361,Forced Vital Capacity,FVC
C111361,Forced Vital Capacity,FVC
C124421,Forced Vital Capacity in 6 Seconds,FVC6
C124421,Forced Vital Capacity in 6 Seconds,FVC6
C124421,Forced Vital Capacity in 6 Seconds,FVC6
C100946,Forearm Circumference,FARMCIR
C100946,Forearm Circumference,FARMCIR
C100946,Forearm Circumference,FARMCIR
C38082,Fraction of Inspired Oxygen,Maximum fraction of inspired oxygen (FiO2);Inhaled oxygen concentration;FIO2;FiO2
C38082,Fraction of Inspired Oxygen,Maximum fraction of inspired oxygen (FiO2);Inhaled oxygen concentration;FIO2;FiO2
C38082,Fraction of Inspired Oxygen,Maximum fraction of inspired oxygen (FiO2);Inhaled oxygen concentration;FIO2;FiO2
C170598,Free Thyroxine Index,T4FRIDX
C170598,Free Thyroxine Index,T4FRIDX
C170598,Free Thyroxine Index,T4FRIDX
C170598,Free Thyroxine Index,T4FRIDX
C74786,Free Thyroxine Measurement,Free T4;T4FR
C74786,Free Thyroxine Measurement,Free T4;T4FR
C74786,Free Thyroxine Measurement,Free T4;T4FR
C74786,Free Thyroxine Measurement,Free T4;T4FR
C74786,Free Thyroxine Measurement,Free T4;T4FR
C209682,Full-Time Student Indicator,FTSTUIND;Full-Time Student Indicator
C209682,Full-Time Student Indicator,FTSTUIND;Full-Time Student Indicator
C209682,Full-Time Student Indicator,FTSTUIND;Full-Time Student Indicator
C81250,Functional Assessment,FT
C89800,Functional Residual Capacity,FRC
C89800,Functional Residual Capacity,FRC
C89800,Functional Residual Capacity,FRC
C154876,Fundal Height,FUNDHT
C154876,Fundal Height,FUNDHT
C154876,Fundal Height,FUNDHT
C174365,GPS Coordinates of Potential Disease Exposure,GPSDEXP;GPS Coord of Potential Disease Exposure;GPS Coordinates of Potential Disease Exposure
C174365,GPS Coordinates of Potential Disease Exposure,GPSDEXP;GPS Coord of Potential Disease Exposure;GPS Coordinates of Potential Disease Exposure
C174365,GPS Coordinates of Potential Disease Exposure,GPSDEXP;GPS Coord of Potential Disease Exposure;GPS Coordinates of Potential Disease Exposure
C64847,Gamma Glutamyl Transpeptidase Measurement,Gamma Glutamyl Transferase;GGT;GGTP
C64847,Gamma Glutamyl Transpeptidase Measurement,Gamma Glutamyl Transferase;GGT;GGTP
C64847,Gamma Glutamyl Transpeptidase Measurement,Gamma Glutamyl Transferase;GGT;GGTP
C64847,Gamma Glutamyl Transpeptidase Measurement,Gamma Glutamyl Transferase;GGT;GGTP
C64847,Gamma Glutamyl Transpeptidase Measurement,Gamma Glutamyl Transferase;GGT;GGTP
C82624,Gas Measurement,Gas
C158277,Gender Identity,GENIDENT;Gender Identity
C158277,Gender Identity,GENIDENT;Gender Identity
C158277,Gender Identity,GENIDENT;Gender Identity
C21049,Gene Expression Process,Gene Expression
C181333,Gene Signature Assessment,GENESIG;Gene Expression Profile;Gene Expression Signature
C181333,Gene Signature Assessment,GENESIG;Gene Expression Profile;Gene Expression Signature
C181333,Gene Signature Assessment,GENESIG;Gene Expression Profile;Gene Expression Signature
C181333,Gene Signature Assessment,GENESIG;Gene Expression Profile;Gene Expression Signature
C181333,Gene Signature Assessment,GENESIG;Gene Expression Profile;Gene Expression Signature
C181333,Gene Signature Assessment,GENESIG;Gene Expression Profile;Gene Expression Signature
C181333,Gene Signature Assessment,GENESIG;Gene Expression Profile;Gene Expression Signature
C181333,Gene Signature Assessment,GENESIG;Gene Expression Profile;Gene Expression Signature
C181333,Gene Signature Assessment,GENESIG;Gene Expression Profile;Gene Expression Signature
C181333,Gene Signature Assessment,GENESIG;Gene Expression Profile;Gene Expression Signature
C181333,Gene Signature Assessment,GENESIG;Gene Expression Profile;Gene Expression Signature
C181333,Gene Signature Assessment,GENESIG;Gene Expression Profile;Gene Expression Signature
C181333,Gene Signature Assessment,GENESIG;Gene Expression Profile;Gene Expression Signature
C181333,Gene Signature Assessment,GENESIG;Gene Expression Profile;Gene Expression Signature
C181333,Gene Signature Assessment,GENESIG;Gene Expression Profile;Gene Expression Signature
C181333,Gene Signature Assessment,GENESIG;Gene Expression Profile;Gene Expression Signature
C181333,Gene Signature Assessment,GENESIG;Gene Expression Profile;Gene Expression Signature
C15709,Genetic Testing,Genetic Analysis;Genetic Examination
C15709,Genetic Testing,Genetic Analysis;Genetic Examination
C15709,Genetic Testing,Genetic Analysis;Genetic Examination
C15709,Genetic Testing,Genetic Analysis;Genetic Examination
C15709,Genetic Testing,Genetic Analysis;Genetic Examination
C15709,Genetic Testing,Genetic Analysis;Genetic Examination
C17248,Genetic Variation,Genetic Diversity;Sequence Variant;Sequence Variation;Variant Classification
C18302,Genetic Variation Analysis,Mutation Analysis
C94411,Genomic Profile,Genomic Profiling;Genomic Test;Genomic Testing
C94411,Genomic Profile,Genomic Profiling;Genomic Test;Genomic Testing
C94411,Genomic Profile,Genomic Profiling;Genomic Test;Genomic Testing
C94411,Genomic Profile,Genomic Profiling;Genomic Test;Genomic Testing
C94411,Genomic Profile,Genomic Profiling;Genomic Test;Genomic Testing
C94411,Genomic Profile,Genomic Profiling;Genomic Test;Genomic Testing
C16632,Geographic Area,Geographic Region;Area;Geographic Location;Region
C124435,Gestational Age at Birth,GSTABRTH;Gestational Age at Birth;weeks gestation at birth;weeks_gestation_at_birth
C124435,Gestational Age at Birth,GSTABRTH;Gestational Age at Birth;weeks gestation at birth;weeks_gestation_at_birth
C124435,Gestational Age at Birth,GSTABRTH;Gestational Age at Birth;weeks gestation at birth;weeks_gestation_at_birth
C124435,Gestational Age at Birth,GSTABRTH;Gestational Age at Birth;weeks gestation at birth;weeks_gestation_at_birth
C105585,Glucose Measurement,Glucose
C105585,Glucose Measurement,Glucose
C105585,Glucose Measurement,Glucose
C105585,Glucose Measurement,Glucose
C105585,Glucose Measurement,Glucose
C105585,Glucose Measurement,Glucose
C105585,Glucose Measurement,Glucose
C135522,Graft Status,Graft Status;GRFTSTAT
C135522,Graft Status,Graft Status;GRFTSTAT
C135522,Graft Status,Graft Status;GRFTSTAT
C135522,Graft Status,Graft Status;GRFTSTAT
C135522,Graft Status,Graft Status;GRFTSTAT
C73435,Gravida,GRAVIND;PREGNANT;Gravida Indicator
C73435,Gravida,GRAVIND;PREGNANT;Gravida Indicator
C181502,Greulich and Pyle Bone Age Estimation,GPBAEST;Greulich and Pyle Skeletal Maturity Estimation
C181502,Greulich and Pyle Bone Age Estimation,GPBAEST;Greulich and Pyle Skeletal Maturity Estimation
C181502,Greulich and Pyle Bone Age Estimation,GPBAEST;Greulich and Pyle Skeletal Maturity Estimation
C181502,Greulich and Pyle Bone Age Estimation,GPBAEST;Greulich and Pyle Skeletal Maturity Estimation
C181502,Greulich and Pyle Bone Age Estimation,GPBAEST;Greulich and Pyle Skeletal Maturity Estimation
C181502,Greulich and Pyle Bone Age Estimation,GPBAEST;Greulich and Pyle Skeletal Maturity Estimation
C139210,Grip Strength,GRIPSTR
C139210,Grip Strength,GRIPSTR
C139210,Grip Strength,GRIPSTR
C139210,Grip Strength,GRIPSTR
C139210,Grip Strength,GRIPSTR
C139210,Grip Strength,GRIPSTR
C102073,HAMA - Anxious Mood,HAMA1-Anxious Mood;HAMA101;HAMA - Anxious Mood
C102073,HAMA - Anxious Mood,HAMA1-Anxious Mood;HAMA101;HAMA - Anxious Mood
C102073,HAMA - Anxious Mood,HAMA1-Anxious Mood;HAMA101;HAMA - Anxious Mood
C102073,HAMA - Anxious Mood,HAMA1-Anxious Mood;HAMA101;HAMA - Anxious Mood
C102085,HAMA - Autonomic Symptoms,HAMA1-Autonomic Symptoms;HAMA113;HAMA - Autonomic Symptoms
C102085,HAMA - Autonomic Symptoms,HAMA1-Autonomic Symptoms;HAMA113;HAMA - Autonomic Symptoms
C102085,HAMA - Autonomic Symptoms,HAMA1-Autonomic Symptoms;HAMA113;HAMA - Autonomic Symptoms
C102085,HAMA - Autonomic Symptoms,HAMA1-Autonomic Symptoms;HAMA113;HAMA - Autonomic Symptoms
C102086,HAMA - Behavior at Interview,HAMA1-Behavior at Interview;HAMA114;HAMA - Behavior at Interview
C102086,HAMA - Behavior at Interview,HAMA1-Behavior at Interview;HAMA114;HAMA - Behavior at Interview
C102086,HAMA - Behavior at Interview,HAMA1-Behavior at Interview;HAMA114;HAMA - Behavior at Interview
C102086,HAMA - Behavior at Interview,HAMA1-Behavior at Interview;HAMA114;HAMA - Behavior at Interview
C102081,HAMA - Cardiovascular Symptoms,HAMA1-Cardiovascular Symptoms;HAMA109;HAMA - Cardiovascular Symptoms
C102081,HAMA - Cardiovascular Symptoms,HAMA1-Cardiovascular Symptoms;HAMA109;HAMA - Cardiovascular Symptoms
C102081,HAMA - Cardiovascular Symptoms,HAMA1-Cardiovascular Symptoms;HAMA109;HAMA - Cardiovascular Symptoms
C102081,HAMA - Cardiovascular Symptoms,HAMA1-Cardiovascular Symptoms;HAMA109;HAMA - Cardiovascular Symptoms
C102078,HAMA - Depressed Mood,HAMA1-Depressed Mood;HAMA106;HAMA - Depressed Mood
C102078,HAMA - Depressed Mood,HAMA1-Depressed Mood;HAMA106;HAMA - Depressed Mood
C102078,HAMA - Depressed Mood,HAMA1-Depressed Mood;HAMA106;HAMA - Depressed Mood
C102078,HAMA - Depressed Mood,HAMA1-Depressed Mood;HAMA106;HAMA - Depressed Mood
C102075,HAMA - Fears,HAMA1-Fears;HAMA103;HAMA - Fears
C102075,HAMA - Fears,HAMA1-Fears;HAMA103;HAMA - Fears
C102075,HAMA - Fears,HAMA1-Fears;HAMA103;HAMA - Fears
C102075,HAMA - Fears,HAMA1-Fears;HAMA103;HAMA - Fears
C102083,HAMA - Gastrointestinal Symptoms,HAMA1-Gastrointestinal Symptoms;HAMA111;HAMA - Gastrointestinal Symptoms
C102083,HAMA - Gastrointestinal Symptoms,HAMA1-Gastrointestinal Symptoms;HAMA111;HAMA - Gastrointestinal Symptoms
C102083,HAMA - Gastrointestinal Symptoms,HAMA1-Gastrointestinal Symptoms;HAMA111;HAMA - Gastrointestinal Symptoms
C102083,HAMA - Gastrointestinal Symptoms,HAMA1-Gastrointestinal Symptoms;HAMA111;HAMA - Gastrointestinal Symptoms
C102084,HAMA - Genitourinary Symptoms,HAMA1-Genitourinary Symptoms;HAMA112;HAMA - Genitourinary Symptoms
C102084,HAMA - Genitourinary Symptoms,HAMA1-Genitourinary Symptoms;HAMA112;HAMA - Genitourinary Symptoms
C102084,HAMA - Genitourinary Symptoms,HAMA1-Genitourinary Symptoms;HAMA112;HAMA - Genitourinary Symptoms
C102084,HAMA - Genitourinary Symptoms,HAMA1-Genitourinary Symptoms;HAMA112;HAMA - Genitourinary Symptoms
C102076,HAMA - Insomnia,HAMA1-Insomnia;HAMA104;HAMA - Insomnia
C102076,HAMA - Insomnia,HAMA1-Insomnia;HAMA104;HAMA - Insomnia
C102076,HAMA - Insomnia,HAMA1-Insomnia;HAMA104;HAMA - Insomnia
C102076,HAMA - Insomnia,HAMA1-Insomnia;HAMA104;HAMA - Insomnia
C102077,HAMA - Intellectual,HAMA1-Intellectual;HAMA105;HAMA - Intellectual
C102077,HAMA - Intellectual,HAMA1-Intellectual;HAMA105;HAMA - Intellectual
C102077,HAMA - Intellectual,HAMA1-Intellectual;HAMA105;HAMA - Intellectual
C102077,HAMA - Intellectual,HAMA1-Intellectual;HAMA105;HAMA - Intellectual
C102082,HAMA - Respiratory Symptoms,HAMA1-Respiratory Symptoms;HAMA110;HAMA - Respiratory Symptoms
C102082,HAMA - Respiratory Symptoms,HAMA1-Respiratory Symptoms;HAMA110;HAMA - Respiratory Symptoms
C102082,HAMA - Respiratory Symptoms,HAMA1-Respiratory Symptoms;HAMA110;HAMA - Respiratory Symptoms
C102082,HAMA - Respiratory Symptoms,HAMA1-Respiratory Symptoms;HAMA110;HAMA - Respiratory Symptoms
C102079,HAMA - Somatic (Muscular),HAMA1-Somatic (Muscular);HAMA107;HAMA - Somatic (Muscular)
C102079,HAMA - Somatic (Muscular),HAMA1-Somatic (Muscular);HAMA107;HAMA - Somatic (Muscular)
C102079,HAMA - Somatic (Muscular),HAMA1-Somatic (Muscular);HAMA107;HAMA - Somatic (Muscular)
C102079,HAMA - Somatic (Muscular),HAMA1-Somatic (Muscular);HAMA107;HAMA - Somatic (Muscular)
C102080,HAMA - Somatic (Sensory),HAMA1-Somatic (Sensory);HAMA108;HAMA - Somatic (Sensory)
C102080,HAMA - Somatic (Sensory),HAMA1-Somatic (Sensory);HAMA108;HAMA - Somatic (Sensory)
C102080,HAMA - Somatic (Sensory),HAMA1-Somatic (Sensory);HAMA108;HAMA - Somatic (Sensory)
C102080,HAMA - Somatic (Sensory),HAMA1-Somatic (Sensory);HAMA108;HAMA - Somatic (Sensory)
C102074,HAMA - Tension,HAMA1-Tension;HAMA102;HAMA - Tension
C102074,HAMA - Tension,HAMA1-Tension;HAMA102;HAMA - Tension
C102074,HAMA - Tension,HAMA1-Tension;HAMA102;HAMA - Tension
C102074,HAMA - Tension,HAMA1-Tension;HAMA102;HAMA - Tension
C155646,HAMA - Total Score,HAMA1-Total Score;HAMA115;HAMA - Total Score
C155646,HAMA - Total Score,HAMA1-Total Score;HAMA115;HAMA - Total Score
C155646,HAMA - Total Score,HAMA1-Total Score;HAMA115;HAMA - Total Score
C155646,HAMA - Total Score,HAMA1-Total Score;HAMA115;HAMA - Total Score
C191047,HBI - Abdominal Mass,HBI01-Abdominal Mass;HBI0104;HBI - Abdominal Mass
C191047,HBI - Abdominal Mass,HBI01-Abdominal Mass;HBI0104;HBI - Abdominal Mass
C191047,HBI - Abdominal Mass,HBI01-Abdominal Mass;HBI0104;HBI - Abdominal Mass
C191047,HBI - Abdominal Mass,HBI01-Abdominal Mass;HBI0104;HBI - Abdominal Mass
C191045,HBI - Abdominal Pain,HBI01-Abdominal Pain;HBI0102;HBI - Abdominal Pain
C191045,HBI - Abdominal Pain,HBI01-Abdominal Pain;HBI0102;HBI - Abdominal Pain
C191045,HBI - Abdominal Pain,HBI01-Abdominal Pain;HBI0102;HBI - Abdominal Pain
C191045,HBI - Abdominal Pain,HBI01-Abdominal Pain;HBI0102;HBI - Abdominal Pain
C191045,HBI - Abdominal Pain,HBI01-Abdominal Pain;HBI0102;HBI - Abdominal Pain
C191055,HBI - Complication: Abscess,HBI01-Complication: Abscess;HBI0105H;HBI - Complication: Abscess
C191055,HBI - Complication: Abscess,HBI01-Complication: Abscess;HBI0105H;HBI - Complication: Abscess
C191055,HBI - Complication: Abscess,HBI01-Complication: Abscess;HBI0105H;HBI - Complication: Abscess
C191055,HBI - Complication: Abscess,HBI01-Complication: Abscess;HBI0105H;HBI - Complication: Abscess
C191053,HBI - Complication: Anal Fissures,HBI - Complication: Anal Fissures;HBI01-Complication: Anal Fissures;HBI0105F
C191053,HBI - Complication: Anal Fissures,HBI - Complication: Anal Fissures;HBI01-Complication: Anal Fissures;HBI0105F
C191053,HBI - Complication: Anal Fissures,HBI - Complication: Anal Fissures;HBI01-Complication: Anal Fissures;HBI0105F
C191053,HBI - Complication: Anal Fissures,HBI - Complication: Anal Fissures;HBI01-Complication: Anal Fissures;HBI0105F
C191051,HBI - Complication: Aphthous Ulcers,HBI01-Complication: Aphthous Ulcers;HBI0105D;HBI - Complication: Aphthous Ulcers
C191051,HBI - Complication: Aphthous Ulcers,HBI01-Complication: Aphthous Ulcers;HBI0105D;HBI - Complication: Aphthous Ulcers
C191051,HBI - Complication: Aphthous Ulcers,HBI01-Complication: Aphthous Ulcers;HBI0105D;HBI - Complication: Aphthous Ulcers
C191051,HBI - Complication: Aphthous Ulcers,HBI01-Complication: Aphthous Ulcers;HBI0105D;HBI - Complication: Aphthous Ulcers
C191048,HBI - Complication: Arthralgia,HBI01-Complication: Arthralgia;HBI0105A;HBI - Complication: Arthralgia
C191048,HBI - Complication: Arthralgia,HBI01-Complication: Arthralgia;HBI0105A;HBI - Complication: Arthralgia
C191048,HBI - Complication: Arthralgia,HBI01-Complication: Arthralgia;HBI0105A;HBI - Complication: Arthralgia
C191048,HBI - Complication: Arthralgia,HBI01-Complication: Arthralgia;HBI0105A;HBI - Complication: Arthralgia
C191050,HBI - Complication: Erythema Nodosum,HBI01-Complication: Erythema Nodosum;HBI0105C;HBI - Complication: Erythema Nodosum
C191050,HBI - Complication: Erythema Nodosum,HBI01-Complication: Erythema Nodosum;HBI0105C;HBI - Complication: Erythema Nodosum
C191050,HBI - Complication: Erythema Nodosum,HBI01-Complication: Erythema Nodosum;HBI0105C;HBI - Complication: Erythema Nodosum
C191050,HBI - Complication: Erythema Nodosum,HBI01-Complication: Erythema Nodosum;HBI0105C;HBI - Complication: Erythema Nodosum
C191054,HBI - Complication: New Fistula,HBI01-Complication: New Fistula;HBI0105G;HBI - Complication: New Fistula
C191054,HBI - Complication: New Fistula,HBI01-Complication: New Fistula;HBI0105G;HBI - Complication: New Fistula
C191054,HBI - Complication: New Fistula,HBI01-Complication: New Fistula;HBI0105G;HBI - Complication: New Fistula
C191054,HBI - Complication: New Fistula,HBI01-Complication: New Fistula;HBI0105G;HBI - Complication: New Fistula
C191052,HBI - Complication: Pyoderma Gangrenosum,HBI01-Complication: Pyoderma Gangrenosum;HBI0105E;HBI - Complication: Pyoderma Gangrenosum
C191052,HBI - Complication: Pyoderma Gangrenosum,HBI01-Complication: Pyoderma Gangrenosum;HBI0105E;HBI - Complication: Pyoderma Gangrenosum
C191052,HBI - Complication: Pyoderma Gangrenosum,HBI01-Complication: Pyoderma Gangrenosum;HBI0105E;HBI - Complication: Pyoderma Gangrenosum
C191052,HBI - Complication: Pyoderma Gangrenosum,HBI01-Complication: Pyoderma Gangrenosum;HBI0105E;HBI - Complication: Pyoderma Gangrenosum
C191049,HBI - Complication: Uveitis,HBI01-Complication: Uveitis;HBI0105B;HBI - Complication: Uveitis
C191049,HBI - Complication: Uveitis,HBI01-Complication: Uveitis;HBI0105B;HBI - Complication: Uveitis
C191049,HBI - Complication: Uveitis,HBI01-Complication: Uveitis;HBI0105B;HBI - Complication: Uveitis
C191049,HBI - Complication: Uveitis,HBI01-Complication: Uveitis;HBI0105B;HBI - Complication: Uveitis
C191044,HBI - General Well-being,HBI01-General Well-being;HBI0101;HBI - General Well-being
C191044,HBI - General Well-being,HBI01-General Well-being;HBI0101;HBI - General Well-being
C191044,HBI - General Well-being,HBI01-General Well-being;HBI0101;HBI - General Well-being
C191044,HBI - General Well-being,HBI01-General Well-being;HBI0101;HBI - General Well-being
C191044,HBI - General Well-being,HBI01-General Well-being;HBI0101;HBI - General Well-being
C191046,HBI - Number Liquid Stools,HBI01-Number Liquid Stools;HBI0103;HBI - Number Liquid Stools
C191046,HBI - Number Liquid Stools,HBI01-Number Liquid Stools;HBI0103;HBI - Number Liquid Stools
C191046,HBI - Number Liquid Stools,HBI01-Number Liquid Stools;HBI0103;HBI - Number Liquid Stools
C191046,HBI - Number Liquid Stools,HBI01-Number Liquid Stools;HBI0103;HBI - Number Liquid Stools
C191046,HBI - Number Liquid Stools,HBI01-Number Liquid Stools;HBI0103;HBI - Number Liquid Stools
C191056,HBI - Total Score,HBI01-Total Score;HBI0106;HBI - Total Score
C191056,HBI - Total Score,HBI01-Total Score;HBI0106;HBI - Total Score
C191056,HBI - Total Score,HBI01-Total Score;HBI0106;HBI - Total Score
C191056,HBI - Total Score,HBI01-Total Score;HBI0106;HBI - Total Score
C53556,HER2-Positive Breast Carcinoma,ERBB2 Overexpressing Subtype of Breast Carcinoma;HER2 Overexpressing Breast Carcinoma;HER2 Overexpressing Subtype of Breast Carcinoma
C53556,HER2-Positive Breast Carcinoma,ERBB2 Overexpressing Subtype of Breast Carcinoma;HER2 Overexpressing Breast Carcinoma;HER2 Overexpressing Subtype of Breast Carcinoma
C53556,HER2-Positive Breast Carcinoma,ERBB2 Overexpressing Subtype of Breast Carcinoma;HER2 Overexpressing Breast Carcinoma;HER2 Overexpressing Subtype of Breast Carcinoma
C53556,HER2-Positive Breast Carcinoma,ERBB2 Overexpressing Subtype of Breast Carcinoma;HER2 Overexpressing Breast Carcinoma;HER2 Overexpressing Subtype of Breast Carcinoma
C53556,HER2-Positive Breast Carcinoma,ERBB2 Overexpressing Subtype of Breast Carcinoma;HER2 Overexpressing Breast Carcinoma;HER2 Overexpressing Subtype of Breast Carcinoma
C53556,HER2-Positive Breast Carcinoma,ERBB2 Overexpressing Subtype of Breast Carcinoma;HER2 Overexpressing Breast Carcinoma;HER2 Overexpressing Subtype of Breast Carcinoma
C68748,HER2/Neu Positive,ERBB2 Positive;HER-2 Positive;HER2 Positive
C68748,HER2/Neu Positive,ERBB2 Positive;HER-2 Positive;HER2 Positive
C68748,HER2/Neu Positive,ERBB2 Positive;HER-2 Positive;HER2 Positive
C68748,HER2/Neu Positive,ERBB2 Positive;HER-2 Positive;HER2 Positive
C68748,HER2/Neu Positive,ERBB2 Positive;HER-2 Positive;HER2 Positive
C68748,HER2/Neu Positive,ERBB2 Positive;HER-2 Positive;HER2 Positive
C16152,HER2/Neu Status,ERBB2 Status;HER2/Her2/Neu Value;HER2/neu
C16152,HER2/Neu Status,ERBB2 Status;HER2/Her2/Neu Value;HER2/neu
C16152,HER2/Neu Status,ERBB2 Status;HER2/Her2/Neu Value;HER2/neu
C16152,HER2/Neu Status,ERBB2 Status;HER2/Her2/Neu Value;HER2/neu
C16152,HER2/Neu Status,ERBB2 Status;HER2/Her2/Neu Value;HER2/neu
C16152,HER2/Neu Status,ERBB2 Status;HER2/Her2/Neu Value;HER2/neu
C16152,HER2/Neu Status,ERBB2 Status;HER2/Her2/Neu Value;HER2/neu
C102118,Hamilton Anxiety Rating Scale Clinical Classification,HAM-A;HAMA;HAMA1
C102118,Hamilton Anxiety Rating Scale Clinical Classification,HAM-A;HAMA;HAMA1
C102118,Hamilton Anxiety Rating Scale Clinical Classification,HAM-A;HAMA;HAMA1
C102118,Hamilton Anxiety Rating Scale Clinical Classification,HAM-A;HAMA;HAMA1
C191036,Harvey-Bradshaw Index Clinical Classification,HBI01;HBI
C191036,Harvey-Bradshaw Index Clinical Classification,HBI01;HBI
C191036,Harvey-Bradshaw Index Clinical Classification,HBI01;HBI
C191036,Harvey-Bradshaw Index Clinical Classification,HBI01;HBI
C184708,Has Menstrual Periods Indicator,HMPIND
C184708,Has Menstrual Periods Indicator,HMPIND
C81255,Head Circumference,HDCIRC;Occipital-Frontal Circumference
C81255,Head Circumference,HDCIRC;Occipital-Frontal Circumference
C81255,Head Circumference,HDCIRC;Occipital-Frontal Circumference
C205753,Head Circumference-for-Age Percentile,HCRAPCTL;Head Occipital-Frontal Circumference-for-Age Percentile
C205753,Head Circumference-for-Age Percentile,HCRAPCTL;Head Occipital-Frontal Circumference-for-Age Percentile
C209446,Health Insurance Indicator,HIIND;Health Insurance Indicator
C209446,Health Insurance Indicator,HIIND;Health Insurance Indicator
C209446,Health Insurance Indicator,HIIND;Health Insurance Indicator
C15367,Health Risk Assessment,Risk Assessment;risk assessment
C119231,Healthcare Encounter Type,HETYPE;Encounter Type
C119231,Healthcare Encounter Type,HETYPE;Encounter Type
C119231,Healthcare Encounter Type,HETYPE;Encounter Type
C119231,Healthcare Encounter Type,HETYPE;Encounter Type
C119231,Healthcare Encounter Type,HETYPE;Encounter Type
C119231,Healthcare Encounter Type,HETYPE;Encounter Type
C98737,Healthy Subject Indicator,HLTSUBJI
C98737,Healthy Subject Indicator,HLTSUBJI
C98737,Healthy Subject Indicator,HLTSUBJI
C98737,Healthy Subject Indicator,HLTSUBJI
C98737,Healthy Subject Indicator,HLTSUBJI
C98737,Healthy Subject Indicator,HLTSUBJI
C119234,Heart Failure Therapy Intensification Type,"HFTHERIN;Heart Failure Therapy, Intensification"
C119234,Heart Failure Therapy Intensification Type,"HFTHERIN;Heart Failure Therapy, Intensification"
C119234,Heart Failure Therapy Intensification Type,"HFTHERIN;Heart Failure Therapy, Intensification"
C119234,Heart Failure Therapy Intensification Type,"HFTHERIN;Heart Failure Therapy, Intensification"
C119234,Heart Failure Therapy Intensification Type,"HFTHERIN;Heart Failure Therapy, Intensification"
C119234,Heart Failure Therapy Intensification Type,"HFTHERIN;Heart Failure Therapy, Intensification"
C49677,Heart Rate,HR
C49677,Heart Rate,HR
C49677,Heart Rate,HR
C49677,Heart Rate,HR
C49677,Heart Rate,HR
C49677,Heart Rate,HR
C49677,Heart Rate,HR
C199998,"Heart Rate Variability, Average Standard Deviation NN Interval Measurement","Heart Rate Variability, Average Standard Deviation NN Interval;Heart Rate Variability, SDANN;HRVSDANN"
C199998,"Heart Rate Variability, Average Standard Deviation NN Interval Measurement","Heart Rate Variability, Average Standard Deviation NN Interval;Heart Rate Variability, SDANN;HRVSDANN"
C199998,"Heart Rate Variability, Average Standard Deviation NN Interval Measurement","Heart Rate Variability, Average Standard Deviation NN Interval;Heart Rate Variability, SDANN;HRVSDANN"
C199682,"Heart Rate Variability, Standard Deviation NN Interval Measurement","Heart Rate Variability, SDNN;Heart Rate Variability, Standard Deviation NN Interval;HRVSDNN"
C199682,"Heart Rate Variability, Standard Deviation NN Interval Measurement","Heart Rate Variability, SDNN;Heart Rate Variability, Standard Deviation NN Interval;HRVSDNN"
C199682,"Heart Rate Variability, Standard Deviation NN Interval Measurement","Heart Rate Variability, SDNN;Heart Rate Variability, Standard Deviation NN Interval;HRVSDNN"
C163568,Height-for-Age Percentile,HTAPCTL
C163568,Height-for-Age Percentile,HTAPCTL
C64796,Hematocrit Measurement,Hematocrit;Packed Cell Volume;PCV;Erythrocyte Volume Fraction;EVF
C64796,Hematocrit Measurement,Hematocrit;Packed Cell Volume;PCV;Erythrocyte Volume Fraction;EVF
C64796,Hematocrit Measurement,Hematocrit;Packed Cell Volume;PCV;Erythrocyte Volume Fraction;EVF
C64796,Hematocrit Measurement,Hematocrit;Packed Cell Volume;PCV;Erythrocyte Volume Fraction;EVF
C64796,Hematocrit Measurement,Hematocrit;Packed Cell Volume;PCV;Erythrocyte Volume Fraction;EVF
C49286,Hematology Test,Blood Test;Hematology Procedure
C179823,Hematoma Indicator,HEMAIND
C179823,Hematoma Indicator,HEMAIND
C179823,Hematoma Indicator,HEMAIND
C179823,Hematoma Indicator,HEMAIND
C179823,Hematoma Indicator,HEMAIND
C179823,Hematoma Indicator,HEMAIND
C64849,Hemoglobin A1C Measurement,Hemoglobin A1C;HBA1C;Glycosylated Hemoglobin A1C
C64849,Hemoglobin A1C Measurement,Hemoglobin A1C;HBA1C;Glycosylated Hemoglobin A1C
C64849,Hemoglobin A1C Measurement,Hemoglobin A1C;HBA1C;Glycosylated Hemoglobin A1C
C64849,Hemoglobin A1C Measurement,Hemoglobin A1C;HBA1C;Glycosylated Hemoglobin A1C
C64849,Hemoglobin A1C Measurement,Hemoglobin A1C;HBA1C;Glycosylated Hemoglobin A1C
C111207,Hemoglobin A1C to Hemoglobin Ratio Measurement,Hemoglobin A1C/Hemoglobin;HBA1CHGB
C111207,Hemoglobin A1C to Hemoglobin Ratio Measurement,Hemoglobin A1C/Hemoglobin;HBA1CHGB
C111207,Hemoglobin A1C to Hemoglobin Ratio Measurement,Hemoglobin A1C/Hemoglobin;HBA1CHGB
C111207,Hemoglobin A1C to Hemoglobin Ratio Measurement,Hemoglobin A1C/Hemoglobin;HBA1CHGB
C111207,Hemoglobin A1C to Hemoglobin Ratio Measurement,Hemoglobin A1C/Hemoglobin;HBA1CHGB
C120825,Hemoglobin Corrected Diffusion Capacity of the Lung for Carbon Monoxide,DLCOHC;HGB Corrected DLCO
C120825,Hemoglobin Corrected Diffusion Capacity of the Lung for Carbon Monoxide,DLCOHC;HGB Corrected DLCO
C120825,Hemoglobin Corrected Diffusion Capacity of the Lung for Carbon Monoxide,DLCOHC;HGB Corrected DLCO
C120827,Hemoglobin Corrected Diffusion Capacity of the Lung for Carbon Monoxide/Alveolar Volume Ratio,DLCOHCVA;HGB Corrected DLCO/VA
C120827,Hemoglobin Corrected Diffusion Capacity of the Lung for Carbon Monoxide/Alveolar Volume Ratio,DLCOHCVA;HGB Corrected DLCO/VA
C120827,Hemoglobin Corrected Diffusion Capacity of the Lung for Carbon Monoxide/Alveolar Volume Ratio,DLCOHCVA;HGB Corrected DLCO/VA
C64848,Hemoglobin Measurement,Hemoglobin;HGB
C64848,Hemoglobin Measurement,Hemoglobin;HGB
C64848,Hemoglobin Measurement,Hemoglobin;HGB
C64848,Hemoglobin Measurement,Hemoglobin;HGB
C64848,Hemoglobin Measurement,Hemoglobin;HGB
C64848,Hemoglobin Measurement,Hemoglobin;HGB
C103404,Hepatitis B DNA Measurement,HBDNA;HBV DNA;HBV DNA Measurement
C103404,Hepatitis B DNA Measurement,HBDNA;HBV DNA;HBV DNA Measurement
C103404,Hepatitis B DNA Measurement,HBDNA;HBV DNA;HBV DNA Measurement
C103404,Hepatitis B DNA Measurement,HBDNA;HBV DNA;HBV DNA Measurement
C103404,Hepatitis B DNA Measurement,HBDNA;HBV DNA;HBV DNA Measurement
C103404,Hepatitis B DNA Measurement,HBDNA;HBV DNA;HBV DNA Measurement
C74711,Hepatitis B Surface Antibody Measurement,HBV Surface Antibody;HBV Surface Antibody Measurement
C74711,Hepatitis B Surface Antibody Measurement,HBV Surface Antibody;HBV Surface Antibody Measurement
C74711,Hepatitis B Surface Antibody Measurement,HBV Surface Antibody;HBV Surface Antibody Measurement
C74711,Hepatitis B Surface Antibody Measurement,HBV Surface Antibody;HBV Surface Antibody Measurement
C74711,Hepatitis B Surface Antibody Measurement,HBV Surface Antibody;HBV Surface Antibody Measurement
C74711,Hepatitis B Surface Antibody Measurement,HBV Surface Antibody;HBV Surface Antibody Measurement
C96660,Hepatitis B Virus Core Antibody Measurement,HBV Core Antibody;HBV Core Antibody Measurement
C96660,Hepatitis B Virus Core Antibody Measurement,HBV Core Antibody;HBV Core Antibody Measurement
C96660,Hepatitis B Virus Core Antibody Measurement,HBV Core Antibody;HBV Core Antibody Measurement
C96660,Hepatitis B Virus Core Antibody Measurement,HBV Core Antibody;HBV Core Antibody Measurement
C96660,Hepatitis B Virus Core Antibody Measurement,HBV Core Antibody;HBV Core Antibody Measurement
C96660,Hepatitis B Virus Core Antibody Measurement,HBV Core Antibody;HBV Core Antibody Measurement
C166039,Hepatitis B Virus Core Antigen Measurement,HBCAG;Hepatitis B Core Antigen;Hepatitis B Virus Core Antigen
C166039,Hepatitis B Virus Core Antigen Measurement,HBCAG;Hepatitis B Core Antigen;Hepatitis B Virus Core Antigen
C166039,Hepatitis B Virus Core Antigen Measurement,HBCAG;Hepatitis B Core Antigen;Hepatitis B Virus Core Antigen
C166039,Hepatitis B Virus Core Antigen Measurement,HBCAG;Hepatitis B Core Antigen;Hepatitis B Virus Core Antigen
C166039,Hepatitis B Virus Core Antigen Measurement,HBCAG;Hepatitis B Core Antigen;Hepatitis B Virus Core Antigen
C166039,Hepatitis B Virus Core Antigen Measurement,HBCAG;Hepatitis B Core Antigen;Hepatitis B Virus Core Antigen
C64850,Hepatitis B Virus Surface Antigen Measurement,HBsAg;Hepatitis B Surface Antigen;Hepatitis B Virus Surface Antigen
C64850,Hepatitis B Virus Surface Antigen Measurement,HBsAg;Hepatitis B Surface Antigen;Hepatitis B Virus Surface Antigen
C64850,Hepatitis B Virus Surface Antigen Measurement,HBsAg;Hepatitis B Surface Antigen;Hepatitis B Virus Surface Antigen
C64850,Hepatitis B Virus Surface Antigen Measurement,HBsAg;Hepatitis B Surface Antigen;Hepatitis B Virus Surface Antigen
C64850,Hepatitis B Virus Surface Antigen Measurement,HBsAg;Hepatitis B Surface Antigen;Hepatitis B Virus Surface Antigen
C64850,Hepatitis B Virus Surface Antigen Measurement,HBsAg;Hepatitis B Surface Antigen;Hepatitis B Virus Surface Antigen
C142330,Hepatitis C Virus RNA Measurement,HCRNA;Hepatitis C RNA
C142330,Hepatitis C Virus RNA Measurement,HCRNA;Hepatitis C RNA
C142330,Hepatitis C Virus RNA Measurement,HCRNA;Hepatitis C RNA
C142330,Hepatitis C Virus RNA Measurement,HCRNA;Hepatitis C RNA
C142330,Hepatitis C Virus RNA Measurement,HCRNA;Hepatitis C RNA
C142330,Hepatitis C Virus RNA Measurement,HCRNA;Hepatitis C RNA
C105587,High Density Lipoprotein Cholesterol Measurement,HDL;HDL Cholesterol
C105587,High Density Lipoprotein Cholesterol Measurement,HDL;HDL Cholesterol
C105587,High Density Lipoprotein Cholesterol Measurement,HDL;HDL Cholesterol
C105587,High Density Lipoprotein Cholesterol Measurement,HDL;HDL Cholesterol
C105587,High Density Lipoprotein Cholesterol Measurement,HDL;HDL Cholesterol
C100947,Hip Circumference,HIPCIR
C100947,Hip Circumference,HIPCIR
C100947,Hip Circumference,HIPCIR
C18190,Histopathologic Examination,Histopathological;HISTOPATHOLOGY;histopathology;Histopathologic Study;Histopathology
C181760,History of Tobacco Use,Tobacco Use;Tobacco Use History
C181760,History of Tobacco Use,Tobacco Use;Tobacco Use History
C181760,History of Tobacco Use,Tobacco Use;Tobacco Use History
C181760,History of Tobacco Use,Tobacco Use;Tobacco Use History
C181760,History of Tobacco Use,Tobacco Use;Tobacco Use History
C181760,History of Tobacco Use,Tobacco Use;Tobacco Use History
C181760,History of Tobacco Use,Tobacco Use;Tobacco Use History
C181760,History of Tobacco Use,Tobacco Use;Tobacco Use History
C181760,History of Tobacco Use,Tobacco Use;Tobacco Use History
C181760,History of Tobacco Use,Tobacco Use;Tobacco Use History
C181760,History of Tobacco Use,Tobacco Use;Tobacco Use History
C181760,History of Tobacco Use,Tobacco Use;Tobacco Use History
C181760,History of Tobacco Use,Tobacco Use;Tobacco Use History
C181760,History of Tobacco Use,Tobacco Use;Tobacco Use History
C181760,History of Tobacco Use,Tobacco Use;Tobacco Use History
C181760,History of Tobacco Use,Tobacco Use;Tobacco Use History
C181760,History of Tobacco Use,Tobacco Use;Tobacco Use History
C181760,History of Tobacco Use,Tobacco Use;Tobacco Use History
C181760,History of Tobacco Use,Tobacco Use;Tobacco Use History
C181760,History of Tobacco Use,Tobacco Use;Tobacco Use History
C181760,History of Tobacco Use,Tobacco Use;Tobacco Use History
C188928,Hormone Receptor Status,HR Status
C188928,Hormone Receptor Status,HR Status
C188928,Hormone Receptor Status,HR Status
C188928,Hormone Receptor Status,HR Status
C188928,Hormone Receptor Status,HR Status
C188928,Hormone Receptor Status,HR Status
C188928,Hormone Receptor Status,HR Status
C147564,Hormone Resistance,Endocrine Resistance;Hormone Therapy Resistance
C147564,Hormone Resistance,Endocrine Resistance;Hormone Therapy Resistance
C147564,Hormone Resistance,Endocrine Resistance;Hormone Therapy Resistance
C147564,Hormone Resistance,Endocrine Resistance;Hormone Therapy Resistance
C147564,Hormone Resistance,Endocrine Resistance;Hormone Therapy Resistance
C147564,Hormone Resistance,Endocrine Resistance;Hormone Therapy Resistance
C135386,Hospital Medical Record Indicator,HMROIND;Hospital Medical Record Obtained Ind;Hospital Medical Record Obtained Indicator
C135386,Hospital Medical Record Indicator,HMROIND;Hospital Medical Record Obtained Ind;Hospital Medical Record Obtained Indicator
C176360,Hospitalized Due to Pregnancy Complication Indicator,HSPGCIND;Hosp Due to Pregnancy Complication Ind
C176360,Hospitalized Due to Pregnancy Complication Indicator,HSPGCIND;Hosp Due to Pregnancy Complication Ind
C198258,Hospitalized at Time of Death Indicator,HSDTHIND
C198258,Hospitalized at Time of Death Indicator,HSDTHIND
C112312,Human Epidermal Growth Factor Receptor 2 Measurement,ERBB2;HER2;HER2/NEU;Receptor Tyrosine-Protein Kinase erbB-2 Measurement
C112312,Human Epidermal Growth Factor Receptor 2 Measurement,ERBB2;HER2;HER2/NEU;Receptor Tyrosine-Protein Kinase erbB-2 Measurement
C112312,Human Epidermal Growth Factor Receptor 2 Measurement,ERBB2;HER2;HER2/NEU;Receptor Tyrosine-Protein Kinase erbB-2 Measurement
C112312,Human Epidermal Growth Factor Receptor 2 Measurement,ERBB2;HER2;HER2/NEU;Receptor Tyrosine-Protein Kinase erbB-2 Measurement
C112312,Human Epidermal Growth Factor Receptor 2 Measurement,ERBB2;HER2;HER2/NEU;Receptor Tyrosine-Protein Kinase erbB-2 Measurement
C112312,Human Epidermal Growth Factor Receptor 2 Measurement,ERBB2;HER2;HER2/NEU;Receptor Tyrosine-Protein Kinase erbB-2 Measurement
C112312,Human Epidermal Growth Factor Receptor 2 Measurement,ERBB2;HER2;HER2/NEU;Receptor Tyrosine-Protein Kinase erbB-2 Measurement
C117976,Ideal Body Weight,IDEALWT
C117976,Ideal Body Weight,IDEALWT
C117976,Ideal Body Weight,IDEALWT
C25364,Identifier,ID;id;Descriptor;Designation;Designator
C198280,IgM Autoantibody Measurement,ATIGMAB;IgM Autoantibody
C198280,IgM Autoantibody Measurement,ATIGMAB;IgM Autoantibody
C198280,IgM Autoantibody Measurement,ATIGMAB;IgM Autoantibody
C198280,IgM Autoantibody Measurement,ATIGMAB;IgM Autoantibody
C198280,IgM Autoantibody Measurement,ATIGMAB;IgM Autoantibody
C198280,IgM Autoantibody Measurement,ATIGMAB;IgM Autoantibody
C198280,IgM Autoantibody Measurement,ATIGMAB;IgM Autoantibody
C198280,IgM Autoantibody Measurement,ATIGMAB;IgM Autoantibody
C198280,IgM Autoantibody Measurement,ATIGMAB;IgM Autoantibody
C198280,IgM Autoantibody Measurement,ATIGMAB;IgM Autoantibody
C25532,Inclusion Criteria,Inclusion
C25532,Inclusion Criteria,Inclusion
C25532,Inclusion Criteria,Inclusion
C25532,Inclusion Criteria,Inclusion
C25532,Inclusion Criteria,Inclusion
C83063,Inclusion Exclusion Criteria Yes No Indicator,Inclusion Exclusion Criteria Yes No Indicator;IEYN
C83063,Inclusion Exclusion Criteria Yes No Indicator,Inclusion Exclusion Criteria Yes No Indicator;IEYN
C154890,Income Level,INCMLVL;Income Level
C154890,Income Level,INCMLVL;Income Level
C154890,Income Level,INCMLVL;Income Level
C209684,Indian Health Service Insurance Indicator,HIIHSIND;Indian Health Service Insurance Ind;Indian Health Service Insurance Indicator
C209684,Indian Health Service Insurance Indicator,HIIHSIND;Indian Health Service Insurance Ind;Indian Health Service Insurance Indicator
C209684,Indian Health Service Insurance Indicator,HIIHSIND;Indian Health Service Insurance Ind;Indian Health Service Insurance Indicator
C41184,Indication,Disease/Condition Indication;INDC
C91372,Indirect Antiglobulin Test,ANGLBIND;Indirect Coombs Test;Indirect Anti-human Globulin Test;Antiglobulin Test Indirect
C91372,Indirect Antiglobulin Test,ANGLBIND;Indirect Coombs Test;Indirect Anti-human Globulin Test;Antiglobulin Test Indirect
C91372,Indirect Antiglobulin Test,ANGLBIND;Indirect Coombs Test;Indirect Anti-human Globulin Test;Antiglobulin Test Indirect
C91372,Indirect Antiglobulin Test,ANGLBIND;Indirect Coombs Test;Indirect Anti-human Globulin Test;Antiglobulin Test Indirect
C189355,Individual Surgically Sterile Indicator,SRGSTIND;Surgically Sterile Indicator
C189355,Individual Surgically Sterile Indicator,SRGSTIND;Surgically Sterile Indicator
C156588,Induced Abortion Indicator,INABOIND
C156588,Induced Abortion Indicator,INABOIND
C122196,Induration Longest Diameter,IDRLDIAM
C122196,Induration Longest Diameter,IDRLDIAM
C122196,Induration Longest Diameter,IDRLDIAM
C122196,Induration Longest Diameter,IDRLDIAM
C122196,Induration Longest Diameter,IDRLDIAM
C122196,Induration Longest Diameter,IDRLDIAM
C122196,Induration Longest Diameter,IDRLDIAM
C171513,Infant Less Than One Year Indicator,INL1YIND;Infant Less Than One Year Indicator
C171513,Infant Less Than One Year Indicator,INL1YIND;Infant Less Than One Year Indicator
C171513,Infant Less Than One Year Indicator,INL1YIND;Infant Less Than One Year Indicator
C189356,Infertility Indicator,INFRTIND
C189356,Infertility Indicator,INFRTIND
C171512,Infiltrates Indicator,INFLTIND
C171512,Infiltrates Indicator,INFLTIND
C176287,Information Source for Cause of Death,INFOSCOD;cause of death source
C176287,Information Source for Cause of Death,INFOSCOD;cause of death source
C16735,Informed Consent,Informed Consent Obtained
C16735,Informed Consent,Informed Consent Obtained
C16735,Informed Consent,Informed Consent Obtained
C16735,Informed Consent,Informed Consent Obtained
C16735,Informed Consent,Informed Consent Obtained
C111362,Inspiratory Capacity,IC
C111362,Inspiratory Capacity,IC
C111362,Inspiratory Capacity,IC
C112321,Inspiratory Capacity Reversibility,IC Reversibility;ICREV
C112321,Inspiratory Capacity Reversibility,IC Reversibility;ICREV
C111237,Inspiratory Reserve Volume,IRV
C111237,Inspiratory Reserve Volume,IRV
C111237,Inspiratory Reserve Volume,IRV
C124423,Inspiratory Vital Capacity,IVC
C124423,Inspiratory Vital Capacity,IVC
C124423,Inspiratory Vital Capacity,IVC
C74834,Interleukin 6 Measurement,INTLK6;Interleukin 6
C74834,Interleukin 6 Measurement,INTLK6;Interleukin 6
C74834,Interleukin 6 Measurement,INTLK6;Interleukin 6
C74834,Interleukin 6 Measurement,INTLK6;Interleukin 6
C64805,International Normalized Ratio of Prothrombin Time,INR;Prothrombin Intl. Normalized Ratio
C64805,International Normalized Ratio of Prothrombin Time,INR;Prothrombin Intl. Normalized Ratio
C64805,International Normalized Ratio of Prothrombin Time,INR;Prothrombin Intl. Normalized Ratio
C64805,International Normalized Ratio of Prothrombin Time,INR;Prothrombin Intl. Normalized Ratio
C64805,International Normalized Ratio of Prothrombin Time,INR;Prothrombin Intl. Normalized Ratio
C41255,Interpretation,INTERPRETATION;INTP
C41255,Interpretation,INTERPRETATION;INTP
C209687,Intersex Diagnosis Indicator,ISXDXIND;Intersex Diagnosis Indicator
C209687,Intersex Diagnosis Indicator,ISXDXIND;Intersex Diagnosis Indicator
C209687,Intersex Diagnosis Indicator,ISXDXIND;Intersex Diagnosis Indicator
C71465,Intervention Duration,Duration of Intervention
C98746,Intervention Model,Intervention Model Type;Interventional Study Design;INTMODEL
C98746,Intervention Model,Intervention Model Type;Interventional Study Design;INTMODEL
C98746,Intervention Model,Intervention Model Type;Interventional Study Design;INTMODEL
C98746,Intervention Model,Intervention Model Type;Interventional Study Design;INTMODEL
C98746,Intervention Model,Intervention Model Type;Interventional Study Design;INTMODEL
C98746,Intervention Model,Intervention Model Type;Interventional Study Design;INTMODEL
C98747,Intervention Type,INTTYPE;Study Intervention Type
C98747,Intervention Type,INTTYPE;Study Intervention Type
C98747,Intervention Type,INTTYPE;Study Intervention Type
C98747,Intervention Type,INTTYPE;Study Intervention Type
C98747,Intervention Type,INTTYPE;Study Intervention Type
C98747,Intervention Type,INTTYPE;Study Intervention Type
C111238,Intraventricular and Intraatrial Conduction ECG Assessment,IVTIACD;Intraventricular-Intraatrial Conduction
C111238,Intraventricular and Intraatrial Conduction ECG Assessment,IVTIACD;Intraventricular-Intraatrial Conduction
C111238,Intraventricular and Intraatrial Conduction ECG Assessment,IVTIACD;Intraventricular-Intraatrial Conduction
C111238,Intraventricular and Intraatrial Conduction ECG Assessment,IVTIACD;Intraventricular-Intraatrial Conduction
C111238,Intraventricular and Intraatrial Conduction ECG Assessment,IVTIACD;Intraventricular-Intraatrial Conduction
C111238,Intraventricular and Intraatrial Conduction ECG Assessment,IVTIACD;Intraventricular-Intraatrial Conduction
C111238,Intraventricular and Intraatrial Conduction ECG Assessment,IVTIACD;Intraventricular-Intraatrial Conduction
C189353,Irregular Menstrual Periods Indicator,IRRMPIND
C189353,Irregular Menstrual Periods Indicator,IRRMPIND
C119236,Ischemic Evidence Type,ISCETYP
C119236,Ischemic Evidence Type,ISCETYP
C119236,Ischemic Evidence Type,ISCETYP
C119236,Ischemic Evidence Type,ISCETYP
C119236,Ischemic Evidence Type,ISCETYP
C119236,Ischemic Evidence Type,ISCETYP
C181496,"Isometric Muscle Strength, Abduction",ISOMSABD
C181496,"Isometric Muscle Strength, Abduction",ISOMSABD
C181496,"Isometric Muscle Strength, Abduction",ISOMSABD
C181496,"Isometric Muscle Strength, Abduction",ISOMSABD
C181496,"Isometric Muscle Strength, Abduction",ISOMSABD
C181496,"Isometric Muscle Strength, Abduction",ISOMSABD
C181500,"Isometric Muscle Strength, Adduction",ISOMSADD
C181500,"Isometric Muscle Strength, Adduction",ISOMSADD
C181500,"Isometric Muscle Strength, Adduction",ISOMSADD
C181500,"Isometric Muscle Strength, Adduction",ISOMSADD
C181500,"Isometric Muscle Strength, Adduction",ISOMSADD
C181500,"Isometric Muscle Strength, Adduction",ISOMSADD
C181497,"Isometric Muscle Strength, Dorsiflexion",ISOMSDOR
C181497,"Isometric Muscle Strength, Dorsiflexion",ISOMSDOR
C181497,"Isometric Muscle Strength, Dorsiflexion",ISOMSDOR
C181497,"Isometric Muscle Strength, Dorsiflexion",ISOMSDOR
C181497,"Isometric Muscle Strength, Dorsiflexion",ISOMSDOR
C181497,"Isometric Muscle Strength, Dorsiflexion",ISOMSDOR
C139215,"Isometric Muscle Strength, Extension",ISOMSEXT
C139215,"Isometric Muscle Strength, Extension",ISOMSEXT
C139215,"Isometric Muscle Strength, Extension",ISOMSEXT
C139215,"Isometric Muscle Strength, Extension",ISOMSEXT
C139215,"Isometric Muscle Strength, Extension",ISOMSEXT
C139215,"Isometric Muscle Strength, Extension",ISOMSEXT
C181499,"Isometric Muscle Strength, External Rotation","ISOMSER;Isometric Muscle Strength, External Rotation"
C181499,"Isometric Muscle Strength, External Rotation","ISOMSER;Isometric Muscle Strength, External Rotation"
C181499,"Isometric Muscle Strength, External Rotation","ISOMSER;Isometric Muscle Strength, External Rotation"
C181499,"Isometric Muscle Strength, External Rotation","ISOMSER;Isometric Muscle Strength, External Rotation"
C181499,"Isometric Muscle Strength, External Rotation","ISOMSER;Isometric Muscle Strength, External Rotation"
C139216,"Isometric Muscle Strength, Flexion",ISOMSFL
C139216,"Isometric Muscle Strength, Flexion",ISOMSFL
C139216,"Isometric Muscle Strength, Flexion",ISOMSFL
C139216,"Isometric Muscle Strength, Flexion",ISOMSFL
C139216,"Isometric Muscle Strength, Flexion",ISOMSFL
C139216,"Isometric Muscle Strength, Flexion",ISOMSFL
C181498,"Isometric Muscle Strength, Internal Rotation","ISOMSIR;Isometric Muscle Strength, Internal Rotation"
C181498,"Isometric Muscle Strength, Internal Rotation","ISOMSIR;Isometric Muscle Strength, Internal Rotation"
C181498,"Isometric Muscle Strength, Internal Rotation","ISOMSIR;Isometric Muscle Strength, Internal Rotation"
C181498,"Isometric Muscle Strength, Internal Rotation","ISOMSIR;Isometric Muscle Strength, Internal Rotation"
C181498,"Isometric Muscle Strength, Internal Rotation","ISOMSIR;Isometric Muscle Strength, Internal Rotation"
C112614,KFSS - Bowel and Bladder Functions,KFSS1-Bowel and Bladder Functions;KFSS105;KFSS - Bowel and Bladder Functions
C112614,KFSS - Bowel and Bladder Functions,KFSS1-Bowel and Bladder Functions;KFSS105;KFSS - Bowel and Bladder Functions
C112614,KFSS - Bowel and Bladder Functions,KFSS1-Bowel and Bladder Functions;KFSS105;KFSS - Bowel and Bladder Functions
C112614,KFSS - Bowel and Bladder Functions,KFSS1-Bowel and Bladder Functions;KFSS105;KFSS - Bowel and Bladder Functions
C112612,KFSS - Brain Stem Functions,KFSS1-Brain Stem Functions;KFSS103;KFSS - Brain Stem Functions
C112612,KFSS - Brain Stem Functions,KFSS1-Brain Stem Functions;KFSS103;KFSS - Brain Stem Functions
C112612,KFSS - Brain Stem Functions,KFSS1-Brain Stem Functions;KFSS103;KFSS - Brain Stem Functions
C112612,KFSS - Brain Stem Functions,KFSS1-Brain Stem Functions;KFSS103;KFSS - Brain Stem Functions
C112610,KFSS - Cerebellar Functions,KFSS1-Cerebellar Functions;KFSS102;KFSS - Cerebellar Functions
C112610,KFSS - Cerebellar Functions,KFSS1-Cerebellar Functions;KFSS102;KFSS - Cerebellar Functions
C112610,KFSS - Cerebellar Functions,KFSS1-Cerebellar Functions;KFSS102;KFSS - Cerebellar Functions
C112610,KFSS - Cerebellar Functions,KFSS1-Cerebellar Functions;KFSS102;KFSS - Cerebellar Functions
C112617,KFSS - Cerebral (or Mental) Functions,KFSS1-Cerebral or Mental Functions;KFSS107;KFSS - Cerebral (or Mental) Functions
C112617,KFSS - Cerebral (or Mental) Functions,KFSS1-Cerebral or Mental Functions;KFSS107;KFSS - Cerebral (or Mental) Functions
C112617,KFSS - Cerebral (or Mental) Functions,KFSS1-Cerebral or Mental Functions;KFSS107;KFSS - Cerebral (or Mental) Functions
C112617,KFSS - Cerebral (or Mental) Functions,KFSS1-Cerebral or Mental Functions;KFSS107;KFSS - Cerebral (or Mental) Functions
C113884,KFSS - Other Functions,KFSS1-Other Functions;KFSS108;KFSS - Other Functions
C113884,KFSS - Other Functions,KFSS1-Other Functions;KFSS108;KFSS - Other Functions
C113884,KFSS - Other Functions,KFSS1-Other Functions;KFSS108;KFSS - Other Functions
C113884,KFSS - Other Functions,KFSS1-Other Functions;KFSS108;KFSS - Other Functions
C113885,KFSS - Other Functions Specify,KFSS1-Other Functions Specify;KFSS108A;KFSS - Other Functions Specify
C113885,KFSS - Other Functions Specify,KFSS1-Other Functions Specify;KFSS108A;KFSS - Other Functions Specify
C113885,KFSS - Other Functions Specify,KFSS1-Other Functions Specify;KFSS108A;KFSS - Other Functions Specify
C112616,KFSS - Presence of Temporal Pallor,KFSS1-Presence of Temporal Pallor;KFSS106A;KFSS - Presence of Temporal Pallor
C112616,KFSS - Presence of Temporal Pallor,KFSS1-Presence of Temporal Pallor;KFSS106A;KFSS - Presence of Temporal Pallor
C112616,KFSS - Presence of Temporal Pallor,KFSS1-Presence of Temporal Pallor;KFSS106A;KFSS - Presence of Temporal Pallor
C112609,KFSS - Pyramidal Functions,KFSS1-Pyramidal Functions;KFSS101;KFSS - Pyramidal Functions
C112609,KFSS - Pyramidal Functions,KFSS1-Pyramidal Functions;KFSS101;KFSS - Pyramidal Functions
C112609,KFSS - Pyramidal Functions,KFSS1-Pyramidal Functions;KFSS101;KFSS - Pyramidal Functions
C112609,KFSS - Pyramidal Functions,KFSS1-Pyramidal Functions;KFSS101;KFSS - Pyramidal Functions
C112613,KFSS - Sensory Functions,KFSS1-Sensory Functions;KFSS104;KFSS - Sensory Functions
C112613,KFSS - Sensory Functions,KFSS1-Sensory Functions;KFSS104;KFSS - Sensory Functions
C112613,KFSS - Sensory Functions,KFSS1-Sensory Functions;KFSS104;KFSS - Sensory Functions
C112613,KFSS - Sensory Functions,KFSS1-Sensory Functions;KFSS104;KFSS - Sensory Functions
C112615,KFSS - Visual (or Optic) Functions,KFSS1-Visual or Optic Functions;KFSS106;KFSS - Visual (or Optic) Functions
C112615,KFSS - Visual (or Optic) Functions,KFSS1-Visual or Optic Functions;KFSS106;KFSS - Visual (or Optic) Functions
C112615,KFSS - Visual (or Optic) Functions,KFSS1-Visual or Optic Functions;KFSS106;KFSS - Visual (or Optic) Functions
C112615,KFSS - Visual (or Optic) Functions,KFSS1-Visual or Optic Functions;KFSS106;KFSS - Visual (or Optic) Functions
C112611,KFSS - Weakness Interferes With Testing,KFSS1-Weakness Interferes With Testing;KFSS102A;KFSS - Weakness Interferes With Testing
C112611,KFSS - Weakness Interferes With Testing,KFSS1-Weakness Interferes With Testing;KFSS102A;KFSS - Weakness Interferes With Testing
C112611,KFSS - Weakness Interferes With Testing,KFSS1-Weakness Interferes With Testing;KFSS102A;KFSS - Weakness Interferes With Testing
C100417,KPS Scale - Karnofsky Performance Status,KPSS01-Karnofsky Performance Status;KPSS0101;KPS Scale - Karnofsky Performance Status
C100417,KPS Scale - Karnofsky Performance Status,KPSS01-Karnofsky Performance Status;KPSS0101;KPS Scale - Karnofsky Performance Status
C100417,KPS Scale - Karnofsky Performance Status,KPSS01-Karnofsky Performance Status;KPSS0101;KPS Scale - Karnofsky Performance Status
C100417,KPS Scale - Karnofsky Performance Status,KPSS01-Karnofsky Performance Status;KPSS0101;KPS Scale - Karnofsky Performance Status
C100768,Karnofsky Performance Status Scale Clinical Classification,KPS SCALE;KPSS01
C100768,Karnofsky Performance Status Scale Clinical Classification,KPS SCALE;KPSS01
C100768,Karnofsky Performance Status Scale Clinical Classification,KPS SCALE;KPSS01
C100768,Karnofsky Performance Status Scale Clinical Classification,KPS SCALE;KPSS01
C64854,Ketone Measurement,Ketones
C64854,Ketone Measurement,Ketones
C64854,Ketone Measurement,Ketones
C64854,Ketone Measurement,Ketones
C64854,Ketone Measurement,Ketones
C157250,Ki-67 Labeling Index,Ki-67;Ki-67Anti-KI67 Labeling Index;Anti-Ki-67 Labeling Index;Anti-MKI67 Labeling Index;Ki-67 Labeling Index;Ki-67 MIB1 Labeling Index;MIB-1 Antibody Labeling Index;MIB-1 Labeling Index;MIB1 Antibody Labeling Index;MIB1 Labeling Index
C157250,Ki-67 Labeling Index,Ki-67;Ki-67Anti-KI67 Labeling Index;Anti-Ki-67 Labeling Index;Anti-MKI67 Labeling Index;Ki-67 Labeling Index;Ki-67 MIB1 Labeling Index;MIB-1 Antibody Labeling Index;MIB-1 Labeling Index;MIB1 Antibody Labeling Index;MIB1 Labeling Index
C157250,Ki-67 Labeling Index,Ki-67;Ki-67Anti-KI67 Labeling Index;Anti-Ki-67 Labeling Index;Anti-MKI67 Labeling Index;Ki-67 Labeling Index;Ki-67 MIB1 Labeling Index;MIB-1 Antibody Labeling Index;MIB-1 Labeling Index;MIB1 Antibody Labeling Index;MIB1 Labeling Index
C157250,Ki-67 Labeling Index,Ki-67;Ki-67Anti-KI67 Labeling Index;Anti-Ki-67 Labeling Index;Anti-MKI67 Labeling Index;Ki-67 Labeling Index;Ki-67 MIB1 Labeling Index;MIB-1 Antibody Labeling Index;MIB-1 Labeling Index;MIB1 Antibody Labeling Index;MIB1 Labeling Index
C157250,Ki-67 Labeling Index,Ki-67;Ki-67Anti-KI67 Labeling Index;Anti-Ki-67 Labeling Index;Anti-MKI67 Labeling Index;Ki-67 Labeling Index;Ki-67 MIB1 Labeling Index;MIB-1 Antibody Labeling Index;MIB-1 Labeling Index;MIB1 Antibody Labeling Index;MIB1 Labeling Index
C157250,Ki-67 Labeling Index,Ki-67;Ki-67Anti-KI67 Labeling Index;Anti-Ki-67 Labeling Index;Anti-MKI67 Labeling Index;Ki-67 Labeling Index;Ki-67 MIB1 Labeling Index;MIB-1 Antibody Labeling Index;MIB-1 Labeling Index;MIB1 Antibody Labeling Index;MIB1 Labeling Index
C157250,Ki-67 Labeling Index,Ki-67;Ki-67Anti-KI67 Labeling Index;Anti-Ki-67 Labeling Index;Anti-MKI67 Labeling Index;Ki-67 Labeling Index;Ki-67 MIB1 Labeling Index;MIB-1 Antibody Labeling Index;MIB-1 Labeling Index;MIB1 Antibody Labeling Index;MIB1 Labeling Index
C157250,Ki-67 Labeling Index,Ki-67;Ki-67Anti-KI67 Labeling Index;Anti-Ki-67 Labeling Index;Anti-MKI67 Labeling Index;Ki-67 Labeling Index;Ki-67 MIB1 Labeling Index;MIB-1 Antibody Labeling Index;MIB-1 Labeling Index;MIB1 Antibody Labeling Index;MIB1 Labeling Index
C157250,Ki-67 Labeling Index,Ki-67;Ki-67Anti-KI67 Labeling Index;Anti-Ki-67 Labeling Index;Anti-MKI67 Labeling Index;Ki-67 Labeling Index;Ki-67 MIB1 Labeling Index;MIB-1 Antibody Labeling Index;MIB-1 Labeling Index;MIB1 Antibody Labeling Index;MIB1 Labeling Index
C84372,Knee to Heel Length Measurement,Knee to Heel Length;KNEEHEEL;Knee Height;Lower Leg Length
C84372,Knee to Heel Length Measurement,Knee to Heel Length;KNEEHEEL;Knee Height;Lower Leg Length
C84372,Knee to Heel Length Measurement,Knee to Heel Length;KNEEHEEL;Knee Height;Lower Leg Length
C70772,Knowledge Field,Content Area;Field
C112522,Kurtzke Functional Systems Scores Clinical Classification,KFSS
C112522,Kurtzke Functional Systems Scores Clinical Classification,KFSS
C112522,Kurtzke Functional Systems Scores Clinical Classification,KFSS
C112522,Kurtzke Functional Systems Scores Clinical Classification,KFSS
C119232,Lab Findings of New or Worsening Heart Failure,HFLBFNW;Heart Failure New/Worsening Lab Findings
C119232,Lab Findings of New or Worsening Heart Failure,HFLBFNW;Heart Failure New/Worsening Lab Findings
C119232,Lab Findings of New or Worsening Heart Failure,HFLBFNW;Heart Failure New/Worsening Lab Findings
C119232,Lab Findings of New or Worsening Heart Failure,HFLBFNW;Heart Failure New/Worsening Lab Findings
C119232,Lab Findings of New or Worsening Heart Failure,HFLBFNW;Heart Failure New/Worsening Lab Findings
C119232,Lab Findings of New or Worsening Heart Failure,HFLBFNW;Heart Failure New/Worsening Lab Findings
C64855,Lactate Dehydrogenase Measurement,Lactate Dehydrogenase;LDH
C64855,Lactate Dehydrogenase Measurement,Lactate Dehydrogenase;LDH
C64855,Lactate Dehydrogenase Measurement,Lactate Dehydrogenase;LDH
C64855,Lactate Dehydrogenase Measurement,Lactate Dehydrogenase;LDH
C64855,Lactate Dehydrogenase Measurement,Lactate Dehydrogenase;LDH
C81257,Last Menstrual Period,LMPSTDTC;LMP;Last Menstrual Period Start Date
C81257,Last Menstrual Period,LMPSTDTC;LMP;Last Menstrual Period Start Date
C50282,Lead Device,Patient Lead;Lead
C71258,Lean Body Mass,LBM
C71258,Lean Body Mass,LBM
C71258,Lean Body Mass,LBM
C139219,Lean Body Mass to Total Body Mass Ratio Measurement,LBMTBMR
C139219,Lean Body Mass to Total Body Mass Ratio Measurement,LBMTBMR
C139219,Lean Body Mass to Total Body Mass Ratio Measurement,LBMTBMR
C158257,Lean Mass,LEANMASS
C158257,Lean Mass,LEANMASS
C158257,Lean Mass,LEANMASS
C158257,Lean Mass,LEANMASS
C158257,Lean Mass,LEANMASS
C158257,Lean Mass,LEANMASS
C199997,Lean Tissue Mass Measurement,Lean Tissue Mass;LTM
C199997,Lean Tissue Mass Measurement,Lean Tissue Mass;LTM
C199997,Lean Tissue Mass Measurement,Lean Tissue Mass;LTM
C25334,Length,Length;LENGTH
C25334,Length,Length;LENGTH
C25334,Length,Length;LENGTH
C25334,Length,Length;LENGTH
C25334,Length,Length;LENGTH
C51948,Leukocyte Count,WBC;White Blood Cells
C51948,Leukocyte Count,WBC;White Blood Cells
C51948,Leukocyte Count,WBC;White Blood Cells
C51948,Leukocyte Count,WBC;White Blood Cells
C51948,Leukocyte Count,WBC;White Blood Cells
C51948,Leukocyte Count,WBC;White Blood Cells
C74949,Lipid Measurement,LIPID;Total Lipid
C135727,Liquid Biopsy,Plasma Biopsy
C135727,Liquid Biopsy,Plasma Biopsy
C135727,Liquid Biopsy,Plasma Biopsy
C135727,Liquid Biopsy,Plasma Biopsy
C135727,Liquid Biopsy,Plasma Biopsy
C156589,Live Birth Indicator,BRTLVIND
C156589,Live Birth Indicator,BRTLVIND
C86029,Living Quarters,DWELLTYP;Dwelling Type;Housing;Living Quarters
C86029,Living Quarters,DWELLTYP;Dwelling Type;Housing;Living Quarters
C86029,Living Quarters,DWELLTYP;Dwelling Type;Housing;Living Quarters
C135502,Living with Subject Indicator,LVSBJIND;Living with Subject Indicator
C135502,Living with Subject Indicator,LVSBJIND;Living with Subject Indicator
C135502,Living with Subject Indicator,LVSBJIND;Living with Subject Indicator
C174232,Lobar Volume,LOBVOL
C174232,Lobar Volume,LOBVOL
C174232,Lobar Volume,LOBVOL
C176551,Locally Recurrent Disease,Local Recurrence
C176551,Locally Recurrent Disease,Local Recurrence
C176551,Locally Recurrent Disease,Local Recurrence
C176551,Locally Recurrent Disease,Local Recurrence
C124331,Location of Death,LOCDTH;Location of Death
C124331,Location of Death,LOCDTH;Location of Death
C96684,Longest Diameter,LDIAM
C96684,Longest Diameter,LDIAM
C96684,Longest Diameter,LDIAM
C96684,Longest Diameter,LDIAM
C96684,Longest Diameter,LDIAM
C96684,Longest Diameter,LDIAM
C96684,Longest Diameter,LDIAM
C96684,Longest Diameter,LDIAM
C96684,Longest Diameter,LDIAM
C96684,Longest Diameter,LDIAM
C96685,Longest Perpendicular,LPERP;Short Axis Diameter
C96685,Longest Perpendicular,LPERP;Short Axis Diameter
C96685,Longest Perpendicular,LPERP;Short Axis Diameter
C96685,Longest Perpendicular,LPERP;Short Axis Diameter
C96685,Longest Perpendicular,LPERP;Short Axis Diameter
C96685,Longest Perpendicular,LPERP;Short Axis Diameter
C96685,Longest Perpendicular,LPERP;Short Axis Diameter
C96685,Longest Perpendicular,LPERP;Short Axis Diameter
C96685,Longest Perpendicular,LPERP;Short Axis Diameter
C96685,Longest Perpendicular,LPERP;Short Axis Diameter
C105588,Low Density Lipoprotein Cholesterol Measurement,LDL;LDL Cholesterol
C105588,Low Density Lipoprotein Cholesterol Measurement,LDL;LDL Cholesterol
C105588,Low Density Lipoprotein Cholesterol Measurement,LDL;LDL Cholesterol
C105588,Low Density Lipoprotein Cholesterol Measurement,LDL;LDL Cholesterol
C105588,Low Density Lipoprotein Cholesterol Measurement,LDL;LDL Cholesterol
C15755,Lumpectomy,Lumpectomy;Lumpectomy of Breast;Partial Mastectomy;lumpectomy;partial mastectomy
C15755,Lumpectomy,Lumpectomy;Lumpectomy of Breast;Partial Mastectomy;lumpectomy;partial mastectomy
C15755,Lumpectomy,Lumpectomy;Lumpectomy of Breast;Partial Mastectomy;lumpectomy;partial mastectomy
C15755,Lumpectomy,Lumpectomy;Lumpectomy of Breast;Partial Mastectomy;lumpectomy;partial mastectomy
C15755,Lumpectomy,Lumpectomy;Lumpectomy of Breast;Partial Mastectomy;lumpectomy;partial mastectomy
C15755,Lumpectomy,Lumpectomy;Lumpectomy of Breast;Partial Mastectomy;lumpectomy;partial mastectomy
C15755,Lumpectomy,Lumpectomy;Lumpectomy of Breast;Partial Mastectomy;lumpectomy;partial mastectomy
C15755,Lumpectomy,Lumpectomy;Lumpectomy of Breast;Partial Mastectomy;lumpectomy;partial mastectomy
C15755,Lumpectomy,Lumpectomy;Lumpectomy of Breast;Partial Mastectomy;lumpectomy;partial mastectomy
C15755,Lumpectomy,Lumpectomy;Lumpectomy of Breast;Partial Mastectomy;lumpectomy;partial mastectomy
C15755,Lumpectomy,Lumpectomy;Lumpectomy of Breast;Partial Mastectomy;lumpectomy;partial mastectomy
C124425,Lung Clearance Index,LCI
C124425,Lung Clearance Index,LCI
C201473,Lung Clearance Index to 2.5% Initial Concentration,LCI to 1/40th Initial Concentration;LCI to 2.5% Initial Concentration;LCI2_5;Lung Clearance Index to 1/40th Initial Concentration
C201473,Lung Clearance Index to 2.5% Initial Concentration,LCI to 1/40th Initial Concentration;LCI to 2.5% Initial Concentration;LCI2_5;Lung Clearance Index to 1/40th Initial Concentration
C201472,Lung Clearance Index to 5% Initial Concentration,LCI to 1/20th Initial Concentration;LCI to 5% Initial Concentration;LCI5;Lung Clearance Index to 1/20th Initial Concentration
C201472,Lung Clearance Index to 5% Initial Concentration,LCI to 1/20th Initial Concentration;LCI to 5% Initial Concentration;LCI5;Lung Clearance Index to 1/20th Initial Concentration
C51900,Lymph Node Biopsy,Biopsy of Lymph Node
C51900,Lymph Node Biopsy,Biopsy of Lymph Node
C51900,Lymph Node Biopsy,Biopsy of Lymph Node
C51900,Lymph Node Biopsy,Biopsy of Lymph Node
C51900,Lymph Node Biopsy,Biopsy of Lymph Node
C51900,Lymph Node Biopsy,Biopsy of Lymph Node
C51900,Lymph Node Biopsy,Biopsy of Lymph Node
C51900,Lymph Node Biopsy,Biopsy of Lymph Node
C51900,Lymph Node Biopsy,Biopsy of Lymph Node
C51900,Lymph Node Biopsy,Biopsy of Lymph Node
C51900,Lymph Node Biopsy,Biopsy of Lymph Node
C124448,Lymph Node State,LNSTATE
C124448,Lymph Node State,LNSTATE
C124448,Lymph Node State,LNSTATE
C124448,Lymph Node State,LNSTATE
C124448,Lymph Node State,LNSTATE
C124448,Lymph Node State,LNSTATE
C124448,Lymph Node State,LNSTATE
C124448,Lymph Node State,LNSTATE
C124448,Lymph Node State,LNSTATE
C15275,Lymphadenectomy,Lymph Node Dissection;Lymph Node Excision;Excision of the Lymph Node
C15275,Lymphadenectomy,Lymph Node Dissection;Lymph Node Excision;Excision of the Lymph Node
C15275,Lymphadenectomy,Lymph Node Dissection;Lymph Node Excision;Excision of the Lymph Node
C15275,Lymphadenectomy,Lymph Node Dissection;Lymph Node Excision;Excision of the Lymph Node
C15275,Lymphadenectomy,Lymph Node Dissection;Lymph Node Excision;Excision of the Lymph Node
C15275,Lymphadenectomy,Lymph Node Dissection;Lymph Node Excision;Excision of the Lymph Node
C15275,Lymphadenectomy,Lymph Node Dissection;Lymph Node Excision;Excision of the Lymph Node
C15275,Lymphadenectomy,Lymph Node Dissection;Lymph Node Excision;Excision of the Lymph Node
C15275,Lymphadenectomy,Lymph Node Dissection;Lymph Node Excision;Excision of the Lymph Node
C15275,Lymphadenectomy,Lymph Node Dissection;Lymph Node Excision;Excision of the Lymph Node
C15275,Lymphadenectomy,Lymph Node Dissection;Lymph Node Excision;Excision of the Lymph Node
C51949,Lymphocyte Count,Lymphocytes
C51949,Lymphocyte Count,Lymphocytes
C51949,Lymphocyte Count,Lymphocytes
C51949,Lymphocyte Count,Lymphocytes
C51949,Lymphocyte Count,Lymphocytes
C191064,MVAI - Dominant Feature,MVAI1-Dominant Feature;MVAI105;MVAI - Dominant Feature
C191064,MVAI - Dominant Feature,MVAI1-Dominant Feature;MVAI105;MVAI - Dominant Feature
C191064,MVAI - Dominant Feature,MVAI1-Dominant Feature;MVAI105;MVAI - Dominant Feature
C191064,MVAI - Dominant Feature,MVAI1-Dominant Feature;MVAI105;MVAI - Dominant Feature
C191060,MVAI - Extension,MVAI1-Extension;MVAI101;MVAI - Extension
C191060,MVAI - Extension,MVAI1-Extension;MVAI101;MVAI - Extension
C191060,MVAI - Extension,MVAI1-Extension;MVAI101;MVAI - Extension
C191060,MVAI - Extension,MVAI1-Extension;MVAI101;MVAI - Extension
C191061,MVAI - Hyperintensity T2-weighted Images,MVAI1-Hyperintensity T2-weighted Images;MVAI102;MVAI - Hyperintensity T2-weighted Images
C191061,MVAI - Hyperintensity T2-weighted Images,MVAI1-Hyperintensity T2-weighted Images;MVAI102;MVAI - Hyperintensity T2-weighted Images
C191061,MVAI - Hyperintensity T2-weighted Images,MVAI1-Hyperintensity T2-weighted Images;MVAI102;MVAI - Hyperintensity T2-weighted Images
C191061,MVAI - Hyperintensity T2-weighted Images,MVAI1-Hyperintensity T2-weighted Images;MVAI102;MVAI - Hyperintensity T2-weighted Images
C191063,MVAI - Inflammatory Mass,MVAI1-Inflammatory Mass;MVAI104;MVAI - Inflammatory Mass
C191063,MVAI - Inflammatory Mass,MVAI1-Inflammatory Mass;MVAI104;MVAI - Inflammatory Mass
C191063,MVAI - Inflammatory Mass,MVAI1-Inflammatory Mass;MVAI104;MVAI - Inflammatory Mass
C191063,MVAI - Inflammatory Mass,MVAI1-Inflammatory Mass;MVAI104;MVAI - Inflammatory Mass
C191062,MVAI - Rectal Wall Involvement,MVAI1-Rectal Wall Involvement;MVAI103;MVAI - Rectal Wall Involvement
C191062,MVAI - Rectal Wall Involvement,MVAI1-Rectal Wall Involvement;MVAI103;MVAI - Rectal Wall Involvement
C191062,MVAI - Rectal Wall Involvement,MVAI1-Rectal Wall Involvement;MVAI103;MVAI - Rectal Wall Involvement
C191062,MVAI - Rectal Wall Involvement,MVAI1-Rectal Wall Involvement;MVAI103;MVAI - Rectal Wall Involvement
C191065,MVAI - Total Score,MVAI1-Total Score;MVAI106;MVAI - Total Score
C191065,MVAI - Total Score,MVAI1-Total Score;MVAI106;MVAI - Total Score
C191065,MVAI - Total Score,MVAI1-Total Score;MVAI106;MVAI - Total Score
C191065,MVAI - Total Score,MVAI1-Total Score;MVAI106;MVAI - Total Score
C64821,Macrocyte Count,Macrocytes;MACROCY
C64821,Macrocyte Count,Macrocytes;MACROCY
C64821,Macrocyte Count,Macrocytes;MACROCY
C64821,Macrocyte Count,Macrocytes;MACROCY
C147390,Macroscopic Blood Measurement,Visible Blood;Macroscopic Blood;MACROBLD
C147390,Macroscopic Blood Measurement,Visible Blood;Macroscopic Blood;MACROBLD
C147390,Macroscopic Blood Measurement,Visible Blood;Macroscopic Blood;MACROBLD
C147390,Macroscopic Blood Measurement,Visible Blood;Macroscopic Blood;MACROBLD
C147390,Macroscopic Blood Measurement,Visible Blood;Macroscopic Blood;MACROBLD
C64840,Magnesium Measurement,Magnesium;MG
C64840,Magnesium Measurement,Magnesium;MG
C64840,Magnesium Measurement,Magnesium;MG
C64840,Magnesium Measurement,Magnesium;MG
C64840,Magnesium Measurement,Magnesium;MG
C16809,Magnetic Resonance Imaging,Magnetic Resonance;MRI;MRI Scan;NMR;NMR Imaging
C16809,Magnetic Resonance Imaging,Magnetic Resonance;MRI;MRI Scan;NMR;NMR Imaging
C16809,Magnetic Resonance Imaging,Magnetic Resonance;MRI;MRI Scan;NMR;NMR Imaging
C16809,Magnetic Resonance Imaging,Magnetic Resonance;MRI;MRI Scan;NMR;NMR Imaging
C16809,Magnetic Resonance Imaging,Magnetic Resonance;MRI;MRI Scan;NMR;NMR Imaging
C16809,Magnetic Resonance Imaging,Magnetic Resonance;MRI;MRI Scan;NMR;NMR Imaging
C16809,Magnetic Resonance Imaging,Magnetic Resonance;MRI;MRI Scan;NMR;NMR Imaging
C16809,Magnetic Resonance Imaging,Magnetic Resonance;MRI;MRI Scan;NMR;NMR Imaging
C16809,Magnetic Resonance Imaging,Magnetic Resonance;MRI;MRI Scan;NMR;NMR Imaging
C16809,Magnetic Resonance Imaging,Magnetic Resonance;MRI;MRI Scan;NMR;NMR Imaging
C16809,Magnetic Resonance Imaging,Magnetic Resonance;MRI;MRI Scan;NMR;NMR Imaging
C161423,Malignant Disease Indicator,Malignancy Indicator;MALIND
C161423,Malignant Disease Indicator,Malignancy Indicator;MALIND
C199199,MammaPrint Index,MammaPrint Index Score;MPI
C199199,MammaPrint Index,MammaPrint Index Score;MPI
C199199,MammaPrint Index,MammaPrint Index Score;MPI
C199199,MammaPrint Index,MammaPrint Index Score;MPI
C199199,MammaPrint Index,MammaPrint Index Score;MPI
C199199,MammaPrint Index,MammaPrint Index Score;MPI
C199199,MammaPrint Index,MammaPrint Index Score;MPI
C16818,Mammography,MG
C16818,Mammography,MG
C16818,Mammography,MG
C16818,Mammography,MG
C16818,Mammography,MG
C16818,Mammography,MG
C16818,Mammography,MG
C16818,Mammography,MG
C16818,Mammography,MG
C16818,Mammography,MG
C16818,Mammography,MG
C174233,Mandibular Length,MANDL
C174233,Mandibular Length,MANDL
C174233,Mandibular Length,MANDL
C25188,Marital Status,MARISTAT;Marital or partnership status;Marital Status;marital_status;MaritalStatus;MaritalStatusUB92
C25188,Marital Status,MARISTAT;Marital or partnership status;Marital Status;marital_status;MaritalStatus;MaritalStatusUB92
C25188,Marital Status,MARISTAT;Marital or partnership status;Marital Status;marital_status;MaritalStatus;MaritalStatusUB92
C154886,Mass Indicator,MASSIND
C154886,Mass Indicator,MASSIND
C154886,Mass Indicator,MASSIND
C154886,Mass Indicator,MASSIND
C15277,Mastectomy,Mammectomy;Mastectomy;Partial Mastectomy
C15277,Mastectomy,Mammectomy;Mastectomy;Partial Mastectomy
C15277,Mastectomy,Mammectomy;Mastectomy;Partial Mastectomy
C15277,Mastectomy,Mammectomy;Mastectomy;Partial Mastectomy
C15277,Mastectomy,Mammectomy;Mastectomy;Partial Mastectomy
C15277,Mastectomy,Mammectomy;Mastectomy;Partial Mastectomy
C15277,Mastectomy,Mammectomy;Mastectomy;Partial Mastectomy
C15277,Mastectomy,Mammectomy;Mastectomy;Partial Mastectomy
C15277,Mastectomy,Mammectomy;Mastectomy;Partial Mastectomy
C15277,Mastectomy,Mammectomy;Mastectomy;Partial Mastectomy
C98869,Mature Plasma Cell to Total Cell Ratio Measurement,PLSMCECE;Mature Plasma Cells/Total Cells
C98869,Mature Plasma Cell to Total Cell Ratio Measurement,PLSMCECE;Mature Plasma Cells/Total Cells
C98869,Mature Plasma Cell to Total Cell Ratio Measurement,PLSMCECE;Mature Plasma Cells/Total Cells
C98869,Mature Plasma Cell to Total Cell Ratio Measurement,PLSMCECE;Mature Plasma Cells/Total Cells
C98869,Mature Plasma Cell to Total Cell Ratio Measurement,PLSMCECE;Mature Plasma Cells/Total Cells
C135494,Maximal Expiratory Pressure,MEP
C135494,Maximal Expiratory Pressure,MEP
C135494,Maximal Expiratory Pressure,MEP
C135496,Maximal Inspiratory Pressure,MIP;Negative Inspiratory Force;NIF
C135496,Maximal Inspiratory Pressure,MIP;Negative Inspiratory Force;NIF
C135496,Maximal Inspiratory Pressure,MIP;Negative Inspiratory Force;NIF
C174363,"Maximal Oxygen Consumption, Estimated",Estimated Maximal Aerobic Capacity;VO2MAXE
C174363,"Maximal Oxygen Consumption, Estimated",Estimated Maximal Aerobic Capacity;VO2MAXE
C174363,"Maximal Oxygen Consumption, Estimated",Estimated Maximal Aerobic Capacity;VO2MAXE
C178242,Maximal Oxygen Uptake,Maximal Oxygen Consumption;VO2MAX;V'O2 Max;VO2 Max;VO2max
C178242,Maximal Oxygen Uptake,Maximal Oxygen Consumption;VO2MAX;V'O2 Max;VO2 Max;VO2max
C178242,Maximal Oxygen Uptake,Maximal Oxygen Consumption;VO2MAX;V'O2 Max;VO2 Max;VO2max
C112333,Maximum Forced Inspiratory Flow,FIFMAX;FIFmax
C112333,Maximum Forced Inspiratory Flow,FIFMAX;FIFmax
C112333,Maximum Forced Inspiratory Flow,FIFMAX;FIFmax
C147492,Maximum Predicted Heart Rate,MAXPREHR
C147492,Maximum Predicted Heart Rate,MAXPREHR
C147492,Maximum Predicted Heart Rate,MAXPREHR
C49679,Mean Arterial Pressure,MAP
C49679,Mean Arterial Pressure,MAP
C49679,Mean Arterial Pressure,MAP
C123564,Mean Carbon Monoxide Diffusing Capability Test,DLCOM;Mean Diffusion Capacity of Lung for CO;Mean TLCO
C123564,Mean Carbon Monoxide Diffusing Capability Test,DLCOM;Mean Diffusion Capacity of Lung for CO;Mean TLCO
C123564,Mean Carbon Monoxide Diffusing Capability Test,DLCOM;Mean Diffusion Capacity of Lung for CO;Mean TLCO
C119259,Mean Heart Rate by Electrocardiogram,ECG Mean Heart Rate;EKG Mean Heart Rate;EGHRMN
C119259,Mean Heart Rate by Electrocardiogram,ECG Mean Heart Rate;EKG Mean Heart Rate;EGHRMN
C119259,Mean Heart Rate by Electrocardiogram,ECG Mean Heart Rate;EKG Mean Heart Rate;EGHRMN
C119259,Mean Heart Rate by Electrocardiogram,ECG Mean Heart Rate;EKG Mean Heart Rate;EGHRMN
C119259,Mean Heart Rate by Electrocardiogram,ECG Mean Heart Rate;EKG Mean Heart Rate;EGHRMN
C119259,Mean Heart Rate by Electrocardiogram,ECG Mean Heart Rate;EKG Mean Heart Rate;EGHRMN
C119259,Mean Heart Rate by Electrocardiogram,ECG Mean Heart Rate;EKG Mean Heart Rate;EGHRMN
C119259,Mean Heart Rate by Electrocardiogram,ECG Mean Heart Rate;EKG Mean Heart Rate;EGHRMN
C209688,Medicaid Indicator,MDCDIND;Medicaid Indicator
C209688,Medicaid Indicator,MDCDIND;Medicaid Indicator
C209688,Medicaid Indicator,MDCDIND;Medicaid Indicator
C83118,Medical History Reported Term [RETIRED],Medical History;MHTERM
C83118,Medical History Reported Term [RETIRED],Medical History;MHTERM
C83118,Medical History Reported Term [RETIRED],Medical History;MHTERM
C83118,Medical History Reported Term [RETIRED],Medical History;MHTERM
C83118,Medical History Reported Term [RETIRED],Medical History;MHTERM
C83118,Medical History Reported Term [RETIRED],Medical History;MHTERM
C85522,Medical History Yes No Indicator,MHYN
C85522,Medical History Yes No Indicator,MHYN
C219640,Medical Procedure Yes No Indicator,PRYN
C219640,Medical Procedure Yes No Indicator,PRYN
C139231,"Medical Research Council Manual Muscle Test Score, Abduction","MMTABDT;MRC MMT Score, Abduction"
C139231,"Medical Research Council Manual Muscle Test Score, Abduction","MMTABDT;MRC MMT Score, Abduction"
C139231,"Medical Research Council Manual Muscle Test Score, Abduction","MMTABDT;MRC MMT Score, Abduction"
C139231,"Medical Research Council Manual Muscle Test Score, Abduction","MMTABDT;MRC MMT Score, Abduction"
C139231,"Medical Research Council Manual Muscle Test Score, Abduction","MMTABDT;MRC MMT Score, Abduction"
C139233,"Medical Research Council Manual Muscle Test Score, Dorsiflexion","MMTDORS;MRC MMT Score, Dorsiflexion"
C139233,"Medical Research Council Manual Muscle Test Score, Dorsiflexion","MMTDORS;MRC MMT Score, Dorsiflexion"
C139233,"Medical Research Council Manual Muscle Test Score, Dorsiflexion","MMTDORS;MRC MMT Score, Dorsiflexion"
C139233,"Medical Research Council Manual Muscle Test Score, Dorsiflexion","MMTDORS;MRC MMT Score, Dorsiflexion"
C139233,"Medical Research Council Manual Muscle Test Score, Dorsiflexion","MMTDORS;MRC MMT Score, Dorsiflexion"
C139235,"Medical Research Council Manual Muscle Test Score, Eversion","MMTEVE;MRC MMT Score, Eversion"
C139235,"Medical Research Council Manual Muscle Test Score, Eversion","MMTEVE;MRC MMT Score, Eversion"
C139235,"Medical Research Council Manual Muscle Test Score, Eversion","MMTEVE;MRC MMT Score, Eversion"
C139235,"Medical Research Council Manual Muscle Test Score, Eversion","MMTEVE;MRC MMT Score, Eversion"
C139235,"Medical Research Council Manual Muscle Test Score, Eversion","MMTEVE;MRC MMT Score, Eversion"
C139228,"Medical Research Council Manual Muscle Test Score, Extension","MMTEXT;MRC MMT Score, Extension"
C139228,"Medical Research Council Manual Muscle Test Score, Extension","MMTEXT;MRC MMT Score, Extension"
C139228,"Medical Research Council Manual Muscle Test Score, Extension","MMTEXT;MRC MMT Score, Extension"
C139228,"Medical Research Council Manual Muscle Test Score, Extension","MMTEXT;MRC MMT Score, Extension"
C139228,"Medical Research Council Manual Muscle Test Score, Extension","MMTEXT;MRC MMT Score, Extension"
C139230,"Medical Research Council Manual Muscle Test Score, Flexion","MMTFLX;MRC MMT Score, Flexion"
C139230,"Medical Research Council Manual Muscle Test Score, Flexion","MMTFLX;MRC MMT Score, Flexion"
C139230,"Medical Research Council Manual Muscle Test Score, Flexion","MMTFLX;MRC MMT Score, Flexion"
C139230,"Medical Research Council Manual Muscle Test Score, Flexion","MMTFLX;MRC MMT Score, Flexion"
C139230,"Medical Research Council Manual Muscle Test Score, Flexion","MMTFLX;MRC MMT Score, Flexion"
C139234,"Medical Research Council Manual Muscle Test Score, Inversion","MMTINV;MRC MMT Score, Inversion"
C139234,"Medical Research Council Manual Muscle Test Score, Inversion","MMTINV;MRC MMT Score, Inversion"
C139234,"Medical Research Council Manual Muscle Test Score, Inversion","MMTINV;MRC MMT Score, Inversion"
C139234,"Medical Research Council Manual Muscle Test Score, Inversion","MMTINV;MRC MMT Score, Inversion"
C139234,"Medical Research Council Manual Muscle Test Score, Inversion","MMTINV;MRC MMT Score, Inversion"
C139232,"Medical Research Council Manual Muscle Test Score, Lateral Rotation","MMTLR;MRC MMT Score, Lat. Rotat.;MRC MMT Score, Lateral Rotation"
C139232,"Medical Research Council Manual Muscle Test Score, Lateral Rotation","MMTLR;MRC MMT Score, Lat. Rotat.;MRC MMT Score, Lateral Rotation"
C139232,"Medical Research Council Manual Muscle Test Score, Lateral Rotation","MMTLR;MRC MMT Score, Lat. Rotat.;MRC MMT Score, Lateral Rotation"
C139232,"Medical Research Council Manual Muscle Test Score, Lateral Rotation","MMTLR;MRC MMT Score, Lat. Rotat.;MRC MMT Score, Lateral Rotation"
C139232,"Medical Research Council Manual Muscle Test Score, Lateral Rotation","MMTLR;MRC MMT Score, Lat. Rotat.;MRC MMT Score, Lateral Rotation"
C139229,"Medical Research Council Manual Muscle Test Score, Plantar Flexion","MMTPF;MRC MMT Score, Plantar Flex;MRC MMT Score, Plantar Flexion"
C139229,"Medical Research Council Manual Muscle Test Score, Plantar Flexion","MMTPF;MRC MMT Score, Plantar Flex;MRC MMT Score, Plantar Flexion"
C139229,"Medical Research Council Manual Muscle Test Score, Plantar Flexion","MMTPF;MRC MMT Score, Plantar Flex;MRC MMT Score, Plantar Flexion"
C139229,"Medical Research Council Manual Muscle Test Score, Plantar Flexion","MMTPF;MRC MMT Score, Plantar Flex;MRC MMT Score, Plantar Flexion"
C139229,"Medical Research Council Manual Muscle Test Score, Plantar Flexion","MMTPF;MRC MMT Score, Plantar Flex;MRC MMT Score, Plantar Flexion"
C209689,Medicare Indicator,MDCRIND;Medicare Indicator
C209689,Medicare Indicator,MDCRIND;Medicare Indicator
C209689,Medicare Indicator,MDCRIND;Medicare Indicator
C102666,Member of High Risk Population,RISKPOP;Member of High Risk Population
C102666,Member of High Risk Population,RISKPOP;Member of High Risk Population
C102666,Member of High Risk Population,RISKPOP;Member of High Risk Population
C204694,Menarche Indicator,MENARIND
C204694,Menarche Indicator,MENARIND
C106541,Menopause Status,MENOSTAT
C106541,Menopause Status,MENOSTAT
C156586,Menses Duration,MENFDUR;Menses Flow Duration
C156586,Menses Duration,MENFDUR;Menses Flow Duration
C156586,Menses Duration,MENFDUR;Menses Flow Duration
C156585,Menses Flow Rate Description,MENFRD
C156585,Menses Flow Rate Description,MENFRD
C119549,Menstrual Cycle Duration,MENSDUR
C119549,Menstrual Cycle Duration,MENSDUR
C119549,Menstrual Cycle Duration,MENSDUR
C156587,Menstrual Cycle Regularity,MENREG
C156587,Menstrual Cycle Regularity,MENREG
C123623,Metabolic Response,METBRESP
C123623,Metabolic Response,METBRESP
C123623,Metabolic Response,METBRESP
C123623,Metabolic Response,METBRESP
C123623,Metabolic Response,METBRESP
C132456,Metastatic Disease Indicator,Metastatic Indicator;METSIND
C132456,Metastatic Disease Indicator,Metastatic Indicator;METSIND
C132456,Metastatic Disease Indicator,Metastatic Indicator;METSIND
C132456,Metastatic Disease Indicator,Metastatic Indicator;METSIND
C132456,Metastatic Disease Indicator,Metastatic Indicator;METSIND
C132456,Metastatic Disease Indicator,Metastatic Indicator;METSIND
C18477,Microarray Analysis,Gene Expression Profiling;Gene Expression Profile
C18477,Microarray Analysis,Gene Expression Profiling;Gene Expression Profile
C18477,Microarray Analysis,Gene Expression Profiling;Gene Expression Profile
C18477,Microarray Analysis,Gene Expression Profiling;Gene Expression Profile
C18477,Microarray Analysis,Gene Expression Profiling;Gene Expression Profile
C18477,Microarray Analysis,Gene Expression Profiling;Gene Expression Profile
C18477,Microarray Analysis,Gene Expression Profiling;Gene Expression Profile
C181394,Microbial-induced IgG Antibody Measurement,MBIGGAB;Microbial-induced IgG Antibody
C181394,Microbial-induced IgG Antibody Measurement,MBIGGAB;Microbial-induced IgG Antibody
C181394,Microbial-induced IgG Antibody Measurement,MBIGGAB;Microbial-induced IgG Antibody
C181394,Microbial-induced IgG Antibody Measurement,MBIGGAB;Microbial-induced IgG Antibody
C181394,Microbial-induced IgG Antibody Measurement,MBIGGAB;Microbial-induced IgG Antibody
C181394,Microbial-induced IgG Antibody Measurement,MBIGGAB;Microbial-induced IgG Antibody
C181394,Microbial-induced IgG Antibody Measurement,MBIGGAB;Microbial-induced IgG Antibody
C181394,Microbial-induced IgG Antibody Measurement,MBIGGAB;Microbial-induced IgG Antibody
C181394,Microbial-induced IgG Antibody Measurement,MBIGGAB;Microbial-induced IgG Antibody
C181394,Microbial-induced IgG Antibody Measurement,MBIGGAB;Microbial-induced IgG Antibody
C181394,Microbial-induced IgG Antibody Measurement,MBIGGAB;Microbial-induced IgG Antibody
C187786,Microbial-induced IgM Antibody Measurement,MBIMAB;Microbial-induced IgM Antibody
C187786,Microbial-induced IgM Antibody Measurement,MBIMAB;Microbial-induced IgM Antibody
C187786,Microbial-induced IgM Antibody Measurement,MBIMAB;Microbial-induced IgM Antibody
C187786,Microbial-induced IgM Antibody Measurement,MBIMAB;Microbial-induced IgM Antibody
C187786,Microbial-induced IgM Antibody Measurement,MBIMAB;Microbial-induced IgM Antibody
C187786,Microbial-induced IgM Antibody Measurement,MBIMAB;Microbial-induced IgM Antibody
C187786,Microbial-induced IgM Antibody Measurement,MBIMAB;Microbial-induced IgM Antibody
C187786,Microbial-induced IgM Antibody Measurement,MBIMAB;Microbial-induced IgM Antibody
C187786,Microbial-induced IgM Antibody Measurement,MBIMAB;Microbial-induced IgM Antibody
C49188,Microbiology Test,Laboratory Testing;Microbiology
C64822,Microcyte Count,Microcytes;MICROCY
C64822,Microcyte Count,Microcytes;MICROCY
C64822,Microcyte Count,Microcytes;MICROCY
C64822,Microcyte Count,Microcytes;MICROCY
C201227,Microcyte to Erythrocyte Ratio Measurement,Microcyte/Erythrocyte;MICRORBC
C201227,Microcyte to Erythrocyte Ratio Measurement,Microcyte/Erythrocyte;MICRORBC
C201227,Microcyte to Erythrocyte Ratio Measurement,Microcyte/Erythrocyte;MICRORBC
C201227,Microcyte to Erythrocyte Ratio Measurement,Microcyte/Erythrocyte;MICRORBC
C201227,Microcyte to Erythrocyte Ratio Measurement,Microcyte/Erythrocyte;MICRORBC
C202140,Micrometastasis Present Indicator,Micrometastasis Indicator;Micrometastasis Present
C202140,Micrometastasis Present Indicator,Micrometastasis Indicator;Micrometastasis Present
C202140,Micrometastasis Present Indicator,Micrometastasis Indicator;Micrometastasis Present
C202140,Micrometastasis Present Indicator,Micrometastasis Indicator;Micrometastasis Present
C202140,Micrometastasis Present Indicator,Micrometastasis Indicator;Micrometastasis Present
C202140,Micrometastasis Present Indicator,Micrometastasis Indicator;Micrometastasis Present
C181332,Microsatellite Instability Length Assessment,MICRISTB;Microsatellite Instability
C181332,Microsatellite Instability Length Assessment,MICRISTB;Microsatellite Instability
C181332,Microsatellite Instability Length Assessment,MICRISTB;Microsatellite Instability
C181332,Microsatellite Instability Length Assessment,MICRISTB;Microsatellite Instability
C181332,Microsatellite Instability Length Assessment,MICRISTB;Microsatellite Instability
C181332,Microsatellite Instability Length Assessment,MICRISTB;Microsatellite Instability
C181332,Microsatellite Instability Length Assessment,MICRISTB;Microsatellite Instability
C181332,Microsatellite Instability Length Assessment,MICRISTB;Microsatellite Instability
C181332,Microsatellite Instability Length Assessment,MICRISTB;Microsatellite Instability
C124475,Mid-Upper Arm Circumference,MUARMCIR
C124475,Mid-Upper Arm Circumference,MUARMCIR
C124475,Mid-Upper Arm Circumference,MUARMCIR
C209685,Military Health Insurance Indicator,HIMILIND;Military Health Insurance Indicator
C209685,Military Health Insurance Indicator,HIMILIND;Military Health Insurance Indicator
C209685,Military Health Insurance Indicator,HIMILIND;Military Health Insurance Indicator
C171085,Military Status,MILTSTAT;Military Status
C171085,Military Status,MILTSTAT;Military Status
C171085,Military Status,MILTSTAT;Military Status
C120936,Minute Volume,Minute Ventilation;MV;VE
C120936,Minute Volume,Minute Ventilation;MV;VE
C120936,Minute Volume,Minute Ventilation;MV;VE
C122191,Miscarriage Indicator,MSCRGIND
C122191,Miscarriage Indicator,MSCRGIND
C191038,Modified Van Assche Index Clinical Classification,MVAI;MVAI1
C191038,Modified Van Assche Index Clinical Classification,MVAI;MVAI1
C191038,Modified Van Assche Index Clinical Classification,MVAI;MVAI1
C191038,Modified Van Assche Index Clinical Classification,MVAI;MVAI1
C19770,Molecular Analysis,Molecular Test;Molecular Procedure;Molecular Assay;Molecular Genetic Analysis
C64823,Monocyte Count,Monocytes
C64823,Monocyte Count,Monocytes
C64823,Monocyte Count,Monocytes
C64823,Monocyte Count,Monocytes
C64823,Monocyte Count,Monocytes
C154887,Motion Tenderness Indicator,MTENDIND
C154887,Motion Tenderness Indicator,MTENDIND
C154887,Motion Tenderness Indicator,MTENDIND
C154887,Motion Tenderness Indicator,MTENDIND
C127794,Multiple Site European Union State Trial Indicator,MSEUTIND;Multiple Site EU State Trial Indicator
C127794,Multiple Site European Union State Trial Indicator,MSEUTIND;Multiple Site EU State Trial Indicator
C127794,Multiple Site European Union State Trial Indicator,MSEUTIND;Multiple Site EU State Trial Indicator
C127794,Multiple Site European Union State Trial Indicator,MSEUTIND;Multiple Site EU State Trial Indicator
C127794,Multiple Site European Union State Trial Indicator,MSEUTIND;Multiple Site EU State Trial Indicator
C127794,Multiple Site European Union State Trial Indicator,MSEUTIND;Multiple Site EU State Trial Indicator
C181501,Muscle Endurance Measurement,ENDURM;Muscle Endurance
C181501,Muscle Endurance Measurement,ENDURM;Muscle Endurance
C181501,Muscle Endurance Measurement,ENDURM;Muscle Endurance
C181501,Muscle Endurance Measurement,ENDURM;Muscle Endurance
C181501,Muscle Endurance Measurement,ENDURM;Muscle Endurance
C181501,Muscle Endurance Measurement,ENDURM;Muscle Endurance
C167264,Musculoskeletal Examination,MKEXAM;Musculoskeletal Exam;Musculoskeletal System Examination
C167264,Musculoskeletal Examination,MKEXAM;Musculoskeletal Exam;Musculoskeletal System Examination
C167264,Musculoskeletal Examination,MKEXAM;Musculoskeletal Exam;Musculoskeletal System Examination
C167264,Musculoskeletal Examination,MKEXAM;Musculoskeletal Exam;Musculoskeletal System Examination
C167264,Musculoskeletal Examination,MKEXAM;Musculoskeletal Exam;Musculoskeletal System Examination
C167264,Musculoskeletal Examination,MKEXAM;Musculoskeletal Exam;Musculoskeletal System Examination
C111280,Myocardial Infarction ECG Assessment,MI;Myocardial Infarction
C111280,Myocardial Infarction ECG Assessment,MI;Myocardial Infarction
C111280,Myocardial Infarction ECG Assessment,MI;Myocardial Infarction
C111280,Myocardial Infarction ECG Assessment,MI;Myocardial Infarction
C111280,Myocardial Infarction ECG Assessment,MI;Myocardial Infarction
C111280,Myocardial Infarction ECG Assessment,MI;Myocardial Infarction
C111280,Myocardial Infarction ECG Assessment,MI;Myocardial Infarction
C171506,Name of Epidemic or Pandemic,EPIDEMIC;Name of Epi/Pandemic;Name of Epidemic and/or Pandemic
C171506,Name of Epidemic or Pandemic,EPIDEMIC;Name of Epi/Pandemic;Name of Epidemic and/or Pandemic
C171506,Name of Epidemic or Pandemic,EPIDEMIC;Name of Epi/Pandemic;Name of Epidemic and/or Pandemic
C28407,National Origin,NATORIG;National Origin
C28407,National Origin,NATORIG;National Origin
C28407,National Origin,NATORIG;National Origin
C98762,Natural Killer Cell Count,Natural Killer Cells
C98762,Natural Killer Cell Count,Natural Killer Cells
C98762,Natural Killer Cell Count,Natural Killer Cells
C98762,Natural Killer Cell Count,Natural Killer Cells
C98762,Natural Killer Cell Count,Natural Killer Cells
C154891,Neck Circumference,NECKCIR
C154891,Neck Circumference,NECKCIR
C154891,Neck Circumference,NECKCIR
C15190,Needle Biopsy,Aspiration Biopsy;Needle Biopsy;Puncture Biopsy;needle biopsy
C15190,Needle Biopsy,Aspiration Biopsy;Needle Biopsy;Puncture Biopsy;needle biopsy
C15190,Needle Biopsy,Aspiration Biopsy;Needle Biopsy;Puncture Biopsy;needle biopsy
C15190,Needle Biopsy,Aspiration Biopsy;Needle Biopsy;Puncture Biopsy;needle biopsy
C15190,Needle Biopsy,Aspiration Biopsy;Needle Biopsy;Puncture Biopsy;needle biopsy
C15190,Needle Biopsy,Aspiration Biopsy;Needle Biopsy;Puncture Biopsy;needle biopsy
C15190,Needle Biopsy,Aspiration Biopsy;Needle Biopsy;Puncture Biopsy;needle biopsy
C15190,Needle Biopsy,Aspiration Biopsy;Needle Biopsy;Puncture Biopsy;needle biopsy
C15190,Needle Biopsy,Aspiration Biopsy;Needle Biopsy;Puncture Biopsy;needle biopsy
C15190,Needle Biopsy,Aspiration Biopsy;Needle Biopsy;Puncture Biopsy;needle biopsy
C15190,Needle Biopsy,Aspiration Biopsy;Needle Biopsy;Puncture Biopsy;needle biopsy
C64830,Neutrophil Band Form Count,Neutrophil Bands;Bands;NEUTB
C64830,Neutrophil Band Form Count,Neutrophil Bands;Bands;NEUTB
C64830,Neutrophil Band Form Count,Neutrophil Bands;Bands;NEUTB
C64830,Neutrophil Band Form Count,Neutrophil Bands;Bands;NEUTB
C64830,Neutrophil Band Form Count,Neutrophil Bands;Bands;NEUTB
C64831,Neutrophil Band Form to Leukocyte Ratio,Neutrophils Band Form/Leukocytes;NEUTBLE
C64831,Neutrophil Band Form to Leukocyte Ratio,Neutrophils Band Form/Leukocytes;NEUTBLE
C64831,Neutrophil Band Form to Leukocyte Ratio,Neutrophils Band Form/Leukocytes;NEUTBLE
C64831,Neutrophil Band Form to Leukocyte Ratio,Neutrophils Band Form/Leukocytes;NEUTBLE
C64831,Neutrophil Band Form to Leukocyte Ratio,Neutrophils Band Form/Leukocytes;NEUTBLE
C51950,Neutrophil Count,Neutrophils;NEUT
C51950,Neutrophil Count,Neutrophils;NEUT
C51950,Neutrophil Count,Neutrophils;NEUT
C51950,Neutrophil Count,Neutrophils;NEUT
C51950,Neutrophil Count,Neutrophils;NEUT
C64827,Neutrophil to Leukocyte Ratio Measurement,Neutrophils/Leukocytes;NEUTLE
C64827,Neutrophil to Leukocyte Ratio Measurement,Neutrophils/Leukocytes;NEUTLE
C64827,Neutrophil to Leukocyte Ratio Measurement,Neutrophils/Leukocytes;NEUTLE
C64827,Neutrophil to Leukocyte Ratio Measurement,Neutrophils/Leukocytes;NEUTLE
C64827,Neutrophil to Leukocyte Ratio Measurement,Neutrophils/Leukocytes;NEUTLE
C142362,New Lesion Indicator,NEWLIND
C142362,New Lesion Indicator,NEWLIND
C142362,New Lesion Indicator,NEWLIND
C142362,New Lesion Indicator,NEWLIND
C142362,New Lesion Indicator,NEWLIND
C103420,New Lesion Progression,NEWLPROG
C103420,New Lesion Progression,NEWLPROG
C103420,New Lesion Progression,NEWLPROG
C103420,New Lesion Progression,NEWLPROG
C103420,New Lesion Progression,NEWLPROG
C119238,New or Worsening Symptom,NWSYMP;New or Worsening Symptoms
C119238,New or Worsening Symptom,NWSYMP;New or Worsening Symptoms
C119238,New or Worsening Symptom,NWSYMP;New or Worsening Symptoms
C119238,New or Worsening Symptom,NWSYMP;New or Worsening Symptoms
C119238,New or Worsening Symptom,NWSYMP;New or Worsening Symptoms
C119238,New or Worsening Symptom,NWSYMP;New or Worsening Symptoms
C147403,Nicotine Measurement,Nicotine
C147403,Nicotine Measurement,Nicotine
C147403,Nicotine Measurement,Nicotine
C147403,Nicotine Measurement,Nicotine
C64810,Nitrite Measurement,NITRITE
C64810,Nitrite Measurement,NITRITE
C64810,Nitrite Measurement,NITRITE
C64810,Nitrite Measurement,NITRITE
C64810,Nitrite Measurement,NITRITE
C44414,Nitrosonornicotine,NNN;N-nitrosonornicotine
C44414,Nitrosonornicotine,NNN;N-nitrosonornicotine
C44414,Nitrosonornicotine,NNN;N-nitrosonornicotine
C150824,Non-Protocol Disposition Event,Other Event
C135480,Non-Target Enhancing Lesion Response,NTERESP;Non-Target Enhancing Response
C135480,Non-Target Enhancing Lesion Response,NTERESP;Non-Target Enhancing Response
C135480,Non-Target Enhancing Lesion Response,NTERESP;Non-Target Enhancing Response
C135480,Non-Target Enhancing Lesion Response,NTERESP;Non-Target Enhancing Response
C135480,Non-Target Enhancing Lesion Response,NTERESP;Non-Target Enhancing Response
C161483,Non-Target Indicator,NTIND
C161483,Non-Target Indicator,NTIND
C161483,Non-Target Indicator,NTIND
C161483,Non-Target Indicator,NTIND
C135481,Non-Target Non-Enhancing Lesion Response,NTNERESP;Non-Target Non-Enhancing Response
C135481,Non-Target Non-Enhancing Lesion Response,NTNERESP;Non-Target Non-Enhancing Response
C135481,Non-Target Non-Enhancing Lesion Response,NTNERESP;Non-Target Non-Enhancing Response
C135481,Non-Target Non-Enhancing Lesion Response,NTNERESP;Non-Target Non-Enhancing Response
C135481,Non-Target Non-Enhancing Lesion Response,NTNERESP;Non-Target Non-Enhancing Response
C147406,Nornicotine Measurement,Nornicotine
C147406,Nornicotine Measurement,Nornicotine
C147406,Nornicotine Measurement,Nornicotine
C147406,Nornicotine Measurement,Nornicotine
C25337,Number,Numeric;Numerical
C106550,Number of Abortions,ABORTN
C106550,Number of Abortions,ABORTN
C135500,Number of Biological Brothers,"BIOBRON;Number of Biological Brothers;Number of Brothers, Biological"
C135500,Number of Biological Brothers,"BIOBRON;Number of Biological Brothers;Number of Brothers, Biological"
C135500,Number of Biological Brothers,"BIOBRON;Number of Biological Brothers;Number of Brothers, Biological"
C135501,Number of Biological Sisters,"BIOSISN;Number of Biological Sisters;Number of Sisters, Biological"
C135501,Number of Biological Sisters,"BIOSISN;Number of Biological Sisters;Number of Sisters, Biological"
C135501,Number of Biological Sisters,"BIOSISN;Number of Biological Sisters;Number of Sisters, Biological"
C158275,Number of Births,BRTHN
C158275,Number of Births,BRTHN
C189358,Number of Cesarean Sections,CSRSCTN;Number of C-Sections
C189358,Number of Cesarean Sections,CSRSCTN;Number of C-Sections
C19309,Number of Children in Household,CHLDHSHN;Number of Children in Household
C19309,Number of Children in Household,CHLDHSHN;Number of Children in Household
C19309,Number of Children in Household,CHLDHSHN;Number of Children in Household
C181528,Number of Continuous Days of Menstrual Bleeding and/or Spotting,BLDSPNUM;Number of Continuous Days of Bleed/Spot
C181528,Number of Continuous Days of Menstrual Bleeding and/or Spotting,BLDSPNUM;Number of Continuous Days of Bleed/Spot
C122189,Number of Early Term Births,ERLYTRMN
C122189,Number of Early Term Births,ERLYTRMN
C120832,Number of Ectopic Pregnancies,ECTPREGN
C120832,Number of Ectopic Pregnancies,ECTPREGN
C201478,Number of Female Sexual Partners,SXPRTFN;Total Number of Female Sexual Partners
C201478,Number of Female Sexual Partners,SXPRTFN;Total Number of Female Sexual Partners
C198360,Number of First Degree Biological Relatives,"BIO1DRN;Num 1st Degree Relatives, Biological;Number of First Degree Biological Relatives;Number of First Degree Relatives, Biological"
C198360,Number of First Degree Biological Relatives,"BIO1DRN;Num 1st Degree Relatives, Biological;Number of First Degree Biological Relatives;Number of First Degree Relatives, Biological"
C198360,Number of First Degree Biological Relatives,"BIO1DRN;Num 1st Degree Relatives, Biological;Number of First Degree Biological Relatives;Number of First Degree Relatives, Biological"
C122190,Number of Full Term Births,FULLTRMN
C122190,Number of Full Term Births,FULLTRMN
C139265,Number of Full Term Live Births,BRTHFTN;Number Full Term Live Births
C139265,Number of Full Term Live Births,BRTHFTN;Number Full Term Live Births
C126063,Number of Groups or Cohorts,NCOHORT;Number of Groups/Cohorts
C126063,Number of Groups or Cohorts,NCOHORT;Number of Groups/Cohorts
C126063,Number of Groups or Cohorts,NCOHORT;Number of Groups/Cohorts
C120835,Number of Induced Abortions,INABORTN
C120835,Number of Induced Abortions,INABORTN
C120834,Number of Late Fetal Deaths,FETLDTHN
C120834,Number of Late Fetal Deaths,FETLDTHN
C178141,Number of Live Births,BRTHLVN;Live Birth Count
C178141,Number of Live Births,BRTHLVN;Live Birth Count
C201477,Number of Male Sexual Partners,SXPRTMN;Total Number of Male Sexual Partners
C201477,Number of Male Sexual Partners,SXPRTMN;Total Number of Male Sexual Partners
C201475,Number of New Female Sexual Partners,SXPRTNFN
C201475,Number of New Female Sexual Partners,SXPRTNFN
C201474,Number of New Male Sexual Partners,SXPRTNMN
C201474,Number of New Male Sexual Partners,SXPRTNMN
C201476,Number of New Oral Sexual Partners,SXPRTNON
C201476,Number of New Oral Sexual Partners,SXPRTNON
C201479,Number of Oral Sexual Partners,SXPRTON;Total Number of Oral Sexual Partners
C201479,Number of Oral Sexual Partners,SXPRTON;Total Number of Oral Sexual Partners
C198363,Number of People in Household,PPLHSHN;Number of People in Household
C198363,Number of People in Household,PPLHSHN;Number of People in Household
C198363,Number of People in Household,PPLHSHN;Number of People in Household
C106551,Number of Pregnancies,PREGNN;Maternal Gravity;Pregnancy Count;Total Number of Pregnancies
C106551,Number of Pregnancies,PREGNN;Maternal Gravity;Pregnancy Count;Total Number of Pregnancies
C122193,Number of Premature Births,PREMBTHN
C122193,Number of Premature Births,PREMBTHN
C139266,Number of Premature Live Births,BRTHPRN
C139266,Number of Premature Live Births,BRTHPRN
C120836,Number of Previous Pregnancies,PRVPREGN
C120836,Number of Previous Pregnancies,PRVPREGN
C130195,Number of Renal Arteries,Number of Renal Arteries;RNLANUM
C130195,Number of Renal Arteries,Number of Renal Arteries;RNLANUM
C130195,Number of Renal Arteries,Number of Renal Arteries;RNLANUM
C130195,Number of Renal Arteries,Number of Renal Arteries;RNLANUM
C130195,Number of Renal Arteries,Number of Renal Arteries;RNLANUM
C130196,Number of Renal Veins,Number of Renal Veins;RNLVNUM
C130196,Number of Renal Veins,Number of Renal Veins;RNLVNUM
C130196,Number of Renal Veins,Number of Renal Veins;RNLVNUM
C130196,Number of Renal Veins,Number of Renal Veins;RNLVNUM
C130196,Number of Renal Veins,Number of Renal Veins;RNLVNUM
C120837,Number of Spontaneous Abortions,SPABORTN
C120837,Number of Spontaneous Abortions,SPABORTN
C139267,Number of Stillbirths,BRTHSTN
C139267,Number of Stillbirths,BRTHSTN
C127795,Number of Trial Sites within European Union State,Number of Trial Sites EU State;NUMSEUST
C127795,Number of Trial Sites within European Union State,Number of Trial Sites EU State;NUMSEUST
C127795,Number of Trial Sites within European Union State,Number of Trial Sites EU State;NUMSEUST
C189359,Number of Vaginal Deliveries,VAGDLVN
C189359,Number of Vaginal Deliveries,VAGDLVN
C209695,Number of Work Days Per Week Question,WRKDYWKN;Number of Work Days Per Week;Number of Work Days Per Week Question
C209695,Number of Work Days Per Week Question,WRKDYWKN;Number of Work Days Per Week;Number of Work Days Per Week Question
C209695,Number of Work Days Per Week Question,WRKDYWKN;Number of Work Days Per Week;Number of Work Days Per Week Question
C122393,Number of Years of Education,EDUYRNUM;Number of Years of Education
C122393,Number of Years of Education,EDUYRNUM;Number of Years of Education
C122393,Number of Years of Education,EDUYRNUM;Number of Years of Education
C126064,Observational Model,OBSMODEL
C126064,Observational Model,OBSMODEL
C126064,Observational Model,OBSMODEL
C126064,Observational Model,OBSMODEL
C126064,Observational Model,OBSMODEL
C126064,Observational Model,OBSMODEL
C126066,Observational Study Population Description,Obs Study Population Description;OBSTPOPD
C126066,Observational Study Population Description,Obs Study Population Description;OBSTPOPD
C126066,Observational Study Population Description,Obs Study Population Description;OBSTPOPD
C126067,Observational Study Sampling Method,OBSTSMM
C126067,Observational Study Sampling Method,OBSTSMM
C126067,Observational Study Sampling Method,OBSTSMM
C126067,Observational Study Sampling Method,OBSTSMM
C126067,Observational Study Sampling Method,OBSTSMM
C126067,Observational Study Sampling Method,OBSTSMM
C126068,Observational Study Sampling Method Description,Obs Study Sampling Method Description;OBSTSMMD
C126068,Observational Study Sampling Method Description,Obs Study Sampling Method Description;OBSTSMMD
C126068,Observational Study Sampling Method Description,Obs Study Sampling Method Description;OBSTSMMD
C126068,Observational Study Sampling Method Description,Obs Study Sampling Method Description;OBSTSMMD
C126068,Observational Study Sampling Method Description,Obs Study Sampling Method Description;OBSTSMMD
C126068,Observational Study Sampling Method Description,Obs Study Sampling Method Description;OBSTSMMD
C126065,Observational Time Perspective of Study,Observational Time Perspective;OBSTIMP
C126065,Observational Time Perspective of Study,Observational Time Perspective;OBSTIMP
C126065,Observational Time Perspective of Study,Observational Time Perspective;OBSTIMP
C126065,Observational Time Perspective of Study,Observational Time Perspective;OBSTIMP
C126065,Observational Time Perspective of Study,Observational Time Perspective;OBSTIMP
C126065,Observational Time Perspective of Study,Observational Time Perspective;OBSTIMP
C74686,Occult Blood Measurement,Occult Blood;OCCBLD
C74686,Occult Blood Measurement,Occult Blood;OCCBLD
C74686,Occult Blood Measurement,Occult Blood;OCCBLD
C74686,Occult Blood Measurement,Occult Blood;OCCBLD
C74686,Occult Blood Measurement,Occult Blood;OCCBLD
C25193,Occupation,EMPJOB;Employee Job;Employment Category;Job;Occupation;occupation type;occupation_type;Type of Work
C25193,Occupation,EMPJOB;Employee Job;Employment Category;Job;Occupation;occupation type;occupation_type;Type of Work
C25193,Occupation,EMPJOB;Employee Job;Employment Category;Job;Occupation;occupation type;occupation_type;Type of Work
C209690,Occupational Industry,OCUPINDS;Business Type;Occupation Type;Occupational Industry;Work Industry
C209690,Occupational Industry,OCUPINDS;Business Type;Occupation Type;Occupational Industry;Work Industry
C209690,Occupational Industry,OCUPINDS;Business Type;Occupation Type;Occupational Industry;Work Industry
C52159,Oncotype DX Breast Cancer Assay,Oncotype DX
C52159,Oncotype DX Breast Cancer Assay,Oncotype DX
C52159,Oncotype DX Breast Cancer Assay,Oncotype DX
C52159,Oncotype DX Breast Cancer Assay,Oncotype DX
C52159,Oncotype DX Breast Cancer Assay,Oncotype DX
C52159,Oncotype DX Breast Cancer Assay,Oncotype DX
C204699,Ongoing Study Indicator,ONGOSIND
C204699,Ongoing Study Indicator,ONGOSIND
C204699,Ongoing Study Indicator,ONGOSIND
C204699,Ongoing Study Indicator,ONGOSIND
C204699,Ongoing Study Indicator,ONGOSIND
C204699,Ongoing Study Indicator,ONGOSIND
C135509,Organ Craniocaudal Length Measurement,Organ Vertical Length;ORVERLN
C135509,Organ Craniocaudal Length Measurement,Organ Vertical Length;ORVERLN
C135509,Organ Craniocaudal Length Measurement,Organ Vertical Length;ORVERLN
C135509,Organ Craniocaudal Length Measurement,Organ Vertical Length;ORVERLN
C135509,Organ Craniocaudal Length Measurement,Organ Vertical Length;ORVERLN
C135509,Organ Craniocaudal Length Measurement,Organ Vertical Length;ORVERLN
C93874,Organization Name,Organization
C96613,Overall Response,OVRLRESP
C96613,Overall Response,OVRLRESP
C96613,Overall Response,OVRLRESP
C96613,Overall Response,OVRLRESP
C96613,Overall Response,OVRLRESP
C96613,Overall Response,OVRLRESP
C125201,Overall Survival,Overall Survival Time
C125201,Overall Survival,Overall Survival Time
C125201,Overall Survival,Overall Survival Time
C125201,Overall Survival,Overall Survival Time
C125201,Overall Survival,Overall Survival Time
C123570,Oxygen Consumption,VO2
C123570,Oxygen Consumption,VO2
C123570,Oxygen Consumption,VO2
C123566,Oxygen Pulse,OXYPULSE
C123566,Oxygen Pulse,OXYPULSE
C123566,Oxygen Pulse,OXYPULSE
C60832,Oxygen Saturation Measurement,Blood Oxygen Saturation;Hemoglobin Saturation Measurement;Hemoglobin Saturation;O2 Saturation;Oximetry;Oxygen Content Measurement;Oxygen Saturation;OXYSAT;SpO2;Vital Signs - Oxygen Saturation
C60832,Oxygen Saturation Measurement,Blood Oxygen Saturation;Hemoglobin Saturation Measurement;Hemoglobin Saturation;O2 Saturation;Oximetry;Oxygen Content Measurement;Oxygen Saturation;OXYSAT;SpO2;Vital Signs - Oxygen Saturation
C60832,Oxygen Saturation Measurement,Blood Oxygen Saturation;Hemoglobin Saturation Measurement;Hemoglobin Saturation;O2 Saturation;Oximetry;Oxygen Content Measurement;Oxygen Saturation;OXYSAT;SpO2;Vital Signs - Oxygen Saturation
C60832,Oxygen Saturation Measurement,Blood Oxygen Saturation;Hemoglobin Saturation Measurement;Hemoglobin Saturation;O2 Saturation;Oximetry;Oxygen Content Measurement;Oxygen Saturation;OXYSAT;SpO2;Vital Signs - Oxygen Saturation
C60832,Oxygen Saturation Measurement,Blood Oxygen Saturation;Hemoglobin Saturation Measurement;Hemoglobin Saturation;O2 Saturation;Oximetry;Oxygen Content Measurement;Oxygen Saturation;OXYSAT;SpO2;Vital Signs - Oxygen Saturation
C60832,Oxygen Saturation Measurement,Blood Oxygen Saturation;Hemoglobin Saturation Measurement;Hemoglobin Saturation;O2 Saturation;Oximetry;Oxygen Content Measurement;Oxygen Saturation;OXYSAT;SpO2;Vital Signs - Oxygen Saturation
C174311,Oxygen Saturation/Fraction Inspired O2,SAO2FIO2
C174311,Oxygen Saturation/Fraction Inspired O2,SAO2FIO2
C174311,Oxygen Saturation/Fraction Inspired O2,SAO2FIO2
C189635,Oxygenation Index,OI
C189635,Oxygenation Index,OI
C128554,PD-L1 Positive,B7 Homolog 1 Positive;B7-H Positive;B7H1 Positive;CD274 Antigen Positive;CD274 Molecule Positive;CD274 Positive;Expression of PD-L1;PD-L1 Positive;PD-L1+;PDCD1L1 Positive;PDCD1LG1 Positive;PDL1 Positive;Positive;Programmed Cell Death 1 Ligand 1 Positive
C128554,PD-L1 Positive,B7 Homolog 1 Positive;B7-H Positive;B7H1 Positive;CD274 Antigen Positive;CD274 Molecule Positive;CD274 Positive;Expression of PD-L1;PD-L1 Positive;PD-L1+;PDCD1L1 Positive;PDCD1LG1 Positive;PDL1 Positive;Positive;Programmed Cell Death 1 Ligand 1 Positive
C128554,PD-L1 Positive,B7 Homolog 1 Positive;B7-H Positive;B7H1 Positive;CD274 Antigen Positive;CD274 Molecule Positive;CD274 Positive;Expression of PD-L1;PD-L1 Positive;PD-L1+;PDCD1L1 Positive;PDCD1LG1 Positive;PDL1 Positive;Positive;Programmed Cell Death 1 Ligand 1 Positive
C128554,PD-L1 Positive,B7 Homolog 1 Positive;B7-H Positive;B7H1 Positive;CD274 Antigen Positive;CD274 Molecule Positive;CD274 Positive;Expression of PD-L1;PD-L1 Positive;PD-L1+;PDCD1L1 Positive;PDCD1LG1 Positive;PDL1 Positive;Positive;Programmed Cell Death 1 Ligand 1 Positive
C128554,PD-L1 Positive,B7 Homolog 1 Positive;B7-H Positive;B7H1 Positive;CD274 Antigen Positive;CD274 Molecule Positive;CD274 Positive;Expression of PD-L1;PD-L1 Positive;PD-L1+;PDCD1L1 Positive;PDCD1LG1 Positive;PDL1 Positive;Positive;Programmed Cell Death 1 Ligand 1 Positive
C128554,PD-L1 Positive,B7 Homolog 1 Positive;B7-H Positive;B7H1 Positive;CD274 Antigen Positive;CD274 Molecule Positive;CD274 Positive;Expression of PD-L1;PD-L1 Positive;PD-L1+;PDCD1L1 Positive;PDCD1LG1 Positive;PDL1 Positive;Positive;Programmed Cell Death 1 Ligand 1 Positive
C128554,PD-L1 Positive,B7 Homolog 1 Positive;B7-H Positive;B7H1 Positive;CD274 Antigen Positive;CD274 Molecule Positive;CD274 Positive;Expression of PD-L1;PD-L1 Positive;PD-L1+;PDCD1L1 Positive;PDCD1LG1 Positive;PDL1 Positive;Positive;Programmed Cell Death 1 Ligand 1 Positive
C135818,PGI Generic Modification Version - Change,PGI01-Change;PGI0102;PGI Generic Modification Version - Change
C135818,PGI Generic Modification Version - Change,PGI01-Change;PGI0102;PGI Generic Modification Version - Change
C135818,PGI Generic Modification Version - Change,PGI01-Change;PGI0102;PGI Generic Modification Version - Change
C135818,PGI Generic Modification Version - Change,PGI01-Change;PGI0102;PGI Generic Modification Version - Change
C135818,PGI Generic Modification Version - Change,PGI01-Change;PGI0102;PGI Generic Modification Version - Change
C135819,PGI Generic Modification Version - Improvement,PGI01-Improvement;PGI0103;PGI Generic Modification Version - Improvement
C135819,PGI Generic Modification Version - Improvement,PGI01-Improvement;PGI0103;PGI Generic Modification Version - Improvement
C135819,PGI Generic Modification Version - Improvement,PGI01-Improvement;PGI0103;PGI Generic Modification Version - Improvement
C135819,PGI Generic Modification Version - Improvement,PGI01-Improvement;PGI0103;PGI Generic Modification Version - Improvement
C135819,PGI Generic Modification Version - Improvement,PGI01-Improvement;PGI0103;PGI Generic Modification Version - Improvement
C135817,PGI Generic Modification Version - Severity,PGI01-Severity;PGI0101;PGI Generic Modification Version - Severity
C135817,PGI Generic Modification Version - Severity,PGI01-Severity;PGI0101;PGI Generic Modification Version - Severity
C135817,PGI Generic Modification Version - Severity,PGI01-Severity;PGI0101;PGI Generic Modification Version - Severity
C135817,PGI Generic Modification Version - Severity,PGI01-Severity;PGI0101;PGI Generic Modification Version - Severity
C135817,PGI Generic Modification Version - Severity,PGI01-Severity;PGI0101;PGI Generic Modification Version - Severity
C111285,Pacemaker ECG Assessment,PACEMAKR;Pacemaker
C111285,Pacemaker ECG Assessment,PACEMAKR;Pacemaker
C111285,Pacemaker ECG Assessment,PACEMAKR;Pacemaker
C111285,Pacemaker ECG Assessment,PACEMAKR;Pacemaker
C111285,Pacemaker ECG Assessment,PACEMAKR;Pacemaker
C111285,Pacemaker ECG Assessment,PACEMAKR;Pacemaker
C111285,Pacemaker ECG Assessment,PACEMAKR;Pacemaker
C119293,Partial Pressure Arterial Oxygen to Fraction Inspired Oxygen Ratio Measurement,Horowitz Index;Carrico index;P/F ratio;Partial Pressure Arterial Oxygen to Fraction Inspired Oxygen Ratio Measurement;PO2FIO2;PAO2/FIO2;PP Arterial O2/Fraction Inspired O2
C119293,Partial Pressure Arterial Oxygen to Fraction Inspired Oxygen Ratio Measurement,Horowitz Index;Carrico index;P/F ratio;Partial Pressure Arterial Oxygen to Fraction Inspired Oxygen Ratio Measurement;PO2FIO2;PAO2/FIO2;PP Arterial O2/Fraction Inspired O2
C119293,Partial Pressure Arterial Oxygen to Fraction Inspired Oxygen Ratio Measurement,Horowitz Index;Carrico index;P/F ratio;Partial Pressure Arterial Oxygen to Fraction Inspired Oxygen Ratio Measurement;PO2FIO2;PAO2/FIO2;PP Arterial O2/Fraction Inspired O2
C119293,Partial Pressure Arterial Oxygen to Fraction Inspired Oxygen Ratio Measurement,Horowitz Index;Carrico index;P/F ratio;Partial Pressure Arterial Oxygen to Fraction Inspired Oxygen Ratio Measurement;PO2FIO2;PAO2/FIO2;PP Arterial O2/Fraction Inspired O2
C71251,Partial Pressure of Oxygen Measurement,PaO2;Partial Pressure O2;PO2
C71251,Partial Pressure of Oxygen Measurement,PaO2;Partial Pressure O2;PO2
C71251,Partial Pressure of Oxygen Measurement,PaO2;Partial Pressure O2;PO2
C71251,Partial Pressure of Oxygen Measurement,PaO2;Partial Pressure O2;PO2
C125581,Pathology Result,Pathology Examination Result
C135739,Patient Global Impression Generic Modification Version Questionnaire,PGI;PGI01;PGI Generic Modification Version
C135739,Patient Global Impression Generic Modification Version Questionnaire,PGI;PGI01;PGI Generic Modification Version
C135739,Patient Global Impression Generic Modification Version Questionnaire,PGI;PGI01;PGI Generic Modification Version
C135739,Patient Global Impression Generic Modification Version Questionnaire,PGI;PGI01;PGI Generic Modification Version
C135498,Peak Cough Flow,PCF;Cough Peak Flow;CPF
C135498,Peak Cough Flow,PCF;Cough Peak Flow;CPF
C135498,Peak Cough Flow,PCF;Cough Peak Flow;CPF
C41372,Peak Expiratory Flow,PEF
C41372,Peak Expiratory Flow,PEF
C41372,Peak Expiratory Flow,PEF
C112368,Peak Expiratory Flow Reversibility,PEF Reversibility;PEFREV
C112368,Peak Expiratory Flow Reversibility,PEF Reversibility;PEFREV
C139259,Peak Expiratory Flow Time,PEFTIME;PEF Time
C139259,Peak Expiratory Flow Time,PEFTIME;PEF Time
C139259,Peak Expiratory Flow Time,PEFTIME;PEF Time
C120939,Peak Inspiratory Flow Rate,Peak Inspiratory Flow;PIF;PKINSFL
C120939,Peak Inspiratory Flow Rate,Peak Inspiratory Flow;PIF;PKINSFL
C120939,Peak Inspiratory Flow Rate,Peak Inspiratory Flow;PIF;PKINSFL
C119547,Peak Nasal Inspiratory Flow,PNIF
C119547,Peak Nasal Inspiratory Flow,PNIF
C119547,Peak Nasal Inspiratory Flow,PNIF
C126069,Pediatric Investigation Plan Indicator,PIPIND
C126069,Pediatric Investigation Plan Indicator,PIPIND
C126069,Pediatric Investigation Plan Indicator,PIPIND
C126069,Pediatric Investigation Plan Indicator,PIPIND
C126069,Pediatric Investigation Plan Indicator,PIPIND
C126069,Pediatric Investigation Plan Indicator,PIPIND
C123631,Pediatric Postmarket Study Indicator,PDPSTIND
C123631,Pediatric Postmarket Study Indicator,PDPSTIND
C123631,Pediatric Postmarket Study Indicator,PDPSTIND
C123631,Pediatric Postmarket Study Indicator,PDPSTIND
C123631,Pediatric Postmarket Study Indicator,PDPSTIND
C123631,Pediatric Postmarket Study Indicator,PDPSTIND
C123632,Pediatric Study Indicator,PDSTIND
C123632,Pediatric Study Indicator,PDSTIND
C123632,Pediatric Study Indicator,PDSTIND
C123632,Pediatric Study Indicator,PDSTIND
C123632,Pediatric Study Indicator,PDSTIND
C123632,Pediatric Study Indicator,PDSTIND
C154883,Peeling Indicator,PEELIND
C154883,Peeling Indicator,PEELIND
C154883,Peeling Indicator,PEELIND
C154883,Peeling Indicator,PEELIND
C170623,Percent Predicted Airway Resistance,RAWPP
C170623,Percent Predicted Airway Resistance,RAWPP
C170623,Percent Predicted Airway Resistance,RAWPP
C170621,Percent Predicted Airway Volume,AWVOLPP
C170621,Percent Predicted Airway Volume,AWVOLPP
C170621,Percent Predicted Airway Volume,AWVOLPP
C120829,Percent Predicted Diffusion Capacity of the Lung for Carbon Monoxide,DLCOPP;Percent Predicted DLCO
C120829,Percent Predicted Diffusion Capacity of the Lung for Carbon Monoxide,DLCOPP;Percent Predicted DLCO
C120829,Percent Predicted Diffusion Capacity of the Lung for Carbon Monoxide,DLCOPP;Percent Predicted DLCO
C120831,Percent Predicted Diffusion Capacity of the Lung for Carbon Monoxide/Alveolar Volume Ratio,DLCOVAPP;Percent Predicted DLCO/VA
C120831,Percent Predicted Diffusion Capacity of the Lung for Carbon Monoxide/Alveolar Volume Ratio,DLCOVAPP;Percent Predicted DLCO/VA
C120831,Percent Predicted Diffusion Capacity of the Lung for Carbon Monoxide/Alveolar Volume Ratio,DLCOVAPP;Percent Predicted DLCO/VA
C112375,Percent Predicted Expiratory Reserve Volume,ERVPP;Percent Predicted ERV
C112375,Percent Predicted Expiratory Reserve Volume,ERVPP;Percent Predicted ERV
C112375,Percent Predicted Expiratory Reserve Volume,ERVPP;Percent Predicted ERV
C199984,Percent Predicted Expiratory Vital Capacity,EVCPP;Percent Predicted EVC
C199984,Percent Predicted Expiratory Vital Capacity,EVCPP;Percent Predicted EVC
C199984,Percent Predicted Expiratory Vital Capacity,EVCPP;Percent Predicted EVC
C119546,Percent Predicted Forced Expiratory Flow at 25-75 Percent,FEF2575P;Percent Predicted FEF25-75;FEF at 25-75%
C119546,Percent Predicted Forced Expiratory Flow at 25-75 Percent,FEF2575P;Percent Predicted FEF25-75;FEF at 25-75%
C119546,Percent Predicted Forced Expiratory Flow at 25-75 Percent,FEF2575P;Percent Predicted FEF25-75;FEF at 25-75%
C112376,Percent Predicted Forced Expiratory Volume in 1 Second,FEV1PP;Percent Predicted FEV1
C112376,Percent Predicted Forced Expiratory Volume in 1 Second,FEV1PP;Percent Predicted FEV1
C112376,Percent Predicted Forced Expiratory Volume in 1 Second,FEV1PP;Percent Predicted FEV1
C112377,Percent Predicted Forced Expiratory Volume in 1 Second Divided by Forced Vital Capacity,FEV1FVCP;Percent Predicted FEV1/FVC
C112377,Percent Predicted Forced Expiratory Volume in 1 Second Divided by Forced Vital Capacity,FEV1FVCP;Percent Predicted FEV1/FVC
C112377,Percent Predicted Forced Expiratory Volume in 1 Second Divided by Forced Vital Capacity,FEV1FVCP;Percent Predicted FEV1/FVC
C170627,Percent Predicted Forced Expiratory Volume in 3 Seconds,FEV3PP;Percent Predicted FEV3
C170627,Percent Predicted Forced Expiratory Volume in 3 Seconds,FEV3PP;Percent Predicted FEV3
C170627,Percent Predicted Forced Expiratory Volume in 3 Seconds,FEV3PP;Percent Predicted FEV3
C112378,Percent Predicted Forced Expiratory Volume in 6 Seconds,FEV6PP;Percent Predicted FEV6
C112378,Percent Predicted Forced Expiratory Volume in 6 Seconds,FEV6PP;Percent Predicted FEV6
C112378,Percent Predicted Forced Expiratory Volume in 6 Seconds,FEV6PP;Percent Predicted FEV6
C112379,Percent Predicted Forced Inspiratory Flow Maximum,FIFMAXPP;Percent Predicted FIFmax
C112379,Percent Predicted Forced Inspiratory Flow Maximum,FIFMAXPP;Percent Predicted FIFmax
C112379,Percent Predicted Forced Inspiratory Flow Maximum,FIFMAXPP;Percent Predicted FIFmax
C112380,Percent Predicted Forced Inspiratory Volume in 1 Second,FIV1PP;Percent Predicted FIV1
C112380,Percent Predicted Forced Inspiratory Volume in 1 Second,FIV1PP;Percent Predicted FIV1
C112380,Percent Predicted Forced Inspiratory Volume in 1 Second,FIV1PP;Percent Predicted FIV1
C112381,Percent Predicted Forced Vital Capacity,FVCPP;Percent Predicted FVC
C112381,Percent Predicted Forced Vital Capacity,FVCPP;Percent Predicted FVC
C112381,Percent Predicted Forced Vital Capacity,FVCPP;Percent Predicted FVC
C126052,Percent Predicted Functional Residual Capacity,FRCPP;Percent Predicted FRC
C126052,Percent Predicted Functional Residual Capacity,FRCPP;Percent Predicted FRC
C126052,Percent Predicted Functional Residual Capacity,FRCPP;Percent Predicted FRC
C120826,Percent Predicted Hemoglobin Corrected Diffusion Capacity of the Lung for Carbon Monoxide,DLCOHCPP;Percent Predicted HGB Corrected DLCO
C120826,Percent Predicted Hemoglobin Corrected Diffusion Capacity of the Lung for Carbon Monoxide,DLCOHCPP;Percent Predicted HGB Corrected DLCO
C120826,Percent Predicted Hemoglobin Corrected Diffusion Capacity of the Lung for Carbon Monoxide,DLCOHCPP;Percent Predicted HGB Corrected DLCO
C120828,Percent Predicted Hemoglobin Corrected Diffusion Capacity of the Lung for Carbon Monoxide/Alveolar Volume Ratio,DLCOHVAP;Percent Predicted HGB Corrected DLCO/VA
C120828,Percent Predicted Hemoglobin Corrected Diffusion Capacity of the Lung for Carbon Monoxide/Alveolar Volume Ratio,DLCOHVAP;Percent Predicted HGB Corrected DLCO/VA
C120828,Percent Predicted Hemoglobin Corrected Diffusion Capacity of the Lung for Carbon Monoxide/Alveolar Volume Ratio,DLCOHVAP;Percent Predicted HGB Corrected DLCO/VA
C112382,Percent Predicted Inspiratory Capacity,ICPP;Percent Predicted IC
C112382,Percent Predicted Inspiratory Capacity,ICPP;Percent Predicted IC
C112382,Percent Predicted Inspiratory Capacity,ICPP;Percent Predicted IC
C112383,Percent Predicted Inspiratory Reserve Volume,IRVPP;Percent Predicted IRV
C112383,Percent Predicted Inspiratory Reserve Volume,IRVPP;Percent Predicted IRV
C112383,Percent Predicted Inspiratory Reserve Volume,IRVPP;Percent Predicted IRV
C124424,Percent Predicted Inspiratory Vital Capacity,IVCPP;Percent Predicted IVC
C124424,Percent Predicted Inspiratory Vital Capacity,IVCPP;Percent Predicted IVC
C124424,Percent Predicted Inspiratory Vital Capacity,IVCPP;Percent Predicted IVC
C174361,Percent Predicted Lobar Volume,LOBVOLPP
C174361,Percent Predicted Lobar Volume,LOBVOLPP
C174361,Percent Predicted Lobar Volume,LOBVOLPP
C135495,Percent Predicted Maximal Expiratory Pressure,MEPPP;Percent Predicted MEP
C135495,Percent Predicted Maximal Expiratory Pressure,MEPPP;Percent Predicted MEP
C135495,Percent Predicted Maximal Expiratory Pressure,MEPPP;Percent Predicted MEP
C135497,Percent Predicted Maximal Inspiratory Pressure,MIPPP;Percent Predicted MIP
C135497,Percent Predicted Maximal Inspiratory Pressure,MIPPP;Percent Predicted MIP
C135497,Percent Predicted Maximal Inspiratory Pressure,MIPPP;Percent Predicted MIP
C112384,Percent Predicted Peak Expiratory Flow,PEFPP;Percent Predicted PEF
C112384,Percent Predicted Peak Expiratory Flow,PEFPP;Percent Predicted PEF
C112384,Percent Predicted Peak Expiratory Flow,PEFPP;Percent Predicted PEF
C112385,Percent Predicted Residual Volume,RVPP
C112385,Percent Predicted Residual Volume,RVPP
C112385,Percent Predicted Residual Volume,RVPP
C112386,Percent Predicted Slow Vital Capacity,SVCPP;Percent Predicted SVC
C112386,Percent Predicted Slow Vital Capacity,SVCPP;Percent Predicted SVC
C112386,Percent Predicted Slow Vital Capacity,SVCPP;Percent Predicted SVC
C170624,Percent Predicted Specific Airway Resistance,Percent Predicted Sp Airway Resistance;SRAWPP
C170624,Percent Predicted Specific Airway Resistance,Percent Predicted Sp Airway Resistance;SRAWPP
C170624,Percent Predicted Specific Airway Resistance,Percent Predicted Sp Airway Resistance;SRAWPP
C170622,Percent Predicted Specific Airway Volume,SAWVOLPP
C170622,Percent Predicted Specific Airway Volume,SAWVOLPP
C170622,Percent Predicted Specific Airway Volume,SAWVOLPP
C112387,Percent Predicted Tidal Volume,TVPP
C112387,Percent Predicted Tidal Volume,TVPP
C112387,Percent Predicted Tidal Volume,TVPP
C112388,Percent Predicted Total Lung Capacity,TLCPP
C112388,Percent Predicted Total Lung Capacity,TLCPP
C112388,Percent Predicted Total Lung Capacity,TLCPP
C123559,Percentage of in situ Carcinoma,PCTISCA
C123559,Percentage of in situ Carcinoma,PCTISCA
C123559,Percentage of in situ Carcinoma,PCTISCA
C123559,Percentage of in situ Carcinoma,PCTISCA
C123559,Percentage of in situ Carcinoma,PCTISCA
C123559,Percentage of in situ Carcinoma,PCTISCA
C123559,Percentage of in situ Carcinoma,PCTISCA
C174371,Peripheral Body Temperature,TEMPPB
C174371,Peripheral Body Temperature,TEMPPB
C174371,Peripheral Body Temperature,TEMPPB
C174371,Peripheral Body Temperature,TEMPPB
C42636,Pharmaceutical Dosage Form,dosage form;dose form;pharmaceutical form;Dose Form;DOSFRM;Drug Dose Form;Pharmaceutical;Pharmaceutical Dose Form;Pharmaceutical Formulation
C42636,Pharmaceutical Dosage Form,dosage form;dose form;pharmaceutical form;Dose Form;DOSFRM;Drug Dose Form;Pharmaceutical;Pharmaceutical Dose Form;Pharmaceutical Formulation
C42636,Pharmaceutical Dosage Form,dosage form;dose form;pharmaceutical form;Dose Form;DOSFRM;Drug Dose Form;Pharmaceutical;Pharmaceutical Dose Form;Pharmaceutical Formulation
C42636,Pharmaceutical Dosage Form,dosage form;dose form;pharmaceutical form;Dose Form;DOSFRM;Drug Dose Form;Pharmaceutical;Pharmaceutical Dose Form;Pharmaceutical Formulation
C42636,Pharmaceutical Dosage Form,dosage form;dose form;pharmaceutical form;Dose Form;DOSFRM;Drug Dose Form;Pharmaceutical;Pharmaceutical Dose Form;Pharmaceutical Formulation
C42636,Pharmaceutical Dosage Form,dosage form;dose form;pharmaceutical form;Dose Form;DOSFRM;Drug Dose Form;Pharmaceutical;Pharmaceutical Dose Form;Pharmaceutical Formulation
C98768,Pharmacological Class of Investigational Therapy,PCLAS;PCLASS;Pharmacologic Class;Study Product Pharmacologic Class
C98768,Pharmacological Class of Investigational Therapy,PCLAS;PCLASS;Pharmacologic Class;Study Product Pharmacologic Class
C98768,Pharmacological Class of Investigational Therapy,PCLAS;PCLASS;Pharmacologic Class;Study Product Pharmacologic Class
C98768,Pharmacological Class of Investigational Therapy,PCLAS;PCLASS;Pharmacologic Class;Study Product Pharmacologic Class
C98768,Pharmacological Class of Investigational Therapy,PCLAS;PCLASS;Pharmacologic Class;Study Product Pharmacologic Class
C25257,Phase,Phased;Stage
C64857,Phosphate Measurement,Phosphorus;Phosphate
C64857,Phosphate Measurement,Phosphorus;Phosphate
C64857,Phosphate Measurement,Phosphorus;Phosphate
C64857,Phosphate Measurement,Phosphorus;Phosphate
C64857,Phosphate Measurement,Phosphorus;Phosphate
C179818,Physical Activity Lifestyle,PHYACLFS;Physical Activity Lifestyle
C179818,Physical Activity Lifestyle,PHYACLFS;Physical Activity Lifestyle
C179818,Physical Activity Lifestyle,PHYACLFS;Physical Activity Lifestyle
C20989,Physical Examination,General Examination;Physical Exam;PHYSICAL EXAM;PHYSICAL EXAMINATION;physical exam;physical_exam;Physical examination procedure (procedure);assessment;physical examination;Assessment;Physical;Physical Assessment;Physical exam
C119233,Physical Examination Findings of New or Worsening Heart Failure,HFPEFNW;Heart Failure New/Worsening PE Findings
C119233,Physical Examination Findings of New or Worsening Heart Failure,HFPEFNW;Heart Failure New/Worsening PE Findings
C119233,Physical Examination Findings of New or Worsening Heart Failure,HFPEFNW;Heart Failure New/Worsening PE Findings
C119233,Physical Examination Findings of New or Worsening Heart Failure,HFPEFNW;Heart Failure New/Worsening PE Findings
C119233,Physical Examination Findings of New or Worsening Heart Failure,HFPEFNW;Heart Failure New/Worsening PE Findings
C119233,Physical Examination Findings of New or Worsening Heart Failure,HFPEFNW;Heart Failure New/Worsening PE Findings
C139211,Pinch Strength,PINCHSTR
C139211,Pinch Strength,PINCHSTR
C139211,Pinch Strength,PINCHSTR
C139211,Pinch Strength,PINCHSTR
C139211,Pinch Strength,PINCHSTR
C139211,Pinch Strength,PINCHSTR
C98770,Planned Country of Investigational Site,FCNTRY;Planned Country of Investigational Sites
C98770,Planned Country of Investigational Site,FCNTRY;Planned Country of Investigational Sites
C98770,Planned Country of Investigational Site,FCNTRY;Planned Country of Investigational Sites
C98770,Planned Country of Investigational Site,FCNTRY;Planned Country of Investigational Sites
C98770,Planned Country of Investigational Site,FCNTRY;Planned Country of Investigational Sites
C126077,Planned Follow-Up Duration,Target Follow-Up Duration;TRGFUDUR
C126077,Planned Follow-Up Duration,Target Follow-Up Duration;TRGFUDUR
C126077,Planned Follow-Up Duration,Target Follow-Up Duration;TRGFUDUR
C126077,Planned Follow-Up Duration,Target Follow-Up Duration;TRGFUDUR
C49694,Planned Maximum Age of Subjects,AGEMAX;Maximum Age
C49694,Planned Maximum Age of Subjects,AGEMAX;Maximum Age
C49694,Planned Maximum Age of Subjects,AGEMAX;Maximum Age
C49694,Planned Maximum Age of Subjects,AGEMAX;Maximum Age
C49693,Planned Minimum Age of Subjects,AGEMIN;Minimum Age
C49693,Planned Minimum Age of Subjects,AGEMIN;Minimum Age
C49693,Planned Minimum Age of Subjects,AGEMIN;Minimum Age
C49693,Planned Minimum Age of Subjects,AGEMIN;Minimum Age
C98771,Planned Number of Arms,NARMS
C98771,Planned Number of Arms,NARMS
C98771,Planned Number of Arms,NARMS
C49692,Planned Subject Number,Target Accrual;target enrollment;Anticipated Enrollment;Planned Enrollment;Planned Number of Participants;Planned Number of Subjects;PLANSUB;Target Enrollment;Number of Study Subjects
C49692,Planned Subject Number,Target Accrual;target enrollment;Anticipated Enrollment;Planned Enrollment;Planned Number of Participants;Planned Number of Subjects;PLANSUB;Target Enrollment;Number of Study Subjects
C49692,Planned Subject Number,Target Accrual;target enrollment;Anticipated Enrollment;Planned Enrollment;Planned Number of Participants;Planned Number of Subjects;PLANSUB;Target Enrollment;Number of Study Subjects
C139276,Planned Treatment Duration,PTRTDUR
C139276,Planned Treatment Duration,PTRTDUR
C139276,Planned Treatment Duration,PTRTDUR
C139276,Planned Treatment Duration,PTRTDUR
C127796,Planned Trial Duration,PLNTRDUR
C127796,Planned Trial Duration,PLNTRDUR
C127796,Planned Trial Duration,PLNTRDUR
C127796,Planned Trial Duration,PLNTRDUR
C51951,Platelet Count,Thrombocytes;Platelets;Anucleated Thrombocytes
C51951,Platelet Count,Thrombocytes;Platelets;Anucleated Thrombocytes
C51951,Platelet Count,Thrombocytes;Platelets;Anucleated Thrombocytes
C51951,Platelet Count,Thrombocytes;Platelets;Anucleated Thrombocytes
C51951,Platelet Count,Thrombocytes;Platelets;Anucleated Thrombocytes
C171521,Pneumonia Indicator,PNEUMIND
C171521,Pneumonia Indicator,PNEUMIND
C171521,Pneumonia Indicator,PNEUMIND
C79602,Poikilocyte Measurement,POIKILO;Poikilocytes
C79602,Poikilocyte Measurement,POIKILO;Poikilocytes
C79602,Poikilocyte Measurement,POIKILO;Poikilocytes
C79602,Poikilocyte Measurement,POIKILO;Poikilocytes
C64803,Polychromasia,POLYCHR
C64803,Polychromasia,POLYCHR
C64803,Polychromasia,POLYCHR
C64803,Polychromasia,POLYCHR
C199683,Polychromatic Erythrocyte Count,Immature Erythrocytes;Polychromatic Erythrocytes;PCE
C199683,Polychromatic Erythrocyte Count,Immature Erythrocytes;Polychromatic Erythrocytes;PCE
C199683,Polychromatic Erythrocyte Count,Immature Erythrocytes;Polychromatic Erythrocytes;PCE
C199683,Polychromatic Erythrocyte Count,Immature Erythrocytes;Polychromatic Erythrocytes;PCE
C200008,Polychromatic Erythrocytes to Erythrocytes Ratio Measurement,Immature Erythrocytes/Erythrocytes;Polychromatic Erythrocytes/Erythrocytes;Reticulocytes/Erythrocytes;PCERBC
C200008,Polychromatic Erythrocytes to Erythrocytes Ratio Measurement,Immature Erythrocytes/Erythrocytes;Polychromatic Erythrocytes/Erythrocytes;Reticulocytes/Erythrocytes;PCERBC
C200008,Polychromatic Erythrocytes to Erythrocytes Ratio Measurement,Immature Erythrocytes/Erythrocytes;Polychromatic Erythrocytes/Erythrocytes;Reticulocytes/Erythrocytes;PCERBC
C200008,Polychromatic Erythrocytes to Erythrocytes Ratio Measurement,Immature Erythrocytes/Erythrocytes;Polychromatic Erythrocytes/Erythrocytes;Reticulocytes/Erythrocytes;PCERBC
C200008,Polychromatic Erythrocytes to Erythrocytes Ratio Measurement,Immature Erythrocytes/Erythrocytes;Polychromatic Erythrocytes/Erythrocytes;Reticulocytes/Erythrocytes;PCERBC
C17007,Positron Emission Tomography,PET Scan;PET
C17007,Positron Emission Tomography,PET Scan;PET
C17007,Positron Emission Tomography,PET Scan;PET
C17007,Positron Emission Tomography,PET Scan;PET
C17007,Positron Emission Tomography,PET Scan;PET
C17007,Positron Emission Tomography,PET Scan;PET
C17007,Positron Emission Tomography,PET Scan;PET
C17007,Positron Emission Tomography,PET Scan;PET
C17007,Positron Emission Tomography,PET Scan;PET
C17007,Positron Emission Tomography,PET Scan;PET
C139275,Post Authorization Safety Study Indicator,PASSIND;Post Authorization Safety Study Ind
C139275,Post Authorization Safety Study Indicator,PASSIND;Post Authorization Safety Study Ind
C139275,Post Authorization Safety Study Indicator,PASSIND;Post Authorization Safety Study Ind
C139275,Post Authorization Safety Study Indicator,PASSIND;Post Authorization Safety Study Ind
C139275,Post Authorization Safety Study Indicator,PASSIND;Post Authorization Safety Study Ind
C139275,Post Authorization Safety Study Indicator,PASSIND;Post Authorization Safety Study Ind
C198358,Post-Partum Indicator,PPRTIND
C198358,Post-Partum Indicator,PPRTIND
C70946,Postal Address,Mail Address;Mailing Address
C64853,Potassium Measurement,Potassium;K
C64853,Potassium Measurement,Potassium;K
C64853,Potassium Measurement,Potassium;K
C64853,Potassium Measurement,Potassium;K
C64853,Potassium Measurement,Potassium;K
C48470,Potency Unit,Unit of Potency
C122192,Pregnancy Confirmed Indicator,PCONFIND
C122192,Pregnancy Confirmed Indicator,PCONFIND
C163558,Pregnancy End Date,PRGENDTC;Date Pregnancy Ended
C163558,Pregnancy End Date,PRGENDTC;Date Pregnancy Ended
C139264,Pregnancy Indicator,PREGIND;Pregnant Indicator
C139264,Pregnancy Indicator,PREGIND;Pregnant Indicator
C90491,Pregnancy Outcome,PRGOUT
C90491,Pregnancy Outcome,PRGOUT
C186213,Pregnancy Suspected Indicator,PSUSPIND
C186213,Pregnancy Suspected Indicator,PSUSPIND
C106561,Pregnant During the Study,PREGST
C106561,Pregnant During the Study,PREGST
C112400,Premature Birth Indicator,PREMBRTH;premature at birth;Premature Birth Indicator;premature_at_birth
C112400,Premature Birth Indicator,PREMBRTH;premature at birth;Premature Birth Indicator;premature_at_birth
C112400,Premature Birth Indicator,PREMBRTH;premature at birth;Premature Birth Indicator;premature_at_birth
C99531,Primary Cause of Death,PRCDTH;Primary
C99531,Primary Cause of Death,PRCDTH;Primary
C132459,Primary Language Spoken,LNGSPP;Primary Language Spoken;Primary Language Spoken at Home
C132459,Primary Language Spoken,LNGSPP;Primary Language Spoken;Primary Language Spoken at Home
C132459,Primary Language Spoken,LNGSPP;Primary Language Spoken;Primary Language Spoken at Home
C98772,Primary Outcome Measure,OUTMSPRI;PRIMARY OUTCOME MEASURE
C98772,Primary Outcome Measure,OUTMSPRI;PRIMARY OUTCOME MEASURE
C98772,Primary Outcome Measure,OUTMSPRI;PRIMARY OUTCOME MEASURE
C102699,Priority of Disease Contact,PRICON;Priority of Disease Contact
C102699,Priority of Disease Contact,PRICON;Priority of Disease Contact
C102699,Priority of Disease Contact,PRICON;Priority of Disease Contact
C209686,Private Health Insurance Indicator,HIPRVIND;Private Health Insurance Indicator
C209686,Private Health Insurance Indicator,HIPRVIND;Private Health Insurance Indicator
C209686,Private Health Insurance Indicator,HIPRVIND;Private Health Insurance Indicator
C163557,Products of Conception Examined Indicator,PRDCEIND;Products of Conception Examined Ind
C163557,Products of Conception Examined Indicator,PRDCEIND;Products of Conception Examined Ind
C117846,Progesterone Receptor Measurement,PROGESTR;NR3C3;PGR;PR;Progesterone Receptor
C117846,Progesterone Receptor Measurement,PROGESTR;NR3C3;PGR;PR;Progesterone Receptor
C117846,Progesterone Receptor Measurement,PROGESTR;NR3C3;PGR;PR;Progesterone Receptor
C117846,Progesterone Receptor Measurement,PROGESTR;NR3C3;PGR;PR;Progesterone Receptor
C117846,Progesterone Receptor Measurement,PROGESTR;NR3C3;PGR;PR;Progesterone Receptor
C117846,Progesterone Receptor Measurement,PROGESTR;NR3C3;PGR;PR;Progesterone Receptor
C15496,Progesterone Receptor Positive,PGR Positive;PR Positive
C15496,Progesterone Receptor Positive,PGR Positive;PR Positive
C15496,Progesterone Receptor Positive,PGR Positive;PR Positive
C15496,Progesterone Receptor Positive,PGR Positive;PR Positive
C15496,Progesterone Receptor Positive,PGR Positive;PR Positive
C15496,Progesterone Receptor Positive,PGR Positive;PR Positive
C15496,Progesterone Receptor Positive,PGR Positive;PR Positive
C16149,Progesterone Receptor Status,PgR Status;Progesterone Receptor
C16149,Progesterone Receptor Status,PgR Status;Progesterone Receptor
C16149,Progesterone Receptor Status,PgR Status;Progesterone Receptor
C16149,Progesterone Receptor Status,PgR Status;Progesterone Receptor
C16149,Progesterone Receptor Status,PgR Status;Progesterone Receptor
C16149,Progesterone Receptor Status,PgR Status;Progesterone Receptor
C16149,Progesterone Receptor Status,PgR Status;Progesterone Receptor
C28234,Progression-free Survival,PFS
C28234,Progression-free Survival,PFS
C28234,Progression-free Survival,PFS
C28234,Progression-free Survival,PFS
C28234,Progression-free Survival,PFS
C79463,Protein to Creatinine Ratio Measurement,Protein/Creatinine;PROTCRT
C79463,Protein to Creatinine Ratio Measurement,Protein/Creatinine;PROTCRT
C79463,Protein to Creatinine Ratio Measurement,Protein/Creatinine;PROTCRT
C79463,Protein to Creatinine Ratio Measurement,Protein/Creatinine;PROTCRT
C79463,Protein to Creatinine Ratio Measurement,Protein/Creatinine;PROTCRT
C98774,Prothrombin Activity Measurement,Factor II Activity;Prothrombin Activity
C62656,Prothrombin Time,PT
C62656,Prothrombin Time,PT
C62656,Prothrombin Time,PT
C62656,Prothrombin Time,PT
C62656,Prothrombin Time,PT
C41161,Protocol Agent,experimental intervention;Study Treatment;Target Product;Test Article;Experimental Intervention;Investigational Interventional;Investigational Therapy or Treatment;TRT;investigational product;study agent;Agent;Study Agent
C41161,Protocol Agent,experimental intervention;Study Treatment;Target Product;Test Article;Experimental Intervention;Investigational Interventional;Investigational Therapy or Treatment;TRT;investigational product;study agent;Agent;Study Agent
C41161,Protocol Agent,experimental intervention;Study Treatment;Target Product;Test Article;Experimental Intervention;Investigational Interventional;Investigational Therapy or Treatment;TRT;investigational product;study agent;Agent;Study Agent
C41161,Protocol Agent,experimental intervention;Study Treatment;Target Product;Test Article;Experimental Intervention;Investigational Interventional;Investigational Therapy or Treatment;TRT;investigational product;study agent;Agent;Study Agent
C41161,Protocol Agent,experimental intervention;Study Treatment;Target Product;Test Article;Experimental Intervention;Investigational Interventional;Investigational Therapy or Treatment;TRT;investigational product;study agent;Agent;Study Agent
C74590,Protocol Disposition Event,Disposition Event
C126062,Protocol Keyword,KEYWORD;Keyword
C126062,Protocol Keyword,KEYWORD;Keyword
C126062,Protocol Keyword,KEYWORD;Keyword
C126062,Protocol Keyword,KEYWORD;Keyword
C126062,Protocol Keyword,KEYWORD;Keyword
C139277,Protocol Risk Assessment,PROTRSK
C139277,Protocol Risk Assessment,PROTRSK
C139277,Protocol Risk Assessment,PROTRSK
C139277,Protocol Risk Assessment,PROTRSK
C139277,Protocol Risk Assessment,PROTRSK
C139277,Protocol Risk Assessment,PROTRSK
C189437,Proton Density Fat Fraction,Fat Fraction by Proton Density;PDFF;Proton Density Fat Fraction
C189437,Proton Density Fat Fraction,Fat Fraction by Proton Density;PDFF;Proton Density Fat Fraction
C189437,Proton Density Fat Fraction,Fat Fraction by Proton Density;PDFF;Proton Density Fat Fraction
C189437,Proton Density Fat Fraction,Fat Fraction by Proton Density;PDFF;Proton Density Fat Fraction
C189437,Proton Density Fat Fraction,Fat Fraction by Proton Density;PDFF;Proton Density Fat Fraction
C189437,Proton Density Fat Fraction,Fat Fraction by Proton Density;PDFF;Proton Density Fat Fraction
C191040,Psoriasis Area and Severity Index Fredriksson Version Clinical Classification,PASI FREDRIKSSON;PASI Fredriksson Version;PASI03
C191040,Psoriasis Area and Severity Index Fredriksson Version Clinical Classification,PASI FREDRIKSSON;PASI Fredriksson Version;PASI03
C191040,Psoriasis Area and Severity Index Fredriksson Version Clinical Classification,PASI FREDRIKSSON;PASI Fredriksson Version;PASI03
C191040,Psoriasis Area and Severity Index Fredriksson Version Clinical Classification,PASI FREDRIKSSON;PASI Fredriksson Version;PASI03
C127797,PubMed Unique Identifier,PubMed ID for Citation Used in Study;PUBMEDID;PubMed ID;PubMed Identifier;PubMed Indexing Number
C127797,PubMed Unique Identifier,PubMed ID for Citation Used in Study;PUBMEDID;PubMed ID;PubMed Identifier;PubMed Indexing Number
C127797,PubMed Unique Identifier,PubMed ID for Citation Used in Study;PUBMEDID;PubMed ID;PubMed Identifier;PubMed Indexing Number
C127797,PubMed Unique Identifier,PubMed ID for Citation Used in Study;PUBMEDID;PubMed ID;PubMed Identifier;PubMed Indexing Number
C38081,Pulmonary Function Test,Pulmonary Function Test;lung function test;PFT;Pulmonary Function Testing
C139254,Pulmonary Inertance,INERTANC;Inertance
C139254,Pulmonary Inertance,INERTANC;Inertance
C123567,Pulmonary Reactance,PLMXRS
C123567,Pulmonary Reactance,PLMXRS
C100945,Pulse Pressure,PULSEPR
C100945,Pulse Pressure,PULSEPR
C100945,Pulse Pressure,PULSEPR
C100945,Pulse Pressure,PULSEPR
C49676,Pulse Rate,Pulse
C49676,Pulse Rate,Pulse
C49676,Pulse Rate,Pulse
C49676,Pulse Rate,Pulse
C49676,Pulse Rate,Pulse
C49676,Pulse Rate,Pulse
C49676,Pulse Rate,Pulse
C154882,Pustule Indicator,PUSTIND
C154882,Pustule Indicator,PUSTIND
C154882,Pustule Indicator,PUSTIND
C154882,Pustule Indicator,PUSTIND
C174285,"QTc Correction Method Unspecified, Aggregate",QTCUNSAG
C174285,"QTc Correction Method Unspecified, Aggregate",QTCUNSAG
C174285,"QTc Correction Method Unspecified, Aggregate",QTCUNSAG
C174285,"QTc Correction Method Unspecified, Aggregate",QTCUNSAG
C174285,"QTc Correction Method Unspecified, Aggregate",QTCUNSAG
C174285,"QTc Correction Method Unspecified, Aggregate",QTCUNSAG
C174285,"QTc Correction Method Unspecified, Aggregate",QTCUNSAG
C174285,"QTc Correction Method Unspecified, Aggregate",QTCUNSAG
C174285,"QTc Correction Method Unspecified, Aggregate",QTCUNSAG
C174286,"QTc Correction Method Unspecified, Single Beat","QTc Corr Method Unspecified, Single Beat;QTc Correction Method Unspecified, Single Beat;QTCUNSSB"
C174286,"QTc Correction Method Unspecified, Single Beat","QTc Corr Method Unspecified, Single Beat;QTc Correction Method Unspecified, Single Beat;QTCUNSSB"
C174286,"QTc Correction Method Unspecified, Single Beat","QTc Corr Method Unspecified, Single Beat;QTc Correction Method Unspecified, Single Beat;QTCUNSSB"
C174286,"QTc Correction Method Unspecified, Single Beat","QTc Corr Method Unspecified, Single Beat;QTc Correction Method Unspecified, Single Beat;QTCUNSSB"
C174286,"QTc Correction Method Unspecified, Single Beat","QTc Corr Method Unspecified, Single Beat;QTc Correction Method Unspecified, Single Beat;QTCUNSSB"
C174286,"QTc Correction Method Unspecified, Single Beat","QTc Corr Method Unspecified, Single Beat;QTc Correction Method Unspecified, Single Beat;QTCUNSSB"
C174286,"QTc Correction Method Unspecified, Single Beat","QTc Corr Method Unspecified, Single Beat;QTc Correction Method Unspecified, Single Beat;QTCUNSSB"
C174286,"QTc Correction Method Unspecified, Single Beat","QTc Corr Method Unspecified, Single Beat;QTc Correction Method Unspecified, Single Beat;QTCUNSSB"
C174286,"QTc Correction Method Unspecified, Single Beat","QTc Corr Method Unspecified, Single Beat;QTc Correction Method Unspecified, Single Beat;QTCUNSSB"
C139255,Quasi-Static Compliance,QUASCOMP
C139255,Quasi-Static Compliance,QUASCOMP
C139255,Quasi-Static Compliance,QUASCOMP
C63521,Quick Freeze,Flash Freezing;Flash Freeze;Flash Frozen;Quick Frozen;Snap Freeze;Snap Frozen
C63521,Quick Freeze,Flash Freezing;Flash Freeze;Flash Frozen;Quick Frozen;Snap Freeze;Snap Frozen
C63521,Quick Freeze,Flash Freezing;Flash Freeze;Flash Frozen;Quick Frozen;Snap Freeze;Snap Frozen
C63521,Quick Freeze,Flash Freezing;Flash Freeze;Flash Frozen;Quick Frozen;Snap Freeze;Snap Frozen
C63521,Quick Freeze,Flash Freezing;Flash Freeze;Flash Frozen;Quick Frozen;Snap Freeze;Snap Frozen
C63521,Quick Freeze,Flash Freezing;Flash Freeze;Flash Frozen;Quick Frozen;Snap Freeze;Snap Frozen
C117792,RR Interval Single Measurement,RR Interval Single Measurement;RRSM
C117792,RR Interval Single Measurement,RR Interval Single Measurement;RRSM
C117792,RR Interval Single Measurement,RR Interval Single Measurement;RRSM
C117792,RR Interval Single Measurement,RR Interval Single Measurement;RRSM
C117792,RR Interval Single Measurement,RR Interval Single Measurement;RRSM
C117792,RR Interval Single Measurement,RR Interval Single Measurement;RRSM
C117792,RR Interval Single Measurement,RR Interval Single Measurement;RRSM
C117792,RR Interval Single Measurement,RR Interval Single Measurement;RRSM
C117792,RR Interval Single Measurement,RR Interval Single Measurement;RRSM
C17049,Race,Racial Group
C17049,Race,Racial Group
C15313,Radiation Therapy,Cancer Radiotherapy;Radiotherapeutics;RT
C15313,Radiation Therapy,Cancer Radiotherapy;Radiotherapeutics;RT
C15313,Radiation Therapy,Cancer Radiotherapy;Radiotherapeutics;RT
C15313,Radiation Therapy,Cancer Radiotherapy;Radiotherapeutics;RT
C15313,Radiation Therapy,Cancer Radiotherapy;Radiotherapeutics;RT
C15313,Radiation Therapy,Cancer Radiotherapy;Radiotherapeutics;RT
C15313,Radiation Therapy,Cancer Radiotherapy;Radiotherapeutics;RT
C15313,Radiation Therapy,Cancer Radiotherapy;Radiotherapeutics;RT
C15313,Radiation Therapy,Cancer Radiotherapy;Radiotherapeutics;RT
C15313,Radiation Therapy,Cancer Radiotherapy;Radiotherapeutics;RT
C15313,Radiation Therapy,Cancer Radiotherapy;Radiotherapeutics;RT
C15313,Radiation Therapy,Cancer Radiotherapy;Radiotherapeutics;RT
C15313,Radiation Therapy,Cancer Radiotherapy;Radiotherapeutics;RT
C15313,Radiation Therapy,Cancer Radiotherapy;Radiotherapeutics;RT
C15313,Radiation Therapy,Cancer Radiotherapy;Radiotherapeutics;RT
C123627,Radiologic Response,RDIORESP
C123627,Radiologic Response,RDIORESP
C123627,Radiologic Response,RDIORESP
C123627,Radiologic Response,RDIORESP
C123627,Radiologic Response,RDIORESP
C123627,Radiologic Response,RDIORESP
C62667,Radionuclide Imaging,Gamma Scan;Nuclear Medicine;Scintigraphy;Radioimaging
C62667,Radionuclide Imaging,Gamma Scan;Nuclear Medicine;Scintigraphy;Radioimaging
C62667,Radionuclide Imaging,Gamma Scan;Nuclear Medicine;Scintigraphy;Radioimaging
C62667,Radionuclide Imaging,Gamma Scan;Nuclear Medicine;Scintigraphy;Radioimaging
C62667,Radionuclide Imaging,Gamma Scan;Nuclear Medicine;Scintigraphy;Radioimaging
C62667,Radionuclide Imaging,Gamma Scan;Nuclear Medicine;Scintigraphy;Radioimaging
C62667,Radionuclide Imaging,Gamma Scan;Nuclear Medicine;Scintigraphy;Radioimaging
C62667,Radionuclide Imaging,Gamma Scan;Nuclear Medicine;Scintigraphy;Radioimaging
C62667,Radionuclide Imaging,Gamma Scan;Nuclear Medicine;Scintigraphy;Radioimaging
C62667,Radionuclide Imaging,Gamma Scan;Nuclear Medicine;Scintigraphy;Radioimaging
C25196,Randomization,randomization;RANDOM;Randomized;Trial is Randomized;randomized
C25196,Randomization,randomization;RANDOM;Randomized;Trial is Randomized;randomized
C25196,Randomization,randomization;RANDOM;Randomized;Trial is Randomized;randomized
C25196,Randomization,randomization;RANDOM;Randomized;Trial is Randomized;randomized
C25196,Randomization,randomization;RANDOM;Randomized;Trial is Randomized;randomized
C25196,Randomization,randomization;RANDOM;Randomized;Trial is Randomized;randomized
C98775,Randomization Quotient,RANDQT
C98775,Randomization Quotient,RANDQT
C98775,Randomization Quotient,RANDQT
C139212,"Range of Motion, Abduction",ROMABDT
C139212,"Range of Motion, Abduction",ROMABDT
C139212,"Range of Motion, Abduction",ROMABDT
C139212,"Range of Motion, Abduction",ROMABDT
C139212,"Range of Motion, Abduction",ROMABDT
C139212,"Range of Motion, Abduction",ROMABDT
C139214,"Range of Motion, Dorsiflexion",ROMDORFL
C139214,"Range of Motion, Dorsiflexion",ROMDORFL
C139214,"Range of Motion, Dorsiflexion",ROMDORFL
C139214,"Range of Motion, Dorsiflexion",ROMDORFL
C139214,"Range of Motion, Dorsiflexion",ROMDORFL
C139214,"Range of Motion, Dorsiflexion",ROMDORFL
C139213,"Range of Motion, Extension",ROMEXT
C139213,"Range of Motion, Extension",ROMEXT
C139213,"Range of Motion, Extension",ROMEXT
C139213,"Range of Motion, Extension",ROMEXT
C139213,"Range of Motion, Extension",ROMEXT
C139213,"Range of Motion, Extension",ROMEXT
C126070,Rare Disease Indicator,RDIND
C126070,Rare Disease Indicator,RDIND
C126070,Rare Disease Indicator,RDIND
C126070,Rare Disease Indicator,RDIND
C126070,Rare Disease Indicator,RDIND
C126070,Rare Disease Indicator,RDIND
C154878,Rash Indicator,RASHIND
C154878,Rash Indicator,RASHIND
C154878,Rash Indicator,RASHIND
C154878,Rash Indicator,RASHIND
C179819,Reaction Grade,REACTGR
C179819,Reaction Grade,REACTGR
C179819,Reaction Grade,REACTGR
C179819,Reaction Grade,REACTGR
C179819,Reaction Grade,REACTGR
C179819,Reaction Grade,REACTGR
C93645,Recurrence Indicator,Recurrence
C93645,Recurrence Indicator,Recurrence
C93645,Recurrence Indicator,Recurrence
C93645,Recurrence Indicator,Recurrence
C192424,Recurrence in Distant Nodes,Nodal-Distant;Recurrence in Distant Nodes
C192424,Recurrence in Distant Nodes,Nodal-Distant;Recurrence in Distant Nodes
C192424,Recurrence in Distant Nodes,Nodal-Distant;Recurrence in Distant Nodes
C192424,Recurrence in Distant Nodes,Nodal-Distant;Recurrence in Distant Nodes
C38155,Recurrent Disease,Recurrence;Disease Relapse
C38155,Recurrent Disease,Recurrence;Disease Relapse
C38155,Recurrent Disease,Recurrence;Disease Relapse
C38155,Recurrent Disease,Recurrence;Disease Relapse
C55073,"Recurrent Disease, Distant Site",Distant Disease;Distant Recurrence;Relapse Distant Site
C117961,Relapse Criteria,RLPSCRIT
C117961,Relapse Criteria,RLPSCRIT
C117961,Relapse Criteria,RLPSCRIT
C127799,Requires Secure Email Delivery of XML Indicator,SDXMLIND;Secure Delivery XML Required Indicator
C127799,Requires Secure Email Delivery of XML Indicator,SDXMLIND;Secure Delivery XML Required Indicator
C127799,Requires Secure Email Delivery of XML Indicator,SDXMLIND;Secure Delivery XML Required Indicator
C127799,Requires Secure Email Delivery of XML Indicator,SDXMLIND;Secure Delivery XML Required Indicator
C127799,Requires Secure Email Delivery of XML Indicator,SDXMLIND;Secure Delivery XML Required Indicator
C127799,Requires Secure Email Delivery of XML Indicator,SDXMLIND;Secure Delivery XML Required Indicator
C160722,Residual Cancer Burden,RCB Class
C160722,Residual Cancer Burden,RCB Class
C160722,Residual Cancer Burden,RCB Class
C160722,Residual Cancer Burden,RCB Class
C160722,Residual Cancer Burden,RCB Class
C160722,Residual Cancer Burden,RCB Class
C160724,Residual Cancer Burden Class,RCB Class
C160724,Residual Cancer Burden Class,RCB Class
C160724,Residual Cancer Burden Class,RCB Class
C160724,Residual Cancer Burden Class,RCB Class
C160724,Residual Cancer Burden Class,RCB Class
C160724,Residual Cancer Burden Class,RCB Class
C160723,Residual Cancer Burden Index,RCB Index
C160723,Residual Cancer Burden Index,RCB Index
C160723,Residual Cancer Burden Index,RCB Index
C160723,Residual Cancer Burden Index,RCB Index
C160723,Residual Cancer Burden Index,RCB Index
C160723,Residual Cancer Burden Index,RCB Index
C89836,Residual Volume,RV
C89836,Residual Volume,RV
C89836,Residual Volume,RV
C123568,Respiratory Exchange Ratio,RER
C123568,Respiratory Exchange Ratio,RER
C123568,Respiratory Exchange Ratio,RER
C49678,Respiratory Rate,RESP;RESPRATE
C49678,Respiratory Rate,RESP;RESPRATE
C49678,Respiratory Rate,RESP;RESPRATE
C198356,Respiratory System Examination,REEXAM
C198356,Respiratory System Examination,REEXAM
C45233,Respiratory System Finding,Respiratory;RESPIRATORY SYSTEM;Respiratory Finding
C94535,Response in Non-Target Lesion,NTRGRESP;Non-Target Response
C94535,Response in Non-Target Lesion,NTRGRESP;Non-Target Response
C94535,Response in Non-Target Lesion,NTRGRESP;Non-Target Response
C94535,Response in Non-Target Lesion,NTRGRESP;Non-Target Response
C94535,Response in Non-Target Lesion,NTRGRESP;Non-Target Response
C94534,Response in Target Lesion,TRGRESP;Target Response
C94534,Response in Target Lesion,TRGRESP;Target Response
C94534,Response in Target Lesion,TRGRESP;Target Response
C94534,Response in Target Lesion,TRGRESP;Target Response
C94534,Response in Target Lesion,TRGRESP;Target Response
C126071,Resubmission Letter,RESUBLTR
C126071,Resubmission Letter,RESUBLTR
C126071,Resubmission Letter,RESUBLTR
C127777,Retained Biospecimen Contains DNA Indicator,Biospecimen Retention Contains DNA Ind;BRDNAIND
C127777,Retained Biospecimen Contains DNA Indicator,Biospecimen Retention Contains DNA Ind;BRDNAIND
C127777,Retained Biospecimen Contains DNA Indicator,Biospecimen Retention Contains DNA Ind;BRDNAIND
C127777,Retained Biospecimen Contains DNA Indicator,Biospecimen Retention Contains DNA Ind;BRDNAIND
C127777,Retained Biospecimen Contains DNA Indicator,Biospecimen Retention Contains DNA Ind;BRDNAIND
C127777,Retained Biospecimen Contains DNA Indicator,Biospecimen Retention Contains DNA Ind;BRDNAIND
C126072,Retained Biospecimen Description,RTSPCDES
C126072,Retained Biospecimen Description,RTSPCDES
C126072,Retained Biospecimen Description,RTSPCDES
C111307,Rhythm Not Otherwise Specified ECG Assessment,RHYNOS;Rhythm Not Otherwise Specified
C111307,Rhythm Not Otherwise Specified ECG Assessment,RHYNOS;Rhythm Not Otherwise Specified
C111307,Rhythm Not Otherwise Specified ECG Assessment,RHYNOS;Rhythm Not Otherwise Specified
C111307,Rhythm Not Otherwise Specified ECG Assessment,RHYNOS;Rhythm Not Otherwise Specified
C111307,Rhythm Not Otherwise Specified ECG Assessment,RHYNOS;Rhythm Not Otherwise Specified
C111307,Rhythm Not Otherwise Specified ECG Assessment,RHYNOS;Rhythm Not Otherwise Specified
C111307,Rhythm Not Otherwise Specified ECG Assessment,RHYNOS;Rhythm Not Otherwise Specified
C38114,Route of Administration,route of administration (ROA);ROUTE;ROUTE OF ADMINISTRATION;Drug Route of Administration;Route of Drug Administration;Drug Administration Method
C38114,Route of Administration,route of administration (ROA);ROUTE;ROUTE OF ADMINISTRATION;Drug Route of Administration;Route of Drug Administration;Drug Administration Method
C38114,Route of Administration,route of administration (ROA);ROUTE;ROUTE OF ADMINISTRATION;Drug Route of Administration;Route of Drug Administration;Drug Administration Method
C38114,Route of Administration,route of administration (ROA);ROUTE;ROUTE OF ADMINISTRATION;Drug Route of Administration;Route of Drug Administration;Drug Administration Method
C38114,Route of Administration,route of administration (ROA);ROUTE;ROUTE OF ADMINISTRATION;Drug Route of Administration;Route of Drug Administration;Drug Administration Method
C38114,Route of Administration,route of administration (ROA);ROUTE;ROUTE OF ADMINISTRATION;Drug Route of Administration;Route of Drug Administration;Drug Administration Method
C191153,Rutgeerts Score - Rutgeerts Score,RUTG01-Rutgeerts Score;RUTG0101;Rutgeerts Score - Rutgeerts Score
C191153,Rutgeerts Score - Rutgeerts Score,RUTG01-Rutgeerts Score;RUTG0101;Rutgeerts Score - Rutgeerts Score
C191153,Rutgeerts Score - Rutgeerts Score,RUTG01-Rutgeerts Score;RUTG0101;Rutgeerts Score - Rutgeerts Score
C191153,Rutgeerts Score - Rutgeerts Score,RUTG01-Rutgeerts Score;RUTG0101;Rutgeerts Score - Rutgeerts Score
C190946,Rutgeerts Score Clinical Classification Question,Rutgeerts Score Clinical Classification;RUTGEERTS SCORE;RUTG01
C171531,SARS-CoV-2 RNA Measurement,SAR2RNA;SARS-CoV-2 RNA
C171531,SARS-CoV-2 RNA Measurement,SAR2RNA;SARS-CoV-2 RNA
C171531,SARS-CoV-2 RNA Measurement,SAR2RNA;SARS-CoV-2 RNA
C171531,SARS-CoV-2 RNA Measurement,SAR2RNA;SARS-CoV-2 RNA
C171531,SARS-CoV-2 RNA Measurement,SAR2RNA;SARS-CoV-2 RNA
C171531,SARS-CoV-2 RNA Measurement,SAR2RNA;SARS-CoV-2 RNA
C171531,SARS-CoV-2 RNA Measurement,SAR2RNA;SARS-CoV-2 RNA
C171531,SARS-CoV-2 RNA Measurement,SAR2RNA;SARS-CoV-2 RNA
C189317,SDTM Implementation Guide Medical Device Version,SDTM IG Medical Device Version;SDTMDVER;SDTMIG Medical Device Version;SDTMIG-MD Version
C189317,SDTM Implementation Guide Medical Device Version,SDTM IG Medical Device Version;SDTMDVER;SDTMIG Medical Device Version;SDTMIG-MD Version
C189317,SDTM Implementation Guide Medical Device Version,SDTM IG Medical Device Version;SDTMDVER;SDTMIG Medical Device Version;SDTMIG-MD Version
C189317,SDTM Implementation Guide Medical Device Version,SDTM IG Medical Device Version;SDTMDVER;SDTMIG Medical Device Version;SDTMIG-MD Version
C189317,SDTM Implementation Guide Medical Device Version,SDTM IG Medical Device Version;SDTMDVER;SDTMIG Medical Device Version;SDTMIG-MD Version
C189317,SDTM Implementation Guide Medical Device Version,SDTM IG Medical Device Version;SDTMDVER;SDTMIG Medical Device Version;SDTMIG-MD Version
C111363,"ST Segment, T wave, and U wave ECG Assessment","STSTWUW;ST Segment, T wave, and U wave"
C111363,"ST Segment, T wave, and U wave ECG Assessment","STSTWUW;ST Segment, T wave, and U wave"
C111363,"ST Segment, T wave, and U wave ECG Assessment","STSTWUW;ST Segment, T wave, and U wave"
C111363,"ST Segment, T wave, and U wave ECG Assessment","STSTWUW;ST Segment, T wave, and U wave"
C111363,"ST Segment, T wave, and U wave ECG Assessment","STSTWUW;ST Segment, T wave, and U wave"
C111363,"ST Segment, T wave, and U wave ECG Assessment","STSTWUW;ST Segment, T wave, and U wave"
C111363,"ST Segment, T wave, and U wave ECG Assessment","STSTWUW;ST Segment, T wave, and U wave"
C126073,SUSAR Reporting to EudraVigiliance Clinical Trial Module Indicator,SREVIND;SUSAR Reporting to EVCTM Indicator
C126073,SUSAR Reporting to EudraVigiliance Clinical Trial Module Indicator,SREVIND;SUSAR Reporting to EVCTM Indicator
C126073,SUSAR Reporting to EudraVigiliance Clinical Trial Module Indicator,SREVIND;SUSAR Reporting to EVCTM Indicator
C126073,SUSAR Reporting to EudraVigiliance Clinical Trial Module Indicator,SREVIND;SUSAR Reporting to EVCTM Indicator
C126073,SUSAR Reporting to EudraVigiliance Clinical Trial Module Indicator,SREVIND;SUSAR Reporting to EVCTM Indicator
C126073,SUSAR Reporting to EudraVigiliance Clinical Trial Module Indicator,SREVIND;SUSAR Reporting to EVCTM Indicator
C126074,SUSAR Reporting to National Competent Authority Indicator,SRNCAIND;SUSAR Reporting to NCA Indicator
C126074,SUSAR Reporting to National Competent Authority Indicator,SRNCAIND;SUSAR Reporting to NCA Indicator
C126074,SUSAR Reporting to National Competent Authority Indicator,SRNCAIND;SUSAR Reporting to NCA Indicator
C126074,SUSAR Reporting to National Competent Authority Indicator,SRNCAIND;SUSAR Reporting to NCA Indicator
C126074,SUSAR Reporting to National Competent Authority Indicator,SRNCAIND;SUSAR Reporting to NCA Indicator
C126074,SUSAR Reporting to National Competent Authority Indicator,SRNCAIND;SUSAR Reporting to NCA Indicator
C87054,Sagittal Abdominal Diameter,SAD
C87054,Sagittal Abdominal Diameter,SAD
C87054,Sagittal Abdominal Diameter,SAD
C139256,Salazar-Knowles Equation Parameter A,SALKA
C139256,Salazar-Knowles Equation Parameter A,SALKA
C139257,Salazar-Knowles Equation Parameter B,SALKB
C139257,Salazar-Knowles Equation Parameter B,SALKB
C139258,"Salazar-Knowles Equation, K Parameter","Salazar-Knowles Equation, K;SALKK"
C139258,"Salazar-Knowles Equation, K Parameter","Salazar-Knowles Equation, K;SALKK"
C71492,Sampling Method,Sampling Design;Sampling Technique
C204693,Second Ventilatory Threshold,Anaerobic Threshold;Lactate Threshold;Respiratory Compensation Threshold;Ventilatory Threshold 2;VT2
C204693,Second Ventilatory Threshold,Anaerobic Threshold;Lactate Threshold;Respiratory Compensation Threshold;Ventilatory Threshold 2;VT2
C204693,Second Ventilatory Threshold,Anaerobic Threshold;Lactate Threshold;Respiratory Compensation Threshold;Ventilatory Threshold 2;VT2
C116142,Secondary Cause of Death,SECDTH
C116142,Secondary Cause of Death,SECDTH
C132460,Secondary Language Spoken,LNGSPS;Secondary Language Spoken
C132460,Secondary Language Spoken,LNGSPS;Secondary Language Spoken
C132460,Secondary Language Spoken,LNGSPS;Secondary Language Spoken
C98781,Secondary Outcome Measure,OUTMSSEC;SECONDARY OUTCOME MEASURE
C98781,Secondary Outcome Measure,OUTMSSEC;SECONDARY OUTCOME MEASURE
C98781,Secondary Outcome Measure,OUTMSSEC;SECONDARY OUTCOME MEASURE
C81997,Segmented Neutrophil Count,Segmented Neutrophils;NEUTSG
C81997,Segmented Neutrophil Count,Segmented Neutrophils;NEUTSG
C81997,Segmented Neutrophil Count,Segmented Neutrophils;NEUTSG
C81997,Segmented Neutrophil Count,Segmented Neutrophils;NEUTSG
C81997,Segmented Neutrophil Count,Segmented Neutrophils;NEUTSG
C82045,Segmented Neutrophil to Leukocyte Ratio Measurement,Segmented Neutrophils/Leukocytes;NEUTSGLE
C82045,Segmented Neutrophil to Leukocyte Ratio Measurement,Segmented Neutrophils/Leukocytes;NEUTSGLE
C82045,Segmented Neutrophil to Leukocyte Ratio Measurement,Segmented Neutrophils/Leukocytes;NEUTSGLE
C82045,Segmented Neutrophil to Leukocyte Ratio Measurement,Segmented Neutrophils/Leukocytes;NEUTSGLE
C82045,Segmented Neutrophil to Leukocyte Ratio Measurement,Segmented Neutrophils/Leukocytes;NEUTSGLE
C15667,Sentinel Lymph Node Biopsy,SLNB;SNB;Sentinel Node Biopsy;Sentinel node biopsy alone
C15667,Sentinel Lymph Node Biopsy,SLNB;SNB;Sentinel Node Biopsy;Sentinel node biopsy alone
C15667,Sentinel Lymph Node Biopsy,SLNB;SNB;Sentinel Node Biopsy;Sentinel node biopsy alone
C15667,Sentinel Lymph Node Biopsy,SLNB;SNB;Sentinel Node Biopsy;Sentinel node biopsy alone
C15667,Sentinel Lymph Node Biopsy,SLNB;SNB;Sentinel Node Biopsy;Sentinel node biopsy alone
C15667,Sentinel Lymph Node Biopsy,SLNB;SNB;Sentinel Node Biopsy;Sentinel node biopsy alone
C15667,Sentinel Lymph Node Biopsy,SLNB;SNB;Sentinel Node Biopsy;Sentinel node biopsy alone
C15667,Sentinel Lymph Node Biopsy,SLNB;SNB;Sentinel Node Biopsy;Sentinel node biopsy alone
C15667,Sentinel Lymph Node Biopsy,SLNB;SNB;Sentinel Node Biopsy;Sentinel node biopsy alone
C15667,Sentinel Lymph Node Biopsy,SLNB;SNB;Sentinel Node Biopsy;Sentinel node biopsy alone
C15667,Sentinel Lymph Node Biopsy,SLNB;SNB;Sentinel Node Biopsy;Sentinel node biopsy alone
C189439,Sequence Rearrangement,SEQREAR
C189439,Sequence Rearrangement,SEQREAR
C189439,Sequence Rearrangement,SEQREAR
C189439,Sequence Rearrangement,SEQREAR
C189439,Sequence Rearrangement,SEQREAR
C189439,Sequence Rearrangement,SEQREAR
C189439,Sequence Rearrangement,SEQREAR
C189439,Sequence Rearrangement,SEQREAR
C189439,Sequence Rearrangement,SEQREAR
C189439,Sequence Rearrangement,SEQREAR
C189439,Sequence Rearrangement,SEQREAR
C189439,Sequence Rearrangement,SEQREAR
C189439,Sequence Rearrangement,SEQREAR
C189439,Sequence Rearrangement,SEQREAR
C189439,Sequence Rearrangement,SEQREAR
C189439,Sequence Rearrangement,SEQREAR
C73495,Serum HCG Measurement,Serum Pregnancy Test;Serum Human Chorionic Gonadotropin;Serum HCG
C73495,Serum HCG Measurement,Serum Pregnancy Test;Serum Human Chorionic Gonadotropin;Serum HCG
C73495,Serum HCG Measurement,Serum Pregnancy Test;Serum Human Chorionic Gonadotropin;Serum HCG
C73495,Serum HCG Measurement,Serum Pregnancy Test;Serum Human Chorionic Gonadotropin;Serum HCG
C102708,Setting of Disease Contact,SETCON;Setting of Contact;Setting of Disease Contact
C102708,Setting of Disease Contact,SETCON;Setting of Contact;Setting of Disease Contact
C102708,Setting of Disease Contact,SETCON;Setting of Contact;Setting of Disease Contact
C171439,Severe Acute Respiratory Syndrome Coronavirus 2 Antibody Measurement,SARS-CoV-2 Antibody Detection;SARS-CoV-2 Antibody Test;COVID-19 Antibody Test;COVID-19 Antibody Detection;SAR2AB
C171439,Severe Acute Respiratory Syndrome Coronavirus 2 Antibody Measurement,SARS-CoV-2 Antibody Detection;SARS-CoV-2 Antibody Test;COVID-19 Antibody Test;COVID-19 Antibody Detection;SAR2AB
C171439,Severe Acute Respiratory Syndrome Coronavirus 2 Antibody Measurement,SARS-CoV-2 Antibody Detection;SARS-CoV-2 Antibody Test;COVID-19 Antibody Test;COVID-19 Antibody Detection;SAR2AB
C171439,Severe Acute Respiratory Syndrome Coronavirus 2 Antibody Measurement,SARS-CoV-2 Antibody Detection;SARS-CoV-2 Antibody Test;COVID-19 Antibody Test;COVID-19 Antibody Detection;SAR2AB
C171439,Severe Acute Respiratory Syndrome Coronavirus 2 Antibody Measurement,SARS-CoV-2 Antibody Detection;SARS-CoV-2 Antibody Test;COVID-19 Antibody Test;COVID-19 Antibody Detection;SAR2AB
C171532,Severe Acute Respiratory Syndrome Coronavirus 2 Measurement,SARSCOV2;SARS-CoV-2 Infection;COVID-19 Infection
C171532,Severe Acute Respiratory Syndrome Coronavirus 2 Measurement,SARSCOV2;SARS-CoV-2 Infection;COVID-19 Infection
C171532,Severe Acute Respiratory Syndrome Coronavirus 2 Measurement,SARSCOV2;SARS-CoV-2 Infection;COVID-19 Infection
C171532,Severe Acute Respiratory Syndrome Coronavirus 2 Measurement,SARSCOV2;SARS-CoV-2 Infection;COVID-19 Infection
C171532,Severe Acute Respiratory Syndrome Coronavirus 2 Measurement,SARSCOV2;SARS-CoV-2 Infection;COVID-19 Infection
C171532,Severe Acute Respiratory Syndrome Coronavirus 2 Measurement,SARSCOV2;SARS-CoV-2 Infection;COVID-19 Infection
C171532,Severe Acute Respiratory Syndrome Coronavirus 2 Measurement,SARSCOV2;SARS-CoV-2 Infection;COVID-19 Infection
C117962,Severity Criteria,SEVCRIT
C117962,Severity Criteria,SEVCRIT
C117962,Severity Criteria,SEVCRIT
C205472,Sex Assigned at Birth,SEXABRTH;Birth Sex;Sex Assigned at Birth
C205472,Sex Assigned at Birth,SEXABRTH;Birth Sex;Sex Assigned at Birth
C205472,Sex Assigned at Birth,SEXABRTH;Birth Sex;Sex Assigned at Birth
C209693,Sex Assigned for Clinical Purpose,SXCLUSE;Sex Assigned for Clinical Purpose;Sex for Clinical Use
C209693,Sex Assigned for Clinical Purpose,SXCLUSE;Sex Assigned for Clinical Purpose;Sex for Clinical Use
C209693,Sex Assigned for Clinical Purpose,SXCLUSE;Sex Assigned for Clinical Purpose;Sex for Clinical Use
C49696,Sex of Study Group,Sex of Participants;SEXPOP
C49696,Sex of Study Group,Sex of Participants;SEXPOP
C49696,Sex of Study Group,Sex of Participants;SEXPOP
C49696,Sex of Study Group,Sex of Participants;SEXPOP
C49696,Sex of Study Group,Sex of Participants;SEXPOP
C49696,Sex of Study Group,Sex of Participants;SEXPOP
C84361,Sexual Orientation,SEXORIE;Sex Orientation;Sexual Orientation;Sexual Preference;Sexuality
C84361,Sexual Orientation,SEXORIE;Sex Orientation;Sexual Orientation;Sexual Preference;Sexuality
C84361,Sexual Orientation,SEXORIE;Sex Orientation;Sexual Orientation;Sexual Preference;Sexuality
C128986,Sharp Genant Bone Erosion Score,SGBESCR;Sharp/Genant Bone Erosion Score
C128986,Sharp Genant Bone Erosion Score,SGBESCR;Sharp/Genant Bone Erosion Score
C128986,Sharp Genant Bone Erosion Score,SGBESCR;Sharp/Genant Bone Erosion Score
C128986,Sharp Genant Bone Erosion Score,SGBESCR;Sharp/Genant Bone Erosion Score
C128986,Sharp Genant Bone Erosion Score,SGBESCR;Sharp/Genant Bone Erosion Score
C128986,Sharp Genant Bone Erosion Score,SGBESCR;Sharp/Genant Bone Erosion Score
C128987,Sharp Genant Joint Space Narrowing Score,SGJSNSCR;Sharp/Genant JSN Score
C128987,Sharp Genant Joint Space Narrowing Score,SGJSNSCR;Sharp/Genant JSN Score
C128987,Sharp Genant Joint Space Narrowing Score,SGJSNSCR;Sharp/Genant JSN Score
C128987,Sharp Genant Joint Space Narrowing Score,SGJSNSCR;Sharp/Genant JSN Score
C128987,Sharp Genant Joint Space Narrowing Score,SGJSNSCR;Sharp/Genant JSN Score
C128987,Sharp Genant Joint Space Narrowing Score,SGJSNSCR;Sharp/Genant JSN Score
C128987,Sharp Genant Joint Space Narrowing Score,SGJSNSCR;Sharp/Genant JSN Score
C128987,Sharp Genant Joint Space Narrowing Score,SGJSNSCR;Sharp/Genant JSN Score
C128988,Sharp van der Heijde Bone Erosion Score,SVBESCR;Sharp/Van der Heijde Bone Erosion Score
C128988,Sharp van der Heijde Bone Erosion Score,SVBESCR;Sharp/Van der Heijde Bone Erosion Score
C128988,Sharp van der Heijde Bone Erosion Score,SVBESCR;Sharp/Van der Heijde Bone Erosion Score
C128988,Sharp van der Heijde Bone Erosion Score,SVBESCR;Sharp/Van der Heijde Bone Erosion Score
C128988,Sharp van der Heijde Bone Erosion Score,SVBESCR;Sharp/Van der Heijde Bone Erosion Score
C128988,Sharp van der Heijde Bone Erosion Score,SVBESCR;Sharp/Van der Heijde Bone Erosion Score
C128989,Sharp van der Heijde Joint Space Narrowing Score,SVJSNSCR;Sharp/Van der Heijde JSN Score
C128989,Sharp van der Heijde Joint Space Narrowing Score,SVJSNSCR;Sharp/Van der Heijde JSN Score
C128989,Sharp van der Heijde Joint Space Narrowing Score,SVJSNSCR;Sharp/Van der Heijde JSN Score
C128989,Sharp van der Heijde Joint Space Narrowing Score,SVJSNSCR;Sharp/Van der Heijde JSN Score
C128989,Sharp van der Heijde Joint Space Narrowing Score,SVJSNSCR;Sharp/Van der Heijde JSN Score
C128989,Sharp van der Heijde Joint Space Narrowing Score,SVJSNSCR;Sharp/Van der Heijde JSN Score
C181334,Short Variation Assessment,SHRTVAR;Short Variation
C181334,Short Variation Assessment,SHRTVAR;Short Variation
C181334,Short Variation Assessment,SHRTVAR;Short Variation
C181334,Short Variation Assessment,SHRTVAR;Short Variation
C181334,Short Variation Assessment,SHRTVAR;Short Variation
C181334,Short Variation Assessment,SHRTVAR;Short Variation
C181334,Short Variation Assessment,SHRTVAR;Short Variation
C181334,Short Variation Assessment,SHRTVAR;Short Variation
C181334,Short Variation Assessment,SHRTVAR;Short Variation
C181334,Short Variation Assessment,SHRTVAR;Short Variation
C181334,Short Variation Assessment,SHRTVAR;Short Variation
C181334,Short Variation Assessment,SHRTVAR;Short Variation
C181334,Short Variation Assessment,SHRTVAR;Short Variation
C181334,Short Variation Assessment,SHRTVAR;Short Variation
C181334,Short Variation Assessment,SHRTVAR;Short Variation
C117776,Single Beat P Wave Duration,"P Wave Duration, Single Beat;Single Beat P Wave Duration;PWDURSB"
C117776,Single Beat P Wave Duration,"P Wave Duration, Single Beat;Single Beat P Wave Duration;PWDURSB"
C117776,Single Beat P Wave Duration,"P Wave Duration, Single Beat;Single Beat P Wave Duration;PWDURSB"
C117776,Single Beat P Wave Duration,"P Wave Duration, Single Beat;Single Beat P Wave Duration;PWDURSB"
C117776,Single Beat P Wave Duration,"P Wave Duration, Single Beat;Single Beat P Wave Duration;PWDURSB"
C117776,Single Beat P Wave Duration,"P Wave Duration, Single Beat;Single Beat P Wave Duration;PWDURSB"
C117776,Single Beat P Wave Duration,"P Wave Duration, Single Beat;Single Beat P Wave Duration;PWDURSB"
C117776,Single Beat P Wave Duration,"P Wave Duration, Single Beat;Single Beat P Wave Duration;PWDURSB"
C117776,Single Beat P Wave Duration,"P Wave Duration, Single Beat;Single Beat P Wave Duration;PWDURSB"
C117774,Single Beat PR Interval,"Single Beat PR Interval;PQ Interval, Single Beat;PQSB;PR Interval, Single Beat;PR Interval, Single Beat;PRSB"
C117774,Single Beat PR Interval,"Single Beat PR Interval;PQ Interval, Single Beat;PQSB;PR Interval, Single Beat;PR Interval, Single Beat;PRSB"
C117774,Single Beat PR Interval,"Single Beat PR Interval;PQ Interval, Single Beat;PQSB;PR Interval, Single Beat;PR Interval, Single Beat;PRSB"
C117774,Single Beat PR Interval,"Single Beat PR Interval;PQ Interval, Single Beat;PQSB;PR Interval, Single Beat;PR Interval, Single Beat;PRSB"
C117774,Single Beat PR Interval,"Single Beat PR Interval;PQ Interval, Single Beat;PQSB;PR Interval, Single Beat;PR Interval, Single Beat;PRSB"
C117774,Single Beat PR Interval,"Single Beat PR Interval;PQ Interval, Single Beat;PQSB;PR Interval, Single Beat;PR Interval, Single Beat;PRSB"
C117774,Single Beat PR Interval,"Single Beat PR Interval;PQ Interval, Single Beat;PQSB;PR Interval, Single Beat;PR Interval, Single Beat;PRSB"
C117774,Single Beat PR Interval,"Single Beat PR Interval;PQ Interval, Single Beat;PQSB;PR Interval, Single Beat;PR Interval, Single Beat;PRSB"
C117774,Single Beat PR Interval,"Single Beat PR Interval;PQ Interval, Single Beat;PQSB;PR Interval, Single Beat;PR Interval, Single Beat;PRSB"
C117780,Single Beat QRS Duration,"QRS Duration, Single Beat;Single Beat QRS Duration;QRSSB"
C117780,Single Beat QRS Duration,"QRS Duration, Single Beat;Single Beat QRS Duration;QRSSB"
C117780,Single Beat QRS Duration,"QRS Duration, Single Beat;Single Beat QRS Duration;QRSSB"
C117780,Single Beat QRS Duration,"QRS Duration, Single Beat;Single Beat QRS Duration;QRSSB"
C117780,Single Beat QRS Duration,"QRS Duration, Single Beat;Single Beat QRS Duration;QRSSB"
C117780,Single Beat QRS Duration,"QRS Duration, Single Beat;Single Beat QRS Duration;QRSSB"
C117780,Single Beat QRS Duration,"QRS Duration, Single Beat;Single Beat QRS Duration;QRSSB"
C117780,Single Beat QRS Duration,"QRS Duration, Single Beat;Single Beat QRS Duration;QRSSB"
C117780,Single Beat QRS Duration,"QRS Duration, Single Beat;Single Beat QRS Duration;QRSSB"
C117788,Single Beat QT Interval,"QT Interval, Single Beat;Single Beat QT Interval;QTSB"
C117788,Single Beat QT Interval,"QT Interval, Single Beat;Single Beat QT Interval;QTSB"
C117788,Single Beat QT Interval,"QT Interval, Single Beat;Single Beat QT Interval;QTSB"
C117788,Single Beat QT Interval,"QT Interval, Single Beat;Single Beat QT Interval;QTSB"
C117788,Single Beat QT Interval,"QT Interval, Single Beat;Single Beat QT Interval;QTSB"
C117788,Single Beat QT Interval,"QT Interval, Single Beat;Single Beat QT Interval;QTSB"
C117788,Single Beat QT Interval,"QT Interval, Single Beat;Single Beat QT Interval;QTSB"
C117788,Single Beat QT Interval,"QT Interval, Single Beat;Single Beat QT Interval;QTSB"
C117788,Single Beat QT Interval,"QT Interval, Single Beat;Single Beat QT Interval;QTSB"
C117785,Single Beat QTCB Interval,"QTcB Interval, Single Beat;Single Beat QTCB Interval;QTCBSB"
C117785,Single Beat QTCB Interval,"QTcB Interval, Single Beat;Single Beat QTCB Interval;QTCBSB"
C117785,Single Beat QTCB Interval,"QTcB Interval, Single Beat;Single Beat QTCB Interval;QTCBSB"
C117785,Single Beat QTCB Interval,"QTcB Interval, Single Beat;Single Beat QTCB Interval;QTCBSB"
C117785,Single Beat QTCB Interval,"QTcB Interval, Single Beat;Single Beat QTCB Interval;QTCBSB"
C117785,Single Beat QTCB Interval,"QTcB Interval, Single Beat;Single Beat QTCB Interval;QTCBSB"
C117785,Single Beat QTCB Interval,"QTcB Interval, Single Beat;Single Beat QTCB Interval;QTCBSB"
C117785,Single Beat QTCB Interval,"QTcB Interval, Single Beat;Single Beat QTCB Interval;QTCBSB"
C117785,Single Beat QTCB Interval,"QTcB Interval, Single Beat;Single Beat QTCB Interval;QTCBSB"
C117787,Single Beat QTCF Interval,"QTcF Interval, Single Beat;QTCFSB;Single Beat QTCF Interval"
C117787,Single Beat QTCF Interval,"QTcF Interval, Single Beat;QTCFSB;Single Beat QTCF Interval"
C117787,Single Beat QTCF Interval,"QTcF Interval, Single Beat;QTCFSB;Single Beat QTCF Interval"
C117787,Single Beat QTCF Interval,"QTcF Interval, Single Beat;QTCFSB;Single Beat QTCF Interval"
C117787,Single Beat QTCF Interval,"QTcF Interval, Single Beat;QTCFSB;Single Beat QTCF Interval"
C117787,Single Beat QTCF Interval,"QTcF Interval, Single Beat;QTCFSB;Single Beat QTCF Interval"
C117787,Single Beat QTCF Interval,"QTcF Interval, Single Beat;QTCFSB;Single Beat QTCF Interval"
C117787,Single Beat QTCF Interval,"QTcF Interval, Single Beat;QTCFSB;Single Beat QTCF Interval"
C117787,Single Beat QTCF Interval,"QTcF Interval, Single Beat;QTCFSB;Single Beat QTCF Interval"
C117772,Single Measurement PP Interval,"PP Interval, Single Measurement;Single Measurement PP Interval;PPSM"
C117772,Single Measurement PP Interval,"PP Interval, Single Measurement;Single Measurement PP Interval;PPSM"
C117772,Single Measurement PP Interval,"PP Interval, Single Measurement;Single Measurement PP Interval;PPSM"
C117772,Single Measurement PP Interval,"PP Interval, Single Measurement;Single Measurement PP Interval;PPSM"
C117772,Single Measurement PP Interval,"PP Interval, Single Measurement;Single Measurement PP Interval;PPSM"
C117772,Single Measurement PP Interval,"PP Interval, Single Measurement;Single Measurement PP Interval;PPSM"
C117772,Single Measurement PP Interval,"PP Interval, Single Measurement;Single Measurement PP Interval;PPSM"
C117772,Single Measurement PP Interval,"PP Interval, Single Measurement;Single Measurement PP Interval;PPSM"
C117772,Single Measurement PP Interval,"PP Interval, Single Measurement;Single Measurement PP Interval;PPSM"
C181331,Single Nucleotide Variation Assessment,SNV;Single Nucleotide Variation
C181331,Single Nucleotide Variation Assessment,SNV;Single Nucleotide Variation
C181331,Single Nucleotide Variation Assessment,SNV;Single Nucleotide Variation
C181331,Single Nucleotide Variation Assessment,SNV;Single Nucleotide Variation
C181331,Single Nucleotide Variation Assessment,SNV;Single Nucleotide Variation
C181331,Single Nucleotide Variation Assessment,SNV;Single Nucleotide Variation
C181331,Single Nucleotide Variation Assessment,SNV;Single Nucleotide Variation
C181331,Single Nucleotide Variation Assessment,SNV;Single Nucleotide Variation
C181331,Single Nucleotide Variation Assessment,SNV;Single Nucleotide Variation
C181331,Single Nucleotide Variation Assessment,SNV;Single Nucleotide Variation
C181331,Single Nucleotide Variation Assessment,SNV;Single Nucleotide Variation
C181331,Single Nucleotide Variation Assessment,SNV;Single Nucleotide Variation
C181331,Single Nucleotide Variation Assessment,SNV;Single Nucleotide Variation
C181331,Single Nucleotide Variation Assessment,SNV;Single Nucleotide Variation
C181331,Single Nucleotide Variation Assessment,SNV;Single Nucleotide Variation
C181331,Single Nucleotide Variation Assessment,SNV;Single Nucleotide Variation
C181331,Single Nucleotide Variation Assessment,SNV;Single Nucleotide Variation
C181331,Single Nucleotide Variation Assessment,SNV;Single Nucleotide Variation
C181331,Single Nucleotide Variation Assessment,SNV;Single Nucleotide Variation
C181331,Single Nucleotide Variation Assessment,SNV;Single Nucleotide Variation
C127800,Single Site European Union State Trial Indicator,Single Site EU State Trial Indicator;SSEUTIND
C127800,Single Site European Union State Trial Indicator,Single Site EU State Trial Indicator;SSEUTIND
C127800,Single Site European Union State Trial Indicator,Single Site EU State Trial Indicator;SSEUTIND
C127800,Single Site European Union State Trial Indicator,Single Site EU State Trial Indicator;SSEUTIND
C127800,Single Site European Union State Trial Indicator,Single Site EU State Trial Indicator;SSEUTIND
C127800,Single Site European Union State Trial Indicator,Single Site EU State Trial Indicator;SSEUTIND
C111312,Sinus Node Rhythm and Arrhythmia ECG Assessment,SNRARRY;Sinus Node Rhythms and Arrhythmias
C111312,Sinus Node Rhythm and Arrhythmia ECG Assessment,SNRARRY;Sinus Node Rhythms and Arrhythmias
C111312,Sinus Node Rhythm and Arrhythmia ECG Assessment,SNRARRY;Sinus Node Rhythms and Arrhythmias
C111312,Sinus Node Rhythm and Arrhythmia ECG Assessment,SNRARRY;Sinus Node Rhythms and Arrhythmias
C111312,Sinus Node Rhythm and Arrhythmia ECG Assessment,SNRARRY;Sinus Node Rhythms and Arrhythmias
C111312,Sinus Node Rhythm and Arrhythmia ECG Assessment,SNRARRY;Sinus Node Rhythms and Arrhythmias
C111312,Sinus Node Rhythm and Arrhythmia ECG Assessment,SNRARRY;Sinus Node Rhythms and Arrhythmias
C178017,Skeletal Muscle Mass Measurement,SMMASS;Skeletal Muscle Mass
C178017,Skeletal Muscle Mass Measurement,SMMASS;Skeletal Muscle Mass
C178017,Skeletal Muscle Mass Measurement,SMMASS;Skeletal Muscle Mass
C178017,Skeletal Muscle Mass Measurement,SMMASS;Skeletal Muscle Mass
C178017,Skeletal Muscle Mass Measurement,SMMASS;Skeletal Muscle Mass
C178017,Skeletal Muscle Mass Measurement,SMMASS;Skeletal Muscle Mass
C154879,Skene's Gland Abnormality Indicator,SKGLAIND
C154879,Skene's Gland Abnormality Indicator,SKGLAIND
C77537,Skinfold Thickness Analysis,Skinfold Test
C111315,Slow Vital Capacity,SVC
C111315,Slow Vital Capacity,SVC
C111315,Slow Vital Capacity,SVC
C156662,Small for Gestational Age Indicator,SMGAIND;Small for Gestational Age Indicator
C156662,Small for Gestational Age Indicator,SMGAIND;Small for Gestational Age Indicator
C156662,Small for Gestational Age Indicator,SMGAIND;Small for Gestational Age Indicator
C102711,Social Risk Factor,RISKSOC;Social Risk Factor
C102711,Social Risk Factor,RISKSOC;Social Risk Factor
C102711,Social Risk Factor,RISKSOC;Social Risk Factor
C198364,Socioeconomic Class,SOCECCLS;Socioeconomic Class;Socioeconomic Classification
C198364,Socioeconomic Class,SOCECCLS;Socioeconomic Class;Socioeconomic Classification
C198364,Socioeconomic Class,SOCECCLS;Socioeconomic Class;Socioeconomic Classification
C17468,Socioeconomic Factors,Socioeconomic Status
C106568,Sodium Clearance Measurement,NACLR;Sodium Clearance
C106568,Sodium Clearance Measurement,NACLR;Sodium Clearance
C106568,Sodium Clearance Measurement,NACLR;Sodium Clearance
C106568,Sodium Clearance Measurement,NACLR;Sodium Clearance
C106568,Sodium Clearance Measurement,NACLR;Sodium Clearance
C106568,Sodium Clearance Measurement,NACLR;Sodium Clearance
C150823,Sodium Excretion Rate,SODMEXR
C150823,Sodium Excretion Rate,SODMEXR
C150823,Sodium Excretion Rate,SODMEXR
C150823,Sodium Excretion Rate,SODMEXR
C150823,Sodium Excretion Rate,SODMEXR
C150823,Sodium Excretion Rate,SODMEXR
C64809,Sodium Measurement,Sodium;NA
C64809,Sodium Measurement,Sodium;NA
C64809,Sodium Measurement,Sodium;NA
C64809,Sodium Measurement,Sodium;NA
C64809,Sodium Measurement,Sodium;NA
C179175,Solicited Adverse Event,Adverse Event
C179175,Solicited Adverse Event,Adverse Event
C179175,Solicited Adverse Event,Adverse Event
C179175,Solicited Adverse Event,Adverse Event
C179175,Solicited Adverse Event,Adverse Event
C179175,Solicited Adverse Event,Adverse Event
C179175,Solicited Adverse Event,Adverse Event
C179175,Solicited Adverse Event,Adverse Event
C179175,Solicited Adverse Event,Adverse Event
C179175,Solicited Adverse Event,Adverse Event
C179175,Solicited Adverse Event,Adverse Event
C179175,Solicited Adverse Event,Adverse Event
C179175,Solicited Adverse Event,Adverse Event
C179175,Solicited Adverse Event,Adverse Event
C179175,Solicited Adverse Event,Adverse Event
C179175,Solicited Adverse Event,Adverse Event
C179175,Solicited Adverse Event,Adverse Event
C179175,Solicited Adverse Event,Adverse Event
C179175,Solicited Adverse Event,Adverse Event
C179175,Solicited Adverse Event,Adverse Event
C179175,Solicited Adverse Event,Adverse Event
C179175,Solicited Adverse Event,Adverse Event
C179175,Solicited Adverse Event,Adverse Event
C179175,Solicited Adverse Event,Adverse Event
C179175,Solicited Adverse Event,Adverse Event
C179175,Solicited Adverse Event,Adverse Event
C179175,Solicited Adverse Event,Adverse Event
C179175,Solicited Adverse Event,Adverse Event
C179175,Solicited Adverse Event,Adverse Event
C179175,Solicited Adverse Event,Adverse Event
C200145,Solicited Medical History,Medical History;Medical History Collection
C200145,Solicited Medical History,Medical History;Medical History Collection
C200145,Solicited Medical History,Medical History;Medical History Collection
C200145,Solicited Medical History,Medical History;Medical History Collection
C200145,Solicited Medical History,Medical History;Medical History Collection
C200145,Solicited Medical History,Medical History;Medical History Collection
C200145,Solicited Medical History,Medical History;Medical History Collection
C200145,Solicited Medical History,Medical History;Medical History Collection
C200145,Solicited Medical History,Medical History;Medical History Collection
C200145,Solicited Medical History,Medical History;Medical History Collection
C200145,Solicited Medical History,Medical History;Medical History Collection
C200145,Solicited Medical History,Medical History;Medical History Collection
C200145,Solicited Medical History,Medical History;Medical History Collection
C200145,Solicited Medical History,Medical History;Medical History Collection
C200249,Soluble Interleukin-6 Receptor Subunit Alpha Measurement,sIL-6RA Measurement;sIL6RA Measurement;Soluble IL-6RA Measurement;Soluble IL6RA Measurement
C200249,Soluble Interleukin-6 Receptor Subunit Alpha Measurement,sIL-6RA Measurement;sIL6RA Measurement;Soluble IL-6RA Measurement;Soluble IL6RA Measurement
C200249,Soluble Interleukin-6 Receptor Subunit Alpha Measurement,sIL-6RA Measurement;sIL6RA Measurement;Soluble IL-6RA Measurement;Soluble IL6RA Measurement
C200249,Soluble Interleukin-6 Receptor Subunit Alpha Measurement,sIL-6RA Measurement;sIL6RA Measurement;Soluble IL-6RA Measurement;Soluble IL6RA Measurement
C122186,Specific Airway Conductance,SGAW;sGaw
C122186,Specific Airway Conductance,SGAW;sGaw
C123569,Specific Airway Resistance,SRAW;sRAW
C123569,Specific Airway Resistance,SRAW;sRAW
C123569,Specific Airway Resistance,SRAW;sRAW
C170618,Specific Airway Volume,SAWVOL
C170618,Specific Airway Volume,SAWVOL
C170618,Specific Airway Volume,SAWVOL
C64832,Specific Gravity,SPGRAV
C64832,Specific Gravity,SPGRAV
C64832,Specific Gravity,SPGRAV
C64832,Specific Gravity,SPGRAV
C128947,Specimen Isolation,Isolating;Isolated
C128947,Specimen Isolation,Isolating;Isolated
C128947,Specimen Isolation,Isolating;Isolated
C128947,Specimen Isolation,Isolating;Isolated
C128947,Specimen Isolation,Isolating;Isolated
C128947,Specimen Isolation,Isolating;Isolated
C48355,Sponsor,Applicant
C127789,Sponsor Commercial Status,CMSPSTAT;Commercial Sponsor Status
C127789,Sponsor Commercial Status,CMSPSTAT;Commercial Sponsor Status
C127789,Sponsor Commercial Status,CMSPSTAT;Commercial Sponsor Status
C127789,Sponsor Commercial Status,CMSPSTAT;Commercial Sponsor Status
C127789,Sponsor Commercial Status,CMSPSTAT;Commercial Sponsor Status
C127789,Sponsor Commercial Status,CMSPSTAT;Commercial Sponsor Status
C135009,Sponsor Study Reference Identifier,Sponsor's Study Reference ID;SPREFID
C135009,Sponsor Study Reference Identifier,Sponsor's Study Reference ID;SPREFID
C135009,Sponsor Study Reference Identifier,Sponsor's Study Reference ID;SPREFID
C98783,Stable Disease Minimum Duration,SDMDUR
C98783,Stable Disease Minimum Duration,SDMDUR
C98783,Stable Disease Minimum Duration,SDMDUR
C98783,Stable Disease Minimum Duration,SDMDUR
C68616,Start Date,STDAT;Start;Starting Date
C209447,State-Specific Health Insurance Program Name,SSHIPNAM;State-Specific Health Ins Program Name;State-Specific Health Insurance Program Name
C209447,State-Specific Health Insurance Program Name,SSHIPNAM;State-Specific Health Ins Program Name;State-Specific Health Insurance Program Name
C209447,State-Specific Health Insurance Program Name,SSHIPNAM;State-Specific Health Ins Program Name;State-Specific Health Insurance Program Name
C209691,State-Specific Medicaid Program Name,SSMCDNAM;State-Specific Medicaid Program Name
C209691,State-Specific Medicaid Program Name,SSMCDNAM;State-Specific Medicaid Program Name
C209691,State-Specific Medicaid Program Name,SSMCDNAM;State-Specific Medicaid Program Name
C209692,State-Specific Medicare Program Name,SSMCRNAM;State-Specific Medicare Program Name
C209692,State-Specific Medicare Program Name,SSMCRNAM;State-Specific Medicare Program Name
C209692,State-Specific Medicare Program Name,SSMCRNAM;State-Specific Medicare Program Name
C135483,Steroid Use Status,STRUSTAT
C135483,Steroid Use Status,STRUSTAT
C135483,Steroid Use Status,STRUSTAT
C135483,Steroid Use Status,STRUSTAT
C135483,Steroid Use Status,STRUSTAT
C122194,Stillbirth Indicator,STILBIND
C122194,Stillbirth Indicator,STILBIND
C16153,Stratification Factors,STRATFCT;Stratification Factor
C16153,Stratification Factors,STRATFCT;Stratification Factor
C16153,Stratification Factors,STRATFCT;Stratification Factor
C119579,Stroke Type,STROKTYP
C119579,Stroke Type,STROKTYP
C119579,Stroke Type,STROKTYP
C119579,Stroke Type,STROKTYP
C119579,Stroke Type,STROKTYP
C119579,Stroke Type,STROKTYP
C147485,Student Indicator,STDNTIND;Student Indicator
C147485,Student Indicator,STDNTIND;Student Indicator
C147485,Student Indicator,STDNTIND;Student Indicator
C176375,Study Contact E-mail Address,CONEMAIL;Contact E-Mail Address
C176375,Study Contact E-mail Address,CONEMAIL;Contact E-Mail Address
C176375,Study Contact E-mail Address,CONEMAIL;Contact E-Mail Address
C176373,Study Contact Name,CONNAME;Contact Name
C176373,Study Contact Name,CONNAME;Contact Name
C176373,Study Contact Name,CONNAME;Contact Name
C176376,Study Contact Postal Address,CONMAIL;Contact Mailing Address;Study Contact Mailing Address
C176376,Study Contact Postal Address,CONMAIL;Contact Mailing Address;Study Contact Mailing Address
C176376,Study Contact Postal Address,CONMAIL;Contact Mailing Address;Study Contact Mailing Address
C176372,Study Contact Role,CONROLE;Contact Role
C176372,Study Contact Role,CONROLE;Contact Role
C176372,Study Contact Role,CONROLE;Contact Role
C176372,Study Contact Role,CONROLE;Contact Role
C176372,Study Contact Role,CONROLE;Contact Role
C176372,Study Contact Role,CONROLE;Contact Role
C176374,Study Contact Telephone Number,CONPHONE;Contact Phone Number
C176374,Study Contact Telephone Number,CONPHONE;Contact Phone Number
C176374,Study Contact Telephone Number,CONPHONE;Contact Phone Number
C156604,Study Data Tabulation Model Implementation Guide Version,SDTIGVER;SDTM IG Version;SDTM Implementation Guide Version;SDTMIG Version
C156604,Study Data Tabulation Model Implementation Guide Version,SDTIGVER;SDTM IG Version;SDTM Implementation Guide Version;SDTMIG Version
C156604,Study Data Tabulation Model Implementation Guide Version,SDTIGVER;SDTM IG Version;SDTM Implementation Guide Version;SDTMIG Version
C156604,Study Data Tabulation Model Implementation Guide Version,SDTIGVER;SDTM IG Version;SDTM Implementation Guide Version;SDTMIG Version
C156604,Study Data Tabulation Model Implementation Guide Version,SDTIGVER;SDTM IG Version;SDTM Implementation Guide Version;SDTMIG Version
C156604,Study Data Tabulation Model Implementation Guide Version,SDTIGVER;SDTM IG Version;SDTM Implementation Guide Version;SDTMIG Version
C156605,Study Data Tabulation Model Version,SDTM Version;SDTMVER
C156605,Study Data Tabulation Model Version,SDTM Version;SDTMVER
C156605,Study Data Tabulation Model Version,SDTM Version;SDTMVER
C156605,Study Data Tabulation Model Version,SDTM Version;SDTMVER
C156605,Study Data Tabulation Model Version,SDTM Version;SDTMVER
C156605,Study Data Tabulation Model Version,SDTM Version;SDTMVER
C15320,Study Design,Experiment Design;Experimental Design;Research Design
C70834,Study Population Description,Study Design Population Description;Description of Study Population
C177924,Study Product Administration,Exposure;Study Treatment Administration
C177924,Study Product Administration,Exposure;Study Treatment Administration
C177924,Study Product Administration,Exposure;Study Treatment Administration
C177924,Study Product Administration,Exposure;Study Treatment Administration
C177924,Study Product Administration,Exposure;Study Treatment Administration
C177924,Study Product Administration,Exposure;Study Treatment Administration
C177924,Study Product Administration,Exposure;Study Treatment Administration
C177924,Study Product Administration,Exposure;Study Treatment Administration
C177924,Study Product Administration,Exposure;Study Treatment Administration
C177924,Study Product Administration,Exposure;Study Treatment Administration
C177924,Study Product Administration,Exposure;Study Treatment Administration
C177924,Study Product Administration,Exposure;Study Treatment Administration
C177924,Study Product Administration,Exposure;Study Treatment Administration
C177924,Study Product Administration,Exposure;Study Treatment Administration
C177924,Study Product Administration,Exposure;Study Treatment Administration
C127801,Study Protocol Uniform Resource Locator,URL Related to Study;URLSTDY
C127801,Study Protocol Uniform Resource Locator,URL Related to Study;URLSTDY
C127801,Study Protocol Uniform Resource Locator,URL Related to Study;URLSTDY
C127802,Study Protocol Uniform Resource Locator Description,URL Related to Study Description;URLSTDYD
C127802,Study Protocol Uniform Resource Locator Description,URL Related to Study Description;URLSTDYD
C127802,Study Protocol Uniform Resource Locator Description,URL Related to Study Description;URLSTDYD
C127798,Study Saved as XML Indicator,Request for XML Copy of Study Indicator;RXMLCIND
C127798,Study Saved as XML Indicator,Request for XML Copy of Study Indicator;RXMLCIND
C127798,Study Saved as XML Indicator,Request for XML Copy of Study Indicator;RXMLCIND
C127798,Study Saved as XML Indicator,Request for XML Copy of Study Indicator;RXMLCIND
C127798,Study Saved as XML Indicator,Request for XML Copy of Study Indicator;RXMLCIND
C127798,Study Saved as XML Indicator,Request for XML Copy of Study Indicator;RXMLCIND
C186208,Study Site Transfer,Site Transfer;Study Subject Site Transfer
C186208,Study Site Transfer,Site Transfer;Study Subject Site Transfer
C186208,Study Site Transfer,Site Transfer;Study Subject Site Transfer
C186208,Study Site Transfer,Site Transfer;Study Subject Site Transfer
C186208,Study Site Transfer,Site Transfer;Study Subject Site Transfer
C69208,Study Start Date,study start date;SSTDTC;Study Date
C69208,Study Start Date,study start date;SSTDTC;Study Date
C69208,Study Start Date,study start date;SSTDTC;Study Date
C69208,Study Start Date,study start date;SSTDTC;Study Date
C49698,Study Stop Rule,STOPRULE;Study Stop Rules
C49698,Study Stop Rule,STOPRULE;Study Stop Rules
C49698,Study Stop Rule,STOPRULE;Study Stop Rules
C142175,Study Type,Study Type Classification;STYPE
C142175,Study Type,Study Type Classification;STYPE
C142175,Study Type,Study Type Classification;STYPE
C142175,Study Type,Study Type Classification;STYPE
C142175,Study Type,Study Type Classification;STYPE
C142175,Study Type,Study Type Classification;STYPE
C69260,Subject Age,Age
C69260,Subject Age,Age
C69260,Subject Age,Age
C189360,Subject Currently Breastfeeding a Child Indicator,SCBFCIND;Subj Currently Breastfeeding a Child Ind
C189360,Subject Currently Breastfeeding a Child Indicator,SCBFCIND;Subj Currently Breastfeeding a Child Ind
C114209,Subject is Randomized,Randomized
C114209,Subject is Randomized,Randomized
C114209,Subject is Randomized,Randomized
C114209,Subject is Randomized,Randomized
C114209,Subject is Randomized,Randomized
C98785,Subscapular Skinfold Thickness,SSSKNF
C98785,Subscapular Skinfold Thickness,SSSKNF
C98785,Subscapular Skinfold Thickness,SSSKNF
C219639,Substance Use Yes No Indicator,SUYN
C219639,Substance Use Yes No Indicator,SUYN
C126075,Substudy Details,SSTDYDTL
C126075,Substudy Details,SSTDYDTL
C126075,Substudy Details,SSTDYDTL
C126076,Substudy Planned Indicator,SSTDYIND
C126076,Substudy Planned Indicator,SSTDYIND
C126076,Substudy Planned Indicator,SSTDYIND
C126076,Substudy Planned Indicator,SSTDYIND
C126076,Substudy Planned Indicator,SSTDYIND
C126076,Substudy Planned Indicator,SSTDYIND
C174284,Sudden Death Indicator,SDTHIND
C174284,Sudden Death Indicator,SDTHIND
C111320,Supraventricular Arrhythmia ECG Assessment,SPRARRY;Supraventricular Arrhythmias
C111320,Supraventricular Arrhythmia ECG Assessment,SPRARRY;Supraventricular Arrhythmias
C111320,Supraventricular Arrhythmia ECG Assessment,SPRARRY;Supraventricular Arrhythmias
C111320,Supraventricular Arrhythmia ECG Assessment,SPRARRY;Supraventricular Arrhythmias
C111320,Supraventricular Arrhythmia ECG Assessment,SPRARRY;Supraventricular Arrhythmias
C111320,Supraventricular Arrhythmia ECG Assessment,SPRARRY;Supraventricular Arrhythmias
C111320,Supraventricular Arrhythmia ECG Assessment,SPRARRY;Supraventricular Arrhythmias
C111321,Supraventricular Tachyarrhythmia ECG Assessment,SPRTARRY;Supraventricular Tachyarrhythmias
C111321,Supraventricular Tachyarrhythmia ECG Assessment,SPRTARRY;Supraventricular Tachyarrhythmias
C111321,Supraventricular Tachyarrhythmia ECG Assessment,SPRTARRY;Supraventricular Tachyarrhythmias
C111321,Supraventricular Tachyarrhythmia ECG Assessment,SPRTARRY;Supraventricular Tachyarrhythmias
C111321,Supraventricular Tachyarrhythmia ECG Assessment,SPRTARRY;Supraventricular Tachyarrhythmias
C111321,Supraventricular Tachyarrhythmia ECG Assessment,SPRTARRY;Supraventricular Tachyarrhythmias
C111321,Supraventricular Tachyarrhythmia ECG Assessment,SPRTARRY;Supraventricular Tachyarrhythmias
C179824,Surgical Damage Indicator,SGDMGIND;Surgical Damage Indicator
C179824,Surgical Damage Indicator,SGDMGIND;Surgical Damage Indicator
C179824,Surgical Damage Indicator,SGDMGIND;Surgical Damage Indicator
C179824,Surgical Damage Indicator,SGDMGIND;Surgical Damage Indicator
C179824,Surgical Damage Indicator,SGDMGIND;Surgical Damage Indicator
C179824,Surgical Damage Indicator,SGDMGIND;Surgical Damage Indicator
C123560,Surgical Margins Status,Margin Status;SGMGSTAT
C123560,Surgical Margins Status,Margin Status;SGMGSTAT
C123560,Surgical Margins Status,Margin Status;SGMGSTAT
C123560,Surgical Margins Status,Margin Status;SGMGSTAT
C123560,Surgical Margins Status,Margin Status;SGMGSTAT
C123560,Surgical Margins Status,Margin Status;SGMGSTAT
C123560,Surgical Margins Status,Margin Status;SGMGSTAT
C123560,Surgical Margins Status,Margin Status;SGMGSTAT
C123560,Surgical Margins Status,Margin Status;SGMGSTAT
C123560,Surgical Margins Status,Margin Status;SGMGSTAT
C123560,Surgical Margins Status,Margin Status;SGMGSTAT
C15329,Surgical Procedure,Operation;Surgery;Procedure
C15329,Surgical Procedure,Operation;Surgery;Procedure
C15329,Surgical Procedure,Operation;Surgery;Procedure
C15329,Surgical Procedure,Operation;Surgery;Procedure
C15329,Surgical Procedure,Operation;Surgery;Procedure
C15329,Surgical Procedure,Operation;Surgery;Procedure
C15329,Surgical Procedure,Operation;Surgery;Procedure
C15329,Surgical Procedure,Operation;Surgery;Procedure
C15329,Surgical Procedure,Operation;Surgery;Procedure
C15329,Surgical Procedure,Operation;Surgery;Procedure
C15329,Surgical Procedure,Operation;Surgery;Procedure
C15329,Surgical Procedure,Operation;Surgery;Procedure
C127774,Swollen Indicator,SWLLIND
C127774,Swollen Indicator,SWLLIND
C127774,Swollen Indicator,SWLLIND
C127774,Swollen Indicator,SWLLIND
C127774,Swollen Indicator,SWLLIND
C4876,Symptom,Symptom
C4876,Symptom,Symptom
C4876,Symptom,Symptom
C119241,Symptom Indicator,SYMPINDC
C25298,Systolic Blood Pressure,SYSBP
C25298,Systolic Blood Pressure,SYSBP
C25298,Systolic Blood Pressure,SYSBP
C25298,Systolic Blood Pressure,SYSBP
C25298,Systolic Blood Pressure,SYSBP
C25298,Systolic Blood Pressure,SYSBP
C25298,Systolic Blood Pressure,SYSBP
C172608,Systolic Blood Pressure-for-Age Percentile,SBPAPCTL;Systolic BP-for-Age Percentile
C172608,Systolic Blood Pressure-for-Age Percentile,SBPAPCTL;Systolic BP-for-Age Percentile
C172607,Systolic Blood Pressure-for-Height Percentile,SBPHPCTL;Systolic BP-for-Height Percentile
C172607,Systolic Blood Pressure-for-Height Percentile,SBPHPCTL;Systolic BP-for-Height Percentile
C122157,T-Lymphocyte Count,T-Cell Lymphocytes;T-Cells;T-Lymphocytes
C122157,T-Lymphocyte Count,T-Cell Lymphocytes;T-Cells;T-Lymphocytes
C122157,T-Lymphocyte Count,T-Cell Lymphocytes;T-Cells;T-Lymphocytes
C122157,T-Lymphocyte Count,T-Cell Lymphocytes;T-Cells;T-Lymphocytes
C122157,T-Lymphocyte Count,T-Cell Lymphocytes;T-Cells;T-Lymphocytes
C124703,Tanner Scale Boy Version,TANN02;TANNER SCALE BOY;Tanner Scale Boy Version;Tanner Scale-Boy
C124703,Tanner Scale Boy Version,TANN02;TANNER SCALE BOY;Tanner Scale Boy Version;Tanner Scale-Boy
C124703,Tanner Scale Boy Version,TANN02;TANNER SCALE BOY;Tanner Scale Boy Version;Tanner Scale-Boy
C124703,Tanner Scale Boy Version,TANN02;TANNER SCALE BOY;Tanner Scale Boy Version;Tanner Scale-Boy
C124704,Tanner Scale Girl Version,TANN01;TANNER SCALE GIRL;Tanner Scale-Girl
C124704,Tanner Scale Girl Version,TANN01;TANNER SCALE GIRL;Tanner Scale-Girl
C124704,Tanner Scale Girl Version,TANN01;TANNER SCALE GIRL;Tanner Scale-Girl
C124704,Tanner Scale Girl Version,TANN01;TANNER SCALE GIRL;Tanner Scale-Girl
C124716,Tanner Scale-Boy - Genitalia Stages,TANN02-Genitalia Stages;TANN0201;Tanner Scale-Boy - Genitalia Stages
C124716,Tanner Scale-Boy - Genitalia Stages,TANN02-Genitalia Stages;TANN0201;Tanner Scale-Boy - Genitalia Stages
C124716,Tanner Scale-Boy - Genitalia Stages,TANN02-Genitalia Stages;TANN0201;Tanner Scale-Boy - Genitalia Stages
C124717,Tanner Scale-Boy - Pubic Hair Stages,TANN02-Pubic Hair Stages;TANN0202;Tanner Scale-Boy - Pubic Hair Stages
C124717,Tanner Scale-Boy - Pubic Hair Stages,TANN02-Pubic Hair Stages;TANN0202;Tanner Scale-Boy - Pubic Hair Stages
C124717,Tanner Scale-Boy - Pubic Hair Stages,TANN02-Pubic Hair Stages;TANN0202;Tanner Scale-Boy - Pubic Hair Stages
C124718,Tanner Scale-Girl - Breast Stages,TANN01-Breast Stages;TANN0101;Tanner Scale-Girl - Breast Stages
C124718,Tanner Scale-Girl - Breast Stages,TANN01-Breast Stages;TANN0101;Tanner Scale-Girl - Breast Stages
C124718,Tanner Scale-Girl - Breast Stages,TANN01-Breast Stages;TANN0101;Tanner Scale-Girl - Breast Stages
C124719,Tanner Scale-Girl - Pubic Hair Stages,TANN01-Pubic Hair Stages;TANN0102;Tanner Scale-Girl - Pubic Hair Stages
C124719,Tanner Scale-Girl - Pubic Hair Stages,TANN01-Pubic Hair Stages;TANN0102;Tanner Scale-Girl - Pubic Hair Stages
C124719,Tanner Scale-Girl - Pubic Hair Stages,TANN01-Pubic Hair Stages;TANN0102;Tanner Scale-Girl - Pubic Hair Stages
C178053,Target Indicator,TIND
C178053,Target Indicator,TIND
C178053,Target Indicator,TIND
C178053,Target Indicator,TIND
C40978,Telephone Number,Phone Number;Phone;Telephone
C127775,Tenderness Indicator,TNDRIND
C127775,Tenderness Indicator,TNDRIND
C127775,Tenderness Indicator,TNDRIND
C127775,Tenderness Indicator,TNDRIND
C176361,Term Pregnancy Category,TRMPGCAT
C176361,Term Pregnancy Category,TRMPGCAT
C82525,Test Occurrence,PERF;Test Occurrence
C82525,Test Occurrence,PERF;Test Occurrence
C49703,Test Product Added to Existing Treatment,Added on to Existing Treatments;ADDON
C49703,Test Product Added to Existing Treatment,Added on to Existing Treatments;ADDON
C49703,Test Product Added to Existing Treatment,Added on to Existing Treatments;ADDON
C49703,Test Product Added to Existing Treatment,Added on to Existing Treatments;ADDON
C49703,Test Product Added to Existing Treatment,Added on to Existing Treatments;ADDON
C49703,Test Product Added to Existing Treatment,Added on to Existing Treatments;ADDON
C158280,Thawed Specimen,Thawing;Thawed
C158280,Thawed Specimen,Thawing;Thawed
C158280,Thawed Specimen,Thawing;Thawed
C158280,Thawed Specimen,Thawing;Thawed
C158280,Thawed Specimen,Thawing;Thawed
C158280,Thawed Specimen,Thawing;Thawed
C189361,Thelarche Age,THLARAGE
C189361,Thelarche Age,THLARAGE
C189361,Thelarche Age,THLARAGE
C101302,Therapeutic Area,therapeutic area;Therapeutic Areas;THERAREA
C101302,Therapeutic Area,therapeutic area;Therapeutic Areas;THERAREA
C101302,Therapeutic Area,therapeutic area;Therapeutic Areas;THERAREA
C49236,Therapeutic Procedure,Treatment;therapy;treatment;treatment or therapy;treatment_or_therapy;TREAT;any therapy;any_therapy;Therapeutic Interventions;Therapeutic Method;Therapeutic Technique;Therapy;TX;Therapeutic
C41145,Thickness,THICK
C41145,Thickness,THICK
C41145,Thickness,THICK
C124426,Thoracic Gas Volume,TGV
C124426,Thoracic Gas Volume,TGV
C124426,Thoracic Gas Volume,TGV
C64813,Thyrotropin Measurement,TSH;Thyrotropin
C64813,Thyrotropin Measurement,TSH;Thyrotropin
C64813,Thyrotropin Measurement,TSH;Thyrotropin
C64813,Thyrotropin Measurement,TSH;Thyrotropin
C64813,Thyrotropin Measurement,TSH;Thyrotropin
C191365,Tibial Length,TIBIAL
C191365,Tibial Length,TIBIAL
C191365,Tibial Length,TIBIAL
C111324,Tidal Volume,TIDALVOL;TV
C111324,Tidal Volume,TIDALVOL;TV
C111324,Tidal Volume,TIDALVOL;TV
C17201,Tissue Culture,Culturing;Cultured
C17201,Tissue Culture,Culturing;Cultured
C17201,Tissue Culture,Culturing;Cultured
C17201,Tissue Culture,Culturing;Cultured
C17201,Tissue Culture,Culturing;Cultured
C17201,Tissue Culture,Culturing;Cultured
C139260,Tissue Elastance,TSUELAS
C139260,Tissue Elastance,TSUELAS
C139260,Tissue Elastance,TSUELAS
C139261,Tissue Hysteresivity Measurement,Tissue Hysteresivity;TSUHYS
C139261,Tissue Hysteresivity Measurement,Tissue Hysteresivity;TSUHYS
C42774,Title,Document Title
C38037,Total Bilirubin Measurement,Bilirubin;Total Bilirubin Level
C38037,Total Bilirubin Measurement,Bilirubin;Total Bilirubin Level
C38037,Total Bilirubin Measurement,Bilirubin;Total Bilirubin Level
C38037,Total Bilirubin Measurement,Bilirubin;Total Bilirubin Level
C38037,Total Bilirubin Measurement,Bilirubin;Total Bilirubin Level
C139218,Total Body Fat to Total Body Mass Ratio Measurement,BODYFATP
C139218,Total Body Fat to Total Body Mass Ratio Measurement,BODYFATP
C139218,Total Body Fat to Total Body Mass Ratio Measurement,BODYFATP
C139218,Total Body Fat to Total Body Mass Ratio Measurement,BODYFATP
C81298,Total Body Length,BODLNGTH;Body Length
C81298,Total Body Length,BODLNGTH;Body Length
C81298,Total Body Length,BODLNGTH;Body Length
C104622,Total Body Water Measurement,TBW;Total Body Water
C104622,Total Body Water Measurement,TBW;Total Body Water
C104622,Total Body Water Measurement,TBW;Total Body Water
C111325,Total Lung Capacity,Lung volume test;TLC;TLUNGCAP;Total lung capacity
C111325,Total Lung Capacity,Lung volume test;TLC;TLUNGCAP;Total lung capacity
C111325,Total Lung Capacity,Lung volume test;TLC;TLUNGCAP;Total lung capacity
C181525,Total Number of Sexual Partners,TSXPARTN
C181525,Total Number of Sexual Partners,TSXPARTN
C64858,Total Protein Measurement,Protein
C64858,Total Protein Measurement,Protein
C64858,Total Protein Measurement,Protein
C64858,Total Protein Measurement,Protein
C64858,Total Protein Measurement,Protein
C122185,Total Respiratory System Resistance,RRS
C122185,Total Respiratory System Resistance,RRS
C122185,Total Respiratory System Resistance,RRS
C17208,Transcription,TRNSCPTN;RNA Expression;Genetic Transcription;Transcriptional
C17208,Transcription,TRNSCPTN;RNA Expression;Genetic Transcription;Transcriptional
C17208,Transcription,TRNSCPTN;RNA Expression;Genetic Transcription;Transcriptional
C17208,Transcription,TRNSCPTN;RNA Expression;Genetic Transcription;Transcriptional
C17208,Transcription,TRNSCPTN;RNA Expression;Genetic Transcription;Transcriptional
C17208,Transcription,TRNSCPTN;RNA Expression;Genetic Transcription;Transcriptional
C17208,Transcription,TRNSCPTN;RNA Expression;Genetic Transcription;Transcriptional
C17208,Transcription,TRNSCPTN;RNA Expression;Genetic Transcription;Transcriptional
C17208,Transcription,TRNSCPTN;RNA Expression;Genetic Transcription;Transcriptional
C17208,Transcription,TRNSCPTN;RNA Expression;Genetic Transcription;Transcriptional
C17208,Transcription,TRNSCPTN;RNA Expression;Genetic Transcription;Transcriptional
C17208,Transcription,TRNSCPTN;RNA Expression;Genetic Transcription;Transcriptional
C17208,Transcription,TRNSCPTN;RNA Expression;Genetic Transcription;Transcriptional
C17208,Transcription,TRNSCPTN;RNA Expression;Genetic Transcription;Transcriptional
C17208,Transcription,TRNSCPTN;RNA Expression;Genetic Transcription;Transcriptional
C15697,Treatment Regimen,regimen or line of therapy;regimen_or_line_of_therapy;regimen;Regimen;Treatment Protocol;Treatment Schedule
C132388,Treponema pallidum Antibody Measurement,TPLAB;Treponema pallidum Antibody;Syphilis Antibody
C132388,Treponema pallidum Antibody Measurement,TPLAB;Treponema pallidum Antibody;Syphilis Antibody
C132388,Treponema pallidum Antibody Measurement,TPLAB;Treponema pallidum Antibody;Syphilis Antibody
C132388,Treponema pallidum Antibody Measurement,TPLAB;Treponema pallidum Antibody;Syphilis Antibody
C132388,Treponema pallidum Antibody Measurement,TPLAB;Treponema pallidum Antibody;Syphilis Antibody
C198341,Treponema pallidum DNA Measurement,TPADNA;Syphilis DNA
C198341,Treponema pallidum DNA Measurement,TPADNA;Syphilis DNA
C198341,Treponema pallidum DNA Measurement,TPADNA;Syphilis DNA
C198341,Treponema pallidum DNA Measurement,TPADNA;Syphilis DNA
C198341,Treponema pallidum DNA Measurement,TPADNA;Syphilis DNA
C184647,Treponema pallidum Measurement,TPA
C184647,Treponema pallidum Measurement,TPA
C184647,Treponema pallidum Measurement,TPA
C184647,Treponema pallidum Measurement,TPA
C184647,Treponema pallidum Measurement,TPA
C49658,Trial Blinding Schema,Study Blinding Design;Study Blinding Schema;Study Masking Design;TBLIND;Trial Blinding Design;Trial Masking Design;Blinding Schema
C49658,Trial Blinding Schema,Study Blinding Design;Study Blinding Schema;Study Masking Design;TBLIND;Trial Blinding Design;Trial Masking Design;Blinding Schema
C49658,Trial Blinding Schema,Study Blinding Design;Study Blinding Schema;Study Masking Design;TBLIND;Trial Blinding Design;Trial Masking Design;Blinding Schema
C49658,Trial Blinding Schema,Study Blinding Design;Study Blinding Schema;Study Masking Design;TBLIND;Trial Blinding Design;Trial Masking Design;Blinding Schema
C49658,Trial Blinding Schema,Study Blinding Design;Study Blinding Schema;Study Masking Design;TBLIND;Trial Blinding Design;Trial Masking Design;Blinding Schema
C49658,Trial Blinding Schema,Study Blinding Design;Study Blinding Schema;Study Masking Design;TBLIND;Trial Blinding Design;Trial Masking Design;Blinding Schema
C127793,Trial Expanded Access Status,Expanded Access Status;EXPASTAT
C127793,Trial Expanded Access Status,Expanded Access Status;EXPASTAT
C127793,Trial Expanded Access Status,Expanded Access Status;EXPASTAT
C127793,Trial Expanded Access Status,Expanded Access Status;EXPASTAT
C163559,Trial Exploratory Objective,exploratory objective;Exploratory Objective;OBJEXP;Study Exploratory Objective
C163559,Trial Exploratory Objective,exploratory objective;Exploratory Objective;OBJEXP;Study Exploratory Objective
C163559,Trial Exploratory Objective,exploratory objective;Exploratory Objective;OBJEXP;Study Exploratory Objective
C112038,Trial Indication,Disease/Condition Indication Description;INDC;INDIC;Indication for Use;Trial Disease/Condition Indication;Trial Disease/Condition Indication Description
C112038,Trial Indication,Disease/Condition Indication Description;INDC;INDIC;Indication for Use;Trial Disease/Condition Indication;Trial Disease/Condition Indication Description
C112038,Trial Indication,Disease/Condition Indication Description;INDC;INDIC;Indication for Use;Trial Disease/Condition Indication;Trial Disease/Condition Indication Description
C112038,Trial Indication,Disease/Condition Indication Description;INDC;INDIC;Indication for Use;Trial Disease/Condition Indication;Trial Disease/Condition Indication Description
C112038,Trial Indication,Disease/Condition Indication Description;INDC;INDIC;Indication for Use;Trial Disease/Condition Indication;Trial Disease/Condition Indication Description
C112038,Trial Indication,Disease/Condition Indication Description;INDC;INDIC;Indication for Use;Trial Disease/Condition Indication;Trial Disease/Condition Indication Description
C49697,Trial Length,LENGTH
C49697,Trial Length,LENGTH
C49697,Trial Length,LENGTH
C49697,Trial Length,LENGTH
C48281,Trial Phase,phase;phase (of clinical development);TPHASE;Trial Phase Classification
C48281,Trial Phase,phase;phase (of clinical development);TPHASE;Trial Phase Classification
C48281,Trial Phase,phase;phase (of clinical development);TPHASE;Trial Phase Classification
C48281,Trial Phase,phase;phase (of clinical development);TPHASE;Trial Phase Classification
C48281,Trial Phase,phase;phase (of clinical development);TPHASE;Trial Phase Classification
C48281,Trial Phase,phase;phase (of clinical development);TPHASE;Trial Phase Classification
C85826,Trial Primary Objective,primary objective;OBJPRIM;Study Primary Objective
C85826,Trial Primary Objective,primary objective;OBJPRIM;Study Primary Objective
C85826,Trial Primary Objective,primary objective;OBJPRIM;Study Primary Objective
C85827,Trial Secondary Objective,secondary objective;OBJSEC;Study Secondary Objective
C85827,Trial Secondary Objective,secondary objective;OBJSEC;Study Secondary Objective
C85827,Trial Secondary Objective,secondary objective;OBJSEC;Study Secondary Objective
C49802,Trial Title,Official Study Title;Study Title;TITLE
C49802,Trial Title,Official Study Title;Study Title;TITLE
C49802,Trial Title,Official Study Title;Study Title;TITLE
C49660,Trial Type,"Trial Scope;TTYPE;Clinical Study by Product, Procedure, or Method Tested"
C49660,Trial Type,"Trial Scope;TTYPE;Clinical Study by Product, Procedure, or Method Tested"
C49660,Trial Type,"Trial Scope;TTYPE;Clinical Study by Product, Procedure, or Method Tested"
C49660,Trial Type,"Trial Scope;TTYPE;Clinical Study by Product, Procedure, or Method Tested"
C49660,Trial Type,"Trial Scope;TTYPE;Clinical Study by Product, Procedure, or Method Tested"
C49660,Trial Type,"Trial Scope;TTYPE;Clinical Study by Product, Procedure, or Method Tested"
C205754,Tribal Affiliation,TRIBAFIL;Tribal Affiliation
C205754,Tribal Affiliation,TRIBAFIL;Tribal Affiliation
C205754,Tribal Affiliation,TRIBAFIL;Tribal Affiliation
C98793,Triceps Skinfold Thickness,TRSKNF
C98793,Triceps Skinfold Thickness,TRSKNF
C98793,Triceps Skinfold Thickness,TRSKNF
C64812,Triglyceride Measurement,TRIG;Triglycerides
C64812,Triglyceride Measurement,TRIG;Triglycerides
C64812,Triglyceride Measurement,TRIG;Triglycerides
C64812,Triglyceride Measurement,TRIG;Triglycerides
C64812,Triglyceride Measurement,TRIG;Triglycerides
C74747,Triiodothyronine Measurement,T3;Total T3
C74747,Triiodothyronine Measurement,T3;Total T3
C74747,Triiodothyronine Measurement,T3;Total T3
C74747,Triiodothyronine Measurement,T3;Total T3
C74747,Triiodothyronine Measurement,T3;Total T3
C74748,Triiodothyronine Uptake Measurement,T3UP;T3U;Triiodothyronine Resin Uptake
C74748,Triiodothyronine Uptake Measurement,T3UP;T3U;Triiodothyronine Resin Uptake
C74748,Triiodothyronine Uptake Measurement,T3UP;T3U;Triiodothyronine Resin Uptake
C74748,Triiodothyronine Uptake Measurement,T3UP;T3U;Triiodothyronine Resin Uptake
C74748,Triiodothyronine Uptake Measurement,T3UP;T3U;Triiodothyronine Resin Uptake
C71428,Triple-Negative Breast Cancer Finding,ER-Negative PR-Negative ERBB2-Negative;ER-negative PR-negative HER2/neu-negative;ER/PR/HER2 Negative;ESR1/PGR/ERBB2 Negative Finding;TNBC;Triple Negative Breast Cancer Result
C71428,Triple-Negative Breast Cancer Finding,ER-Negative PR-Negative ERBB2-Negative;ER-negative PR-negative HER2/neu-negative;ER/PR/HER2 Negative;ESR1/PGR/ERBB2 Negative Finding;TNBC;Triple Negative Breast Cancer Result
C71428,Triple-Negative Breast Cancer Finding,ER-Negative PR-Negative ERBB2-Negative;ER-negative PR-negative HER2/neu-negative;ER/PR/HER2 Negative;ESR1/PGR/ERBB2 Negative Finding;TNBC;Triple Negative Breast Cancer Result
C71428,Triple-Negative Breast Cancer Finding,ER-Negative PR-Negative ERBB2-Negative;ER-negative PR-negative HER2/neu-negative;ER/PR/HER2 Negative;ESR1/PGR/ERBB2 Negative Finding;TNBC;Triple Negative Breast Cancer Result
C71428,Triple-Negative Breast Cancer Finding,ER-Negative PR-Negative ERBB2-Negative;ER-negative PR-negative HER2/neu-negative;ER/PR/HER2 Negative;ESR1/PGR/ERBB2 Negative Finding;TNBC;Triple Negative Breast Cancer Result
C71428,Triple-Negative Breast Cancer Finding,ER-Negative PR-Negative ERBB2-Negative;ER-negative PR-negative HER2/neu-negative;ER/PR/HER2 Negative;ESR1/PGR/ERBB2 Negative Finding;TNBC;Triple Negative Breast Cancer Result
C71428,Triple-Negative Breast Cancer Finding,ER-Negative PR-Negative ERBB2-Negative;ER-negative PR-negative HER2/neu-negative;ER/PR/HER2 Negative;ESR1/PGR/ERBB2 Negative Finding;TNBC;Triple Negative Breast Cancer Result
C74749,Troponin I Measurement,TROPONI
C74749,Troponin I Measurement,TROPONI
C74749,Troponin I Measurement,TROPONI
C74749,Troponin I Measurement,TROPONI
C74749,Troponin I Measurement,TROPONI
C111327,Troponin Measurement,Troponin
C90479,Tumor Examination,TUMEX
C96642,Tumor Fragmentation,Tumor Split;Tumor Mass Fragmentation
C96642,Tumor Fragmentation,Tumor Split;Tumor Mass Fragmentation
C96642,Tumor Fragmentation,Tumor Split;Tumor Mass Fragmentation
C96642,Tumor Fragmentation,Tumor Split;Tumor Mass Fragmentation
C96642,Tumor Fragmentation,Tumor Split;Tumor Mass Fragmentation
C96642,Tumor Fragmentation,Tumor Split;Tumor Mass Fragmentation
C96642,Tumor Fragmentation,Tumor Split;Tumor Mass Fragmentation
C96642,Tumor Fragmentation,Tumor Split;Tumor Mass Fragmentation
C96642,Tumor Fragmentation,Tumor Split;Tumor Mass Fragmentation
C96642,Tumor Fragmentation,Tumor Split;Tumor Mass Fragmentation
C225438,Tumor Fragmentation Assessment,TUSPLIT;Tumor Split
C225438,Tumor Fragmentation Assessment,TUSPLIT;Tumor Split
C225438,Tumor Fragmentation Assessment,TUSPLIT;Tumor Split
C225438,Tumor Fragmentation Assessment,TUSPLIT;Tumor Split
C225438,Tumor Fragmentation Assessment,TUSPLIT;Tumor Split
C225438,Tumor Fragmentation Assessment,TUSPLIT;Tumor Split
C225438,Tumor Fragmentation Assessment,TUSPLIT;Tumor Split
C225438,Tumor Fragmentation Assessment,TUSPLIT;Tumor Split
C225438,Tumor Fragmentation Assessment,TUSPLIT;Tumor Split
C225438,Tumor Fragmentation Assessment,TUSPLIT;Tumor Split
C94523,Tumor Identification,TUMIDENT
C94523,Tumor Identification,TUMIDENT
C94523,Tumor Identification,TUMIDENT
C94523,Tumor Identification,TUMIDENT
C94523,Tumor Identification,TUMIDENT
C94523,Tumor Identification,TUMIDENT
C94523,Tumor Identification,TUMIDENT
C94523,Tumor Identification,TUMIDENT
C94523,Tumor Identification,TUMIDENT
C94523,Tumor Identification,TUMIDENT
C181335,Tumor Mutation Burden Assessment,TMB;Tumor Mutational Burden;Tumor Mutation Burden
C181335,Tumor Mutation Burden Assessment,TMB;Tumor Mutational Burden;Tumor Mutation Burden
C181335,Tumor Mutation Burden Assessment,TMB;Tumor Mutational Burden;Tumor Mutation Burden
C181335,Tumor Mutation Burden Assessment,TMB;Tumor Mutational Burden;Tumor Mutation Burden
C181335,Tumor Mutation Burden Assessment,TMB;Tumor Mutational Burden;Tumor Mutation Burden
C181335,Tumor Mutation Burden Assessment,TMB;Tumor Mutational Burden;Tumor Mutation Burden
C181335,Tumor Mutation Burden Assessment,TMB;Tumor Mutational Burden;Tumor Mutation Burden
C181335,Tumor Mutation Burden Assessment,TMB;Tumor Mutational Burden;Tumor Mutation Burden
C181335,Tumor Mutation Burden Assessment,TMB;Tumor Mutational Burden;Tumor Mutation Burden
C181335,Tumor Mutation Burden Assessment,TMB;Tumor Mutational Burden;Tumor Mutation Burden
C181335,Tumor Mutation Burden Assessment,TMB;Tumor Mutational Burden;Tumor Mutation Burden
C96643,Tumor Status,TUMSTATE;Tumor State
C96643,Tumor Status,TUMSTATE;Tumor State
C96643,Tumor Status,TUMSTATE;Tumor State
C96643,Tumor Status,TUMSTATE;Tumor State
C96643,Tumor Status,TUMSTATE;Tumor State
C96643,Tumor Status,TUMSTATE;Tumor State
C96643,Tumor Status,TUMSTATE;Tumor State
C96643,Tumor Status,TUMSTATE;Tumor State
C96643,Tumor Status,TUMSTATE;Tumor State
C112424,Twin Type,TWINTYP;Twin Type
C112424,Twin Type,TWINTYP;Twin Type
C112424,Twin Type,TWINTYP;Twin Type
C25284,Type,Kind
C102723,Type of Contagion Contact,TYPCON;Type of Contact;Type of Contagion Contact
C102723,Type of Contagion Contact,TYPCON;Type of Contact;Type of Contagion Contact
C102723,Type of Contagion Contact,TYPCON;Type of Contact;Type of Contagion Contact
C204581,US FDA Tobacco Product Applicant,APPLCNT;Applicant;Applicant Organization;Applicant Organization Name
C204581,US FDA Tobacco Product Applicant,APPLCNT;Applicant;Applicant Organization;Applicant Organization Name
C204581,US FDA Tobacco Product Applicant,APPLCNT;Applicant;Applicant Organization;Applicant Organization Name
C204581,US FDA Tobacco Product Applicant,APPLCNT;Applicant;Applicant Organization;Applicant Organization Name
C204581,US FDA Tobacco Product Applicant,APPLCNT;Applicant;Applicant Organization;Applicant Organization Name
C154881,Ulcer Indicator,ULCERIND;Ulceration Indicator
C154881,Ulcer Indicator,ULCERIND;Ulceration Indicator
C154881,Ulcer Indicator,ULCERIND;Ulceration Indicator
C154881,Ulcer Indicator,ULCERIND;Ulceration Indicator
C174376,Ulnar Length,ULNARL
C174376,Ulnar Length,ULNARL
C174376,Ulnar Length,ULNARL
C17230,Ultrasound Imaging,Ultrasonography;2-Dimensional Ultrasound Imaging;Ultrasound;Ultrasound Test;US
C17230,Ultrasound Imaging,Ultrasonography;2-Dimensional Ultrasound Imaging;Ultrasound;Ultrasound Test;US
C17230,Ultrasound Imaging,Ultrasonography;2-Dimensional Ultrasound Imaging;Ultrasound;Ultrasound Test;US
C17230,Ultrasound Imaging,Ultrasonography;2-Dimensional Ultrasound Imaging;Ultrasound;Ultrasound Test;US
C17230,Ultrasound Imaging,Ultrasonography;2-Dimensional Ultrasound Imaging;Ultrasound;Ultrasound Test;US
C17230,Ultrasound Imaging,Ultrasonography;2-Dimensional Ultrasound Imaging;Ultrasound;Ultrasound Test;US
C17230,Ultrasound Imaging,Ultrasonography;2-Dimensional Ultrasound Imaging;Ultrasound;Ultrasound Test;US
C17230,Ultrasound Imaging,Ultrasonography;2-Dimensional Ultrasound Imaging;Ultrasound;Ultrasound Test;US
C17230,Ultrasound Imaging,Ultrasonography;2-Dimensional Ultrasound Imaging;Ultrasound;Ultrasound Test;US
C17230,Ultrasound Imaging,Ultrasonography;2-Dimensional Ultrasound Imaging;Ultrasound;Ultrasound Test;US
C17230,Ultrasound Imaging,Ultrasonography;2-Dimensional Ultrasound Imaging;Ultrasound;Ultrasound Test;US
C142742,Unblinding,Unblinded;Unmasking
C142742,Unblinding,Unblinded;Unmasking
C142742,Unblinding,Unblinded;Unmasking
C142742,Unblinding,Unblinded;Unmasking
C142742,Unblinding,Unblinded;Unmasking
C209694,Unhoused Indicator,UHOUSIND;Homeless Indicator;Unhoused Indicator
C209694,Unhoused Indicator,UHOUSIND;Homeless Indicator;Unhoused Indicator
C209694,Unhoused Indicator,UHOUSIND;Homeless Indicator;Unhoused Indicator
C42743,Uniform Resource Locator,uniform resource locator (URL);URL
C70663,Unique Identifier,uuid;UI;UID
C179176,Unsolicited Adverse Event,Adverse Event
C179176,Unsolicited Adverse Event,Adverse Event
C179176,Unsolicited Adverse Event,Adverse Event
C179176,Unsolicited Adverse Event,Adverse Event
C179176,Unsolicited Adverse Event,Adverse Event
C179176,Unsolicited Adverse Event,Adverse Event
C179176,Unsolicited Adverse Event,Adverse Event
C179176,Unsolicited Adverse Event,Adverse Event
C179176,Unsolicited Adverse Event,Adverse Event
C179176,Unsolicited Adverse Event,Adverse Event
C179176,Unsolicited Adverse Event,Adverse Event
C179176,Unsolicited Adverse Event,Adverse Event
C179176,Unsolicited Adverse Event,Adverse Event
C179176,Unsolicited Adverse Event,Adverse Event
C179176,Unsolicited Adverse Event,Adverse Event
C179176,Unsolicited Adverse Event,Adverse Event
C179176,Unsolicited Adverse Event,Adverse Event
C179176,Unsolicited Adverse Event,Adverse Event
C179176,Unsolicited Adverse Event,Adverse Event
C179176,Unsolicited Adverse Event,Adverse Event
C179176,Unsolicited Adverse Event,Adverse Event
C179176,Unsolicited Adverse Event,Adverse Event
C179176,Unsolicited Adverse Event,Adverse Event
C179176,Unsolicited Adverse Event,Adverse Event
C179176,Unsolicited Adverse Event,Adverse Event
C64814,Urate Measurement,Urate;Uric Acid
C64814,Urate Measurement,Urate;Uric Acid
C64814,Urate Measurement,Urate;Uric Acid
C64814,Urate Measurement,Urate;Uric Acid
C64814,Urate Measurement,Urate;Uric Acid
C125949,Urea Nitrogen Measurement,Urea Nitrogen
C125949,Urea Nitrogen Measurement,Urea Nitrogen
C125949,Urea Nitrogen Measurement,Urea Nitrogen
C125949,Urea Nitrogen Measurement,Urea Nitrogen
C125949,Urea Nitrogen Measurement,Urea Nitrogen
C17241,Urinalysis,Urine Test;UA
C198401,Urinary System Examination,UREXAM;Urinary System Examination
C198401,Urinary System Examination,UREXAM;Urinary System Examination
C198401,Urinary System Examination,UREXAM;Urinary System Examination
C198401,Urinary System Examination,UREXAM;Urinary System Examination
C198401,Urinary System Examination,UREXAM;Urinary System Examination
C147905,Urine Dipstick Test,Urine Test Strip
NEW_1,Urine Glucose Test Strip Measurement [RETIRED],Urine Glucose Dipstick
NEW_1,Urine Glucose Test Strip Measurement [RETIRED],Urine Glucose Dipstick
NEW_1,Urine Glucose Test Strip Measurement [RETIRED],Urine Glucose Dipstick
NEW_1,Urine Glucose Test Strip Measurement [RETIRED],Urine Glucose Dipstick
C64816,Urobilinogen Measurement,Urobilinogen;UROBIL
C64816,Urobilinogen Measurement,Urobilinogen;UROBIL
C64816,Urobilinogen Measurement,Urobilinogen;UROBIL
C64816,Urobilinogen Measurement,Urobilinogen;UROBIL
C64816,Urobilinogen Measurement,Urobilinogen;UROBIL
C176359,Vaginal Bleeding and/or Spotting Frequency Description,VBSFRQD;Vaginal Bleeding/Spotting Freq Desc;Vaginal Bleeding/Spotting Frequency Description
C176359,Vaginal Bleeding and/or Spotting Frequency Description,VBSFRQD;Vaginal Bleeding/Spotting Freq Desc;Vaginal Bleeding/Spotting Frequency Description
C189440,Variable Number Tandem Repeats Assessment,VNTR;Tandem Repeat Variation;Variable Nucleotide Tandem Repeats;Variable Number Tandem Repeats
C189440,Variable Number Tandem Repeats Assessment,VNTR;Tandem Repeat Variation;Variable Nucleotide Tandem Repeats;Variable Number Tandem Repeats
C189440,Variable Number Tandem Repeats Assessment,VNTR;Tandem Repeat Variation;Variable Nucleotide Tandem Repeats;Variable Number Tandem Repeats
C189440,Variable Number Tandem Repeats Assessment,VNTR;Tandem Repeat Variation;Variable Nucleotide Tandem Repeats;Variable Number Tandem Repeats
C189440,Variable Number Tandem Repeats Assessment,VNTR;Tandem Repeat Variation;Variable Nucleotide Tandem Repeats;Variable Number Tandem Repeats
C189440,Variable Number Tandem Repeats Assessment,VNTR;Tandem Repeat Variation;Variable Nucleotide Tandem Repeats;Variable Number Tandem Repeats
C189440,Variable Number Tandem Repeats Assessment,VNTR;Tandem Repeat Variation;Variable Nucleotide Tandem Repeats;Variable Number Tandem Repeats
C189440,Variable Number Tandem Repeats Assessment,VNTR;Tandem Repeat Variation;Variable Nucleotide Tandem Repeats;Variable Number Tandem Repeats
C189440,Variable Number Tandem Repeats Assessment,VNTR;Tandem Repeat Variation;Variable Nucleotide Tandem Repeats;Variable Number Tandem Repeats
C189440,Variable Number Tandem Repeats Assessment,VNTR;Tandem Repeat Variation;Variable Nucleotide Tandem Repeats;Variable Number Tandem Repeats
C189440,Variable Number Tandem Repeats Assessment,VNTR;Tandem Repeat Variation;Variable Nucleotide Tandem Repeats;Variable Number Tandem Repeats
C189440,Variable Number Tandem Repeats Assessment,VNTR;Tandem Repeat Variation;Variable Nucleotide Tandem Repeats;Variable Number Tandem Repeats
C189440,Variable Number Tandem Repeats Assessment,VNTR;Tandem Repeat Variation;Variable Nucleotide Tandem Repeats;Variable Number Tandem Repeats
C189440,Variable Number Tandem Repeats Assessment,VNTR;Tandem Repeat Variation;Variable Nucleotide Tandem Repeats;Variable Number Tandem Repeats
C189440,Variable Number Tandem Repeats Assessment,VNTR;Tandem Repeat Variation;Variable Nucleotide Tandem Repeats;Variable Number Tandem Repeats
C189440,Variable Number Tandem Repeats Assessment,VNTR;Tandem Repeat Variation;Variable Nucleotide Tandem Repeats;Variable Number Tandem Repeats
C189440,Variable Number Tandem Repeats Assessment,VNTR;Tandem Repeat Variation;Variable Nucleotide Tandem Repeats;Variable Number Tandem Repeats
C189440,Variable Number Tandem Repeats Assessment,VNTR;Tandem Repeat Variation;Variable Nucleotide Tandem Repeats;Variable Number Tandem Repeats
C189441,Variant Profile Assessment,VARPROF;Variant Profile
C189441,Variant Profile Assessment,VARPROF;Variant Profile
C189441,Variant Profile Assessment,VARPROF;Variant Profile
C189441,Variant Profile Assessment,VARPROF;Variant Profile
C189441,Variant Profile Assessment,VARPROF;Variant Profile
C189441,Variant Profile Assessment,VARPROF;Variant Profile
C189441,Variant Profile Assessment,VARPROF;Variant Profile
C189441,Variant Profile Assessment,VARPROF;Variant Profile
C189441,Variant Profile Assessment,VARPROF;Variant Profile
C189441,Variant Profile Assessment,VARPROF;Variant Profile
C189441,Variant Profile Assessment,VARPROF;Variant Profile
C111330,Ventricular Arrhythmia ECG Assessment,VTARRY;Ventricular Arrhythmias
C111330,Ventricular Arrhythmia ECG Assessment,VTARRY;Ventricular Arrhythmias
C111330,Ventricular Arrhythmia ECG Assessment,VTARRY;Ventricular Arrhythmias
C111330,Ventricular Arrhythmia ECG Assessment,VTARRY;Ventricular Arrhythmias
C111330,Ventricular Arrhythmia ECG Assessment,VTARRY;Ventricular Arrhythmias
C111330,Ventricular Arrhythmia ECG Assessment,VTARRY;Ventricular Arrhythmias
C111330,Ventricular Arrhythmia ECG Assessment,VTARRY;Ventricular Arrhythmias
C111331,Ventricular Tachyarrhythmia ECG Assessment,VTTARRY;Ventricular Tachyarrhythmias
C111331,Ventricular Tachyarrhythmia ECG Assessment,VTTARRY;Ventricular Tachyarrhythmias
C111331,Ventricular Tachyarrhythmia ECG Assessment,VTTARRY;Ventricular Tachyarrhythmias
C111331,Ventricular Tachyarrhythmia ECG Assessment,VTTARRY;Ventricular Tachyarrhythmias
C111331,Ventricular Tachyarrhythmia ECG Assessment,VTTARRY;Ventricular Tachyarrhythmias
C111331,Ventricular Tachyarrhythmia ECG Assessment,VTTARRY;Ventricular Tachyarrhythmias
C111331,Ventricular Tachyarrhythmia ECG Assessment,VTTARRY;Ventricular Tachyarrhythmias
C25714,Version,VERS;Versioned
C105589,Very Low Density Lipoprotein Cholesterol Measurement,VLDL;VLDL Cholesterol
C105589,Very Low Density Lipoprotein Cholesterol Measurement,VLDL;VLDL Cholesterol
C105589,Very Low Density Lipoprotein Cholesterol Measurement,VLDL;VLDL Cholesterol
C105589,Very Low Density Lipoprotein Cholesterol Measurement,VLDL;VLDL Cholesterol
C105589,Very Low Density Lipoprotein Cholesterol Measurement,VLDL;VLDL Cholesterol
C176364,Village of Permanent Address,VILLPAD;Village of Permanent Address
C176364,Village of Permanent Address,VILLPAD;Village of Permanent Address
C176364,Village of Permanent Address,VILLPAD;Village of Permanent Address
C210012,Virus-Based Immunology Test,Virus Immunoassay
C49672,Vital Signs Measurement,Vital Signs;VS
C64817,Vitamin B12 Measurement,Cobalamin;Vitamin B12;VITB12
C64817,Vitamin B12 Measurement,Cobalamin;Vitamin B12;VITB12
C64817,Vitamin B12 Measurement,Cobalamin;Vitamin B12;VITB12
C64817,Vitamin B12 Measurement,Cobalamin;Vitamin B12;VITB12
C64817,Vitamin B12 Measurement,Cobalamin;Vitamin B12;VITB12
C25335,Volume,Vol;Total Volume
C74720,Volume Measurement,VOL;VOLUME;Volume
C100948,Waist Circumference,WSTCIR
C100948,Waist Circumference,WSTCIR
C100948,Waist Circumference,WSTCIR
C100948,Waist Circumference,WSTCIR
C181552,Waist to Heel Length,WASTHEEL
C181552,Waist to Heel Length,WASTHEEL
C181552,Waist to Heel Length,WASTHEEL
C17651,Waist-Hip Ratio,Waist to Hip Ratio;WAISTHIP
C17651,Waist-Hip Ratio,Waist to Hip Ratio;WAISTHIP
C17651,Waist-Hip Ratio,Waist to Hip Ratio;WAISTHIP
C163569,Weight-for-Age Percentile,WTAPCTL
C163569,Weight-for-Age Percentile,WTAPCTL
C163570,Weight-for-Height Percentile,WTHTPCTL
C163570,Weight-for-Height Percentile,WTHTPCTL
C130186,Wheal Diameter Interpretation,WHLINT
C130186,Wheal Diameter Interpretation,WHLINT
C130186,Wheal Diameter Interpretation,WHLINT
C130186,Wheal Diameter Interpretation,WHLINT
C130186,Wheal Diameter Interpretation,WHLINT
C130186,Wheal Diameter Interpretation,WHLINT
C112427,Wheal Longest Diameter,WHLLDIAM
C112427,Wheal Longest Diameter,WHLLDIAM
C112427,Wheal Longest Diameter,WHLLDIAM
C112427,Wheal Longest Diameter,WHLLDIAM
C112427,Wheal Longest Diameter,WHLLDIAM
C112427,Wheal Longest Diameter,WHLLDIAM
C112427,Wheal Longest Diameter,WHLLDIAM
C112428,Wheal Mean Diameter,WHLMDIAM
C112428,Wheal Mean Diameter,WHLMDIAM
C112428,Wheal Mean Diameter,WHLMDIAM
C112428,Wheal Mean Diameter,WHLMDIAM
C112428,Wheal Mean Diameter,WHLMDIAM
C112428,Wheal Mean Diameter,WHLMDIAM
C112428,Wheal Mean Diameter,WHLMDIAM
C112429,Wheal Size Measurement,WHEALSZ
C112429,Wheal Size Measurement,WHEALSZ
C112429,Wheal Size Measurement,WHEALSZ
C112429,Wheal Size Measurement,WHEALSZ
C112429,Wheal Size Measurement,WHEALSZ
C112429,Wheal Size Measurement,WHEALSZ
C38101,X-Ray Imaging,Conventional X-Ray;Medical Imaging;X-Ray;Static X-Ray
C38101,X-Ray Imaging,Conventional X-Ray;Medical Imaging;X-Ray;Static X-Ray
C38101,X-Ray Imaging,Conventional X-Ray;Medical Imaging;X-Ray;Static X-Ray
C38101,X-Ray Imaging,Conventional X-Ray;Medical Imaging;X-Ray;Static X-Ray
C38101,X-Ray Imaging,Conventional X-Ray;Medical Imaging;X-Ray;Static X-Ray
C38101,X-Ray Imaging,Conventional X-Ray;Medical Imaging;X-Ray;Static X-Ray
C38101,X-Ray Imaging,Conventional X-Ray;Medical Imaging;X-Ray;Static X-Ray
C38101,X-Ray Imaging,Conventional X-Ray;Medical Imaging;X-Ray;Static X-Ray
C38101,X-Ray Imaging,Conventional X-Ray;Medical Imaging;X-Ray;Static X-Ray
C38101,X-Ray Imaging,Conventional X-Ray;Medical Imaging;X-Ray;Static X-Ray
C38101,X-Ray Imaging,Conventional X-Ray;Medical Imaging;X-Ray;Static X-Ray
C45997,pH,PH;potential of Hydrogen
C45997,pH,PH;potential of Hydrogen
C45997,pH,PH;potential of Hydrogen
C45997,pH,PH;potential of Hydrogen
